domain,category,archive_member,filename,size_bytes,sha256
product_images,power strip,Adaptiope/product_images/power strip/power strip_026.jpg,power strip_026.jpg,31095,b6bc58f327c93884b9bb2463b806c1f013c89becfa60ab1ebee303dad320a785
product_images,power strip,Adaptiope/product_images/power strip/power strip_084.jpg,power strip_084.jpg,85216,7cd0342b6af0e0c9710b5ee293331d77549f6424b10e79fcbb6fe753a9bb4fdb
product_images,power strip,Adaptiope/product_images/power strip/power strip_062.jpg,power strip_062.jpg,19875,7e53cadcaf358a1c6992cd988ef89fc09ff3b09a7b5396cdfe7b50e6457e4bae
product_images,power strip,Adaptiope/product_images/power strip/power strip_086.jpg,power strip_086.jpg,88242,f46de94f8ae2056970017e5a48713466316ade82b23f30927489bad96c34e435
product_images,power strip,Adaptiope/product_images/power strip/power strip_050.jpg,power strip_050.jpg,177295,7ac2dd63fc47c475fb215e41efab3f14e4af7368c8003d855ebdbd4216be69ed
product_images,power strip,Adaptiope/product_images/power strip/power strip_007.jpg,power strip_007.jpg,173448,e039bb779fe3f93bcb0dbf65e5e84497ca34e0d7ac1a512d6a4290a563628c0c
product_images,power strip,Adaptiope/product_images/power strip/power strip_035.jpg,power strip_035.jpg,33235,f654b085f3cf27bc6d05285bfe4f9cddc09c998eb0e89821f4075029e638fc6a
product_images,power strip,Adaptiope/product_images/power strip/power strip_008.jpg,power strip_008.jpg,51601,ba1b4267fbacb1314ad694e3aa2cd1c96ebe9d2b468e59ef2e229717bcae6ae4
product_images,power strip,Adaptiope/product_images/power strip/power strip_054.jpg,power strip_054.jpg,178796,f49799122b923db40460568c9f730bed92ed916c5f519a9988b54961589dd9d8
product_images,power strip,Adaptiope/product_images/power strip/power strip_042.jpg,power strip_042.jpg,29697,234fd48edc02765afad0940fde41d2e01ad64dbf32305d6314dc9b6e39a2c087
product_images,power strip,Adaptiope/product_images/power strip/power strip_094.jpg,power strip_094.jpg,18322,b9359fe4f03a3c0d8479c64cba133fc92912065084f3c4aff1b4162eb4f91681
product_images,power strip,Adaptiope/product_images/power strip/power strip_065.jpg,power strip_065.jpg,61161,e3f26434d21c58f368a1d8fc945acdf88f95079f79ae3f8221bec7bac5b9507c
product_images,power strip,Adaptiope/product_images/power strip/power strip_021.jpg,power strip_021.jpg,91861,9ebfe351a586d167ba0fbd3b927449b3b401174b000f0fd91dc6f15089a68d48
product_images,power strip,Adaptiope/product_images/power strip/power strip_083.jpg,power strip_083.jpg,20761,5e8abd55e1d2c88aa74549231ddfee0e4a76a52e1c0bca1464a5ffe71d0e7daf
product_images,power strip,Adaptiope/product_images/power strip/power strip_076.jpg,power strip_076.jpg,15822,812ce79dcbf6eeaae45d930a08910191c05c2a1caa96142e8162af883ba1ecce
product_images,power strip,Adaptiope/product_images/power strip/power strip_024.jpg,power strip_024.jpg,36384,8afaf4cb5446be1bc39d75f6e04b5f6e88000125919ff401bd3c9d49ea6bfe0e
product_images,power strip,Adaptiope/product_images/power strip/power strip_040.jpg,power strip_040.jpg,54301,3b4cac7ea4dee5f717d660f3e4295c8c35162c2a75ed4beff507102987328f4e
product_images,power strip,Adaptiope/product_images/power strip/power strip_075.jpg,power strip_075.jpg,13179,737a260f55caa288bb81cab263c6d539923fd5e9d1a5cd555c53ec6b37a93b39
product_images,power strip,Adaptiope/product_images/power strip/power strip_073.jpg,power strip_073.jpg,143414,0c3f03af2d7dc8d8a2e7bbc8229572ec5287a10bff71236cc493e1767c986415
product_images,power strip,Adaptiope/product_images/power strip/power strip_090.jpg,power strip_090.jpg,30026,bed147841fc638afd5198af000b144949091909040c8e28d2e86a1d4e26190e1
product_images,power strip,Adaptiope/product_images/power strip/power strip_091.jpg,power strip_091.jpg,74021,b181f83d2ddb1e86ef19abbc82a1142b170040c0da13ada536e927b53addc8e2
product_images,power strip,Adaptiope/product_images/power strip/power strip_039.jpg,power strip_039.jpg,151113,9ccefa30ae75f47f17add47220d1de9576a7f16fe62ecf4ddb88f409da4e11cc
product_images,power strip,Adaptiope/product_images/power strip/power strip_043.jpg,power strip_043.jpg,33242,ade7292a028d73f35a417419fa89f7be668b0017ed2ea329423a3ec77e8bd6b9
product_images,power strip,Adaptiope/product_images/power strip/power strip_003.jpg,power strip_003.jpg,21111,26d2409f5dd08b577d459ed0b3c8c30778c69183c28db72237ade85670c3051b
product_images,power strip,Adaptiope/product_images/power strip/power strip_036.jpg,power strip_036.jpg,17968,c163bef786965bf6713afa0717bfff42197c0c1d83d5b0f587c742898ddab982
product_images,power strip,Adaptiope/product_images/power strip/power strip_034.jpg,power strip_034.jpg,107280,8bcdfb332d08ad3b1b9cac8ab96ecf5432d03afc4ae1a07e83810a20955e8369
product_images,power strip,Adaptiope/product_images/power strip/power strip_046.jpg,power strip_046.jpg,44156,f11c8b9aae8af2dd9a02893281a3da3407b03d07323c6b68043bcdfc6a1853f3
product_images,power strip,Adaptiope/product_images/power strip/power strip_069.jpg,power strip_069.jpg,120047,13dd49c8c1d79771864a5ae4c06e40b81e59db31723d0c62311e8deb182f2b3f
product_images,power strip,Adaptiope/product_images/power strip/power strip_088.jpg,power strip_088.jpg,63702,66aece6c2e9914b47274dabbdc49e600bb630304019570ac7917847eeb1ad9ff
product_images,power strip,Adaptiope/product_images/power strip/power strip_013.jpg,power strip_013.jpg,39249,b4a84ab24d3cdd54c8b7ba7bc3255cda23349633cc6b0f2bbaff1991f3b685e2
product_images,power strip,Adaptiope/product_images/power strip/power strip_068.jpg,power strip_068.jpg,46215,acf47346d3f2a158c4d17667aee447515fcc6728d0f7f7ed040e4b410d1a172b
product_images,power strip,Adaptiope/product_images/power strip/power strip_089.jpg,power strip_089.jpg,61831,1de041e832810101943be65bc8915aede47174d9f440aa94771e523607322ac6
product_images,power strip,Adaptiope/product_images/power strip/power strip_063.jpg,power strip_063.jpg,96205,1d829dc460ec820f5f0795a84dd4c52aff8dd9e13aefb139cbd3fb12952899fa
product_images,power strip,Adaptiope/product_images/power strip/power strip_045.jpg,power strip_045.jpg,63106,8f0a269f6e5887ac254005012b53278e9ebee9fb6c9bc2b3b10e85039046c901
product_images,power strip,Adaptiope/product_images/power strip/power strip_015.jpg,power strip_015.jpg,201002,081ffcbc7d9f40032ad08031bcbc71565b733a566a7c19497c940f6ef44dffb0
product_images,power strip,Adaptiope/product_images/power strip/power strip_080.jpg,power strip_080.jpg,72803,5b88424c5c34b25394cffb590d11ce11835441a288560aa65c1b406771eacc22
product_images,power strip,Adaptiope/product_images/power strip/power strip_079.jpg,power strip_079.jpg,59654,42dd6286138094e648ac429fbb0acaf27a84f7edd8cb14d09c51126c21aa5819
product_images,power strip,Adaptiope/product_images/power strip/power strip_041.jpg,power strip_041.jpg,70391,8edffaf63967527f7f918776573af426f863f60567af5d1e9baef644d850d85e
product_images,power strip,Adaptiope/product_images/power strip/power strip_064.jpg,power strip_064.jpg,74300,8f9e3fd930dfbc650f27997f48fdb31cd733d2bede929297e2e34f550b286d48
product_images,power strip,Adaptiope/product_images/power strip/power strip_016.jpg,power strip_016.jpg,65202,7dd2946a3f320e572252b4254fd471ba648361bad94b7e512904fc75656018a2
product_images,power strip,Adaptiope/product_images/power strip/power strip_000.jpg,power strip_000.jpg,108833,6dd0c6a1e5fd04050ba3de8709d7a6db9dff486a5b2f3174dfae1619964fddaa
product_images,power strip,Adaptiope/product_images/power strip/power strip_022.jpg,power strip_022.jpg,77884,b9cd039b5aaf5742cbcd054fe6a1e952eb3271aa000398315c2a51a48f720fa7
product_images,power strip,Adaptiope/product_images/power strip/power strip_037.jpg,power strip_037.jpg,57408,f180159168cb288eebf46e47ef625f7b79a0348e8f6393f28d8288906056c649
product_images,power strip,Adaptiope/product_images/power strip/power strip_095.jpg,power strip_095.jpg,41188,cca0b566b9f9cafab0f8d2e1ded31f0413f95d862098aa1e7413ba91977a259e
product_images,power strip,Adaptiope/product_images/power strip/power strip_093.jpg,power strip_093.jpg,82944,82282e1cba3ab511f44468fff58c570497cf5aeb5a94ede31c6d0949598d6cfb
product_images,power strip,Adaptiope/product_images/power strip/power strip_047.jpg,power strip_047.jpg,169539,a5419d74627257708063836246743577f8f5dc7d71ca93f9cf83f3efff793089
product_images,power strip,Adaptiope/product_images/power strip/power strip_002.jpg,power strip_002.jpg,125665,1869d98f9e7b221c60af043b0f4160d0ebf4ef53f6dc7efc2d07e2de72d28033
product_images,power strip,Adaptiope/product_images/power strip/power strip_010.jpg,power strip_010.jpg,72181,a93cfaca43c414077c3642c098b1829e30c2de4955467eb3886c35da623760e0
product_images,power strip,Adaptiope/product_images/power strip/power strip_072.jpg,power strip_072.jpg,72875,23e04048b92e9492a8878b212de9d7037af4c4c71784b0d8c3c985f618c285b1
product_images,power strip,Adaptiope/product_images/power strip/power strip_038.jpg,power strip_038.jpg,125345,85bdb8dd3f07bf33ed542396365d14d22e36aa046fb9ba017ceacdd615373814
product_images,power strip,Adaptiope/product_images/power strip/power strip_032.jpg,power strip_032.jpg,28308,54fa23e6d78931348913c67b0655e8a2aebe230f5e79f4f32205071afdced687
product_images,power strip,Adaptiope/product_images/power strip/power strip_031.jpg,power strip_031.jpg,62423,255d1beeb071efcebe213c9248a5c6df4c22116dde2af4ed1afade274567adaa
product_images,power strip,Adaptiope/product_images/power strip/power strip_004.jpg,power strip_004.jpg,67386,bc0eb0802c801d514a294e3b3584afc4c0bf6594f6ecfee809f6c7bfc443cb26
product_images,power strip,Adaptiope/product_images/power strip/power strip_048.jpg,power strip_048.jpg,68367,c7a13e880fcaebe917c93666ed3bbc713e0bcf8f58099f332c16e94b8e33bfcf
product_images,power strip,Adaptiope/product_images/power strip/power strip_025.jpg,power strip_025.jpg,57254,f27384b73676d4ef3577fbcabaa17eedbf118832888bd91e78ab58315fc86520
product_images,power strip,Adaptiope/product_images/power strip/power strip_014.jpg,power strip_014.jpg,17874,9b63ea2a05fa5455fef12c454499b4058c782302f4fa4d73134497b1508e4612
product_images,power strip,Adaptiope/product_images/power strip/power strip_052.jpg,power strip_052.jpg,22931,fa1b7e85edd4f97357357d46b2f2d86295120f653f42c26a65dfbf8d4225488b
product_images,power strip,Adaptiope/product_images/power strip/power strip_077.jpg,power strip_077.jpg,101629,0a0c052af578dafee8f7cb779849716cdcb20d4c5c096ed97e3af663aff01dcb
product_images,power strip,Adaptiope/product_images/power strip/power strip_085.jpg,power strip_085.jpg,156296,55ec6fdf441a298130a40856a51a000eacf375f45a2a7f507d00b3ce57d62f28
product_images,power strip,Adaptiope/product_images/power strip/power strip_020.jpg,power strip_020.jpg,42608,40673501aec7b51ddbad950e6dc3b6b8d447ba685ca7e42e7144c02b2599f293
product_images,power strip,Adaptiope/product_images/power strip/power strip_070.jpg,power strip_070.jpg,82993,804dd821bbabb3f321b9d6ad65518396829aae5ad279d1dbaf277a7cab68778f
product_images,power strip,Adaptiope/product_images/power strip/power strip_071.jpg,power strip_071.jpg,97646,43d194c6c325722231e87896ae6ffb09927c313f37df4d24cecc45a195a9cb8f
product_images,power strip,Adaptiope/product_images/power strip/power strip_099.jpg,power strip_099.jpg,102143,c45bad58c9c21f6bd47222e9a2c019bce546c86763b8e1615da1aac8d737c0bd
product_images,power strip,Adaptiope/product_images/power strip/power strip_066.jpg,power strip_066.jpg,163298,a93e5052f72a24e4c0f256f0baac2c5edd477115397f896c3654a3288e899f72
product_images,power strip,Adaptiope/product_images/power strip/power strip_097.jpg,power strip_097.jpg,132621,84d8543702ca1c193ade7dc0a0c91635843f28db9fc17ed6e182716214e4c876
product_images,power strip,Adaptiope/product_images/power strip/power strip_029.jpg,power strip_029.jpg,27721,49736fed31288ceca7ad7b7156a11f07dcfe54ec59f426c432f064bc189a7dc8
product_images,power strip,Adaptiope/product_images/power strip/power strip_011.jpg,power strip_011.jpg,172063,0a4e8dbacc8e124d4e43abed7a465edbe5cc271751c26faf8e40c679c93fc914
product_images,power strip,Adaptiope/product_images/power strip/power strip_033.jpg,power strip_033.jpg,73718,4c7377cdc1b68367776e2714f0762520dc7905266c4cf51a89bae08dbf46766b
product_images,power strip,Adaptiope/product_images/power strip/power strip_044.jpg,power strip_044.jpg,36024,59877d385598a96b227bcafb8411bfcdfd20da5fb1ad10394153719190df9df9
product_images,power strip,Adaptiope/product_images/power strip/power strip_059.jpg,power strip_059.jpg,44634,d6a47a19a65d3b860840ace429df5590574b7ba96a1fce940182fa40ad4d99d9
product_images,power strip,Adaptiope/product_images/power strip/power strip_081.jpg,power strip_081.jpg,60946,243f1c6152e381c2dc699cf33159c1d843989f5896f58f24251058ea9839ef9c
product_images,power strip,Adaptiope/product_images/power strip/power strip_030.jpg,power strip_030.jpg,48503,0807977a4cef3505af39fcab29d362f23da86d7dbeccc5fc36950668643b5643
product_images,power strip,Adaptiope/product_images/power strip/power strip_018.jpg,power strip_018.jpg,15412,f901fd2424c17aa6fec33ad3dbff1ed62b6f0a5b14eb89e1f9fec3a8ed47e4bd
product_images,power strip,Adaptiope/product_images/power strip/power strip_009.jpg,power strip_009.jpg,201489,052fdd90cf114d26881ab4eea710f19b7035b80342bd792a8d38a63c1fe69373
product_images,power strip,Adaptiope/product_images/power strip/power strip_057.jpg,power strip_057.jpg,24463,fd378914cbe02989c88ab5f4fe8a0ff2bff4a4bba496b3d73257dfc09e9c8ee9
product_images,power strip,Adaptiope/product_images/power strip/power strip_098.jpg,power strip_098.jpg,149366,059cbf7ee45989cba41fad432de252f45f04598d39ad0be731efcfd49dcc7b2f
product_images,power strip,Adaptiope/product_images/power strip/power strip_067.jpg,power strip_067.jpg,65822,e97a31882578e5462720cc98776d42037f6e91a0d2902290f03e71046b862857
product_images,power strip,Adaptiope/product_images/power strip/power strip_087.jpg,power strip_087.jpg,13916,c073e13b8b7afe8a0211467e2c87ac5c37fda75ba2114f8941be753606711d7a
product_images,power strip,Adaptiope/product_images/power strip/power strip_012.jpg,power strip_012.jpg,63592,c8af6d1743ff0caac6e969ee0eb4061f6b5d4dd59e0905e369ef436e59eae318
product_images,power strip,Adaptiope/product_images/power strip/power strip_074.jpg,power strip_074.jpg,73223,6462f50a578aaf7c930f5681adf624535e25ee7c391601449e49e534888f71c4
product_images,power strip,Adaptiope/product_images/power strip/power strip_006.jpg,power strip_006.jpg,102212,bdf23b41ab72da06588c32408636cee87f272aae8b82b89840ff547a2e2e4348
product_images,power strip,Adaptiope/product_images/power strip/power strip_061.jpg,power strip_061.jpg,172943,2d3f37b1323204fada3a4480f1fc81901a26030fbba86cdc4bf744c0f44747db
product_images,power strip,Adaptiope/product_images/power strip/power strip_023.jpg,power strip_023.jpg,99025,e0889b0bbb32faf70681e13b83da7cd6126f68c0abfdaab60f93eff8c979d9ef
product_images,power strip,Adaptiope/product_images/power strip/power strip_027.jpg,power strip_027.jpg,43861,9b078a22ed005b32274118edbc6bee48692a5b3ce9448503ea85949f31e7a855
product_images,power strip,Adaptiope/product_images/power strip/power strip_058.jpg,power strip_058.jpg,23492,39cb2f5b8a94554b66dec6f9caac7c63ccff696741e44f690b43d234d6a86adf
product_images,power strip,Adaptiope/product_images/power strip/power strip_005.jpg,power strip_005.jpg,52987,5c14d089349668753708fc825c6204f615b5951ef30d06c1b7303b39a901626c
product_images,power strip,Adaptiope/product_images/power strip/power strip_001.jpg,power strip_001.jpg,76290,a6fcd8cc01820e6d5f3c1f1c02ee80b3acc04a42d41a527b3194691382c1d976
product_images,power strip,Adaptiope/product_images/power strip/power strip_060.jpg,power strip_060.jpg,132439,0b5a73eccc8bfff205b0fdf6a4de2d5fb2daf14f54d545f0a8fcfc95ff37e06f
product_images,power strip,Adaptiope/product_images/power strip/power strip_017.jpg,power strip_017.jpg,364655,229cacd08fd15e73065c34c33f45fdb4113309c742c4a0dc58447241a0bc0045
product_images,power strip,Adaptiope/product_images/power strip/power strip_056.jpg,power strip_056.jpg,30159,21e4dc9b3f6394553ce3992752677bade3d3f97f83bb16765dc2683c57be873c
product_images,power strip,Adaptiope/product_images/power strip/power strip_078.jpg,power strip_078.jpg,140063,280fe25c115d46c198851e49b7397bbd2cd479e0f969fbff4b47fb74925b39e0
product_images,power strip,Adaptiope/product_images/power strip/power strip_028.jpg,power strip_028.jpg,204059,c7e3fada4522b3f58b98f8ff022664119403a4663db1dc3b6689699fb011e028
product_images,power strip,Adaptiope/product_images/power strip/power strip_092.jpg,power strip_092.jpg,60940,d001209bbf5a121b49368f9416f3e47d7205eeae9f46b63ac89016d362d15dbd
product_images,power strip,Adaptiope/product_images/power strip/power strip_051.jpg,power strip_051.jpg,118857,eb52d090a1c41930ebc9a295ee181754317180569695e0bd2d559f66cf22f3cf
product_images,power strip,Adaptiope/product_images/power strip/power strip_019.jpg,power strip_019.jpg,15433,93df2078bfee1cdd4f82f3f8a0fa6ff5f40462583c53c00c785cc59e193fb2a0
product_images,power strip,Adaptiope/product_images/power strip/power strip_096.jpg,power strip_096.jpg,32109,5c5d0e2f203b2f5331b93a7fae60cb2cc7d3fdeff5b5dd226faf21b5133576f5
product_images,power strip,Adaptiope/product_images/power strip/power strip_082.jpg,power strip_082.jpg,20411,febd11bcede7ea78e4af385792418a2a438f21491b11800114c3340e0c1f0957
product_images,power strip,Adaptiope/product_images/power strip/power strip_055.jpg,power strip_055.jpg,25422,0bd51e9c50a164fee3edbfee3f280041e3f930d7aa9863854938dfcb76148a4f
product_images,power strip,Adaptiope/product_images/power strip/power strip_049.jpg,power strip_049.jpg,53265,990491c5e9826e5969959c293bfe862493e46afd3a8955c6bbd71146f6435049
product_images,power strip,Adaptiope/product_images/power strip/power strip_053.jpg,power strip_053.jpg,123284,f5a4937e3529f9f073c44877cdea7c63eac570cc939ea8a4b808b712ccb2f2c2
product_images,mixing console,Adaptiope/product_images/mixing console/mixing console_086.jpg,mixing console_086.jpg,90102,5763241817b58f4352aee77f38d6c53914d430ebf0aa13c11f8b27c3e693082b
product_images,mixing console,Adaptiope/product_images/mixing console/mixing console_011.jpg,mixing console_011.jpg,100345,829bc1f1de9d9892db212a20d419aec75ad12c9b0dc6936c57077701555c6f07
product_images,mixing console,Adaptiope/product_images/mixing console/mixing console_058.jpg,mixing console_058.jpg,196481,1340ca6a4ba9d5c763e697fbad3f02f0ad5f95385cffbc4adcf8f3ef9a36ade6
product_images,mixing console,Adaptiope/product_images/mixing console/mixing console_094.jpg,mixing console_094.jpg,137306,baf577fce0cbcb40a1a752a3592f219fed5cfcb5d1c0a17b2ece3e489774232c
product_images,mixing console,Adaptiope/product_images/mixing console/mixing console_077.jpg,mixing console_077.jpg,51320,4c89a2b3408154f7abcb02f9daa0e51c18bd761958b99adf3c079279cbc4a279
product_images,mixing console,Adaptiope/product_images/mixing console/mixing console_025.jpg,mixing console_025.jpg,246894,16fee36937afaef0bd4bcfa289d37b9d2863e1b9625d4c366fb4a70404002e74
product_images,mixing console,Adaptiope/product_images/mixing console/mixing console_012.jpg,mixing console_012.jpg,218903,c455523f9e4743a428ac89511a6fa26c900f83cfee71f042a7f130e50597b064
product_images,mixing console,Adaptiope/product_images/mixing console/mixing console_035.jpg,mixing console_035.jpg,119707,6b5e612d17bb4b31112a0625ce81d30c5d001b36dfe52b3daae0b1a505585916
product_images,mixing console,Adaptiope/product_images/mixing console/mixing console_091.jpg,mixing console_091.jpg,104075,3b2ad7288fafba116b3310eb7da21ed4881dd60536fc6de2982e0424f0e0954f
product_images,mixing console,Adaptiope/product_images/mixing console/mixing console_004.jpg,mixing console_004.jpg,270653,98e36caeca61be41b9cd9356d381ffaa2b9d7af06c6aa65c74f2580c65bfd533
product_images,mixing console,Adaptiope/product_images/mixing console/mixing console_056.jpg,mixing console_056.jpg,398504,9eb5db65aa0d1f9645da40055301506c4dfbae0c5d9248b842d7082386fff067
product_images,mixing console,Adaptiope/product_images/mixing console/mixing console_072.jpg,mixing console_072.jpg,149061,dc84700be3118168a1f965d9dbb345e74825417f1aa80cb0d209c25261ed4d31
product_images,mixing console,Adaptiope/product_images/mixing console/mixing console_084.jpg,mixing console_084.jpg,72885,81a3d03a4ca80a19a3612be965330f895843ac5b2bee202a8a7757227fdcba58
product_images,mixing console,Adaptiope/product_images/mixing console/mixing console_043.jpg,mixing console_043.jpg,62218,a9de531fc175f9acdf0ed189b5fa6989096222ea816fc567b67e22f947cc3c8f
product_images,mixing console,Adaptiope/product_images/mixing console/mixing console_070.jpg,mixing console_070.jpg,162761,e4c4b256e3869f81ff0b43a49cf1221f49428498553191559f13c26603f7986f
product_images,mixing console,Adaptiope/product_images/mixing console/mixing console_075.jpg,mixing console_075.jpg,72904,b103b07c4dcfef5460cac271f1f90c1bd4332d0768942590a46dc9c545b441b5
product_images,mixing console,Adaptiope/product_images/mixing console/mixing console_080.jpg,mixing console_080.jpg,128988,2c4c1b7ada6559e8107f6512641ba35774b08435c7466bff250a19318cbe2112
product_images,mixing console,Adaptiope/product_images/mixing console/mixing console_033.jpg,mixing console_033.jpg,115323,202055b96c33e0143322f0d6c64a62f33a9d02522cda101c752f1d4850ddef33
product_images,mixing console,Adaptiope/product_images/mixing console/mixing console_021.jpg,mixing console_021.jpg,223781,edc92982c1dbfb97cfb5a04fc9090a2880eadc15d69329727e28b1b6e700f704
product_images,mixing console,Adaptiope/product_images/mixing console/mixing console_092.jpg,mixing console_092.jpg,186873,efd8d361259d7af08607fd70b32f85a1cc11c7ecdaa205a95cdf6f83620d29fc
product_images,mixing console,Adaptiope/product_images/mixing console/mixing console_042.jpg,mixing console_042.jpg,52438,4cf5b51cc992f0ce7b762628847e0ef72de07960b1628adfcc88feb1f6a787ab
product_images,mixing console,Adaptiope/product_images/mixing console/mixing console_014.jpg,mixing console_014.jpg,87482,bc01f6a3a6878a77836384fe3936ca2d8b1b8beb09ad78cace7e9f5f0e2ea5ae
product_images,mixing console,Adaptiope/product_images/mixing console/mixing console_037.jpg,mixing console_037.jpg,59123,1c8bf764424806ce86f089e50cfc9443c1d3defb17c8ceaf1a1f1edeb46fdb19
product_images,mixing console,Adaptiope/product_images/mixing console/mixing console_044.jpg,mixing console_044.jpg,67138,e0968b21659775b65636cd7d3f1862cff029dcdc8cc5e21c397a97532247dba9
product_images,mixing console,Adaptiope/product_images/mixing console/mixing console_052.jpg,mixing console_052.jpg,183988,21f2024be399ba4b13ae1ec18375231586598216eddddfe6cae6bc5533170426
product_images,mixing console,Adaptiope/product_images/mixing console/mixing console_060.jpg,mixing console_060.jpg,109164,3f3870b2ecd9da79f429352d11187658b0b517f628c3b7c7514ddae496fc04a3
product_images,mixing console,Adaptiope/product_images/mixing console/mixing console_078.jpg,mixing console_078.jpg,110684,87f2ebe848c7866479036505b87c54ba1f5da396ac3a976d08493980a501bfd2
product_images,mixing console,Adaptiope/product_images/mixing console/mixing console_083.jpg,mixing console_083.jpg,327065,f754f0e5018e25c889dd94ef774cadce6c908d1134e080bc88be0507bc95a8f2
product_images,mixing console,Adaptiope/product_images/mixing console/mixing console_085.jpg,mixing console_085.jpg,61642,459ce2bd19fd42cc1057edaed29aa5cecf2ee4228a7d2db8b0ef45f1797bf604
product_images,mixing console,Adaptiope/product_images/mixing console/mixing console_099.jpg,mixing console_099.jpg,267031,64a1521bd6e8875bcd70165ea9776a9f43e51c0ee866737d5983f13872969c8a
product_images,mixing console,Adaptiope/product_images/mixing console/mixing console_005.jpg,mixing console_005.jpg,130536,02bbbc8866beca9000941a7a73a576c30e29ad7901be0bc910483e596f196d4c
product_images,mixing console,Adaptiope/product_images/mixing console/mixing console_096.jpg,mixing console_096.jpg,93266,afbf95b2096751d2cac818a602790fcff58058427beb12033891c577b0324e97
product_images,mixing console,Adaptiope/product_images/mixing console/mixing console_062.jpg,mixing console_062.jpg,40619,576aad5d3a59abc4d39e273f0452a59c016730c8c62fb99d22679f0d893d2de7
product_images,mixing console,Adaptiope/product_images/mixing console/mixing console_036.jpg,mixing console_036.jpg,103135,cd2a079f0ff1d2f235fc5d27cfb0da315c96b4f12b45b2c85fef7d5c0e252876
product_images,mixing console,Adaptiope/product_images/mixing console/mixing console_079.jpg,mixing console_079.jpg,197938,fefd04a2f2065b4f020bfb73d23ba07d9faca5058ab9dc6d79bf2fd57ba7f559
product_images,mixing console,Adaptiope/product_images/mixing console/mixing console_066.jpg,mixing console_066.jpg,22476,2160e53e1187c947dd6e88cd4c987644144a0dfc68a4c62270d72e5e465c9dbc
product_images,mixing console,Adaptiope/product_images/mixing console/mixing console_097.jpg,mixing console_097.jpg,107922,7db06aa26e240cde9bc2c79c7de9403dd2ff6ffdcc1b4080b4636f10a75d1ca4
product_images,mixing console,Adaptiope/product_images/mixing console/mixing console_022.jpg,mixing console_022.jpg,162627,7b33d3678da8168eb459dd852bab2bf384590f7103970161c2e816bd5de71d69
product_images,mixing console,Adaptiope/product_images/mixing console/mixing console_076.jpg,mixing console_076.jpg,269793,cea8db2df81caaa7771794ebd4b287daf0f6805fe92c81e38979c51e5f650f59
product_images,mixing console,Adaptiope/product_images/mixing console/mixing console_017.jpg,mixing console_017.jpg,31745,df25835e813d297716b4fd9a6dea3f7fb2e72ae742857efd2c6458e518a36f6e
product_images,mixing console,Adaptiope/product_images/mixing console/mixing console_047.jpg,mixing console_047.jpg,116556,be324ddb29f2fafe5bf5f409a5934e272f7fdc870555c3c6744b69aae8afc66c
product_images,mixing console,Adaptiope/product_images/mixing console/mixing console_010.jpg,mixing console_010.jpg,103461,1f4d2d6606a9548959e6a52e529ac5c2624a612712789a8a1f1608416fd7480a
product_images,mixing console,Adaptiope/product_images/mixing console/mixing console_016.jpg,mixing console_016.jpg,55655,722764a522eef69bafd193c81950a9d7951d84f5ad60b762d2d14b7b3d5e31bf
product_images,mixing console,Adaptiope/product_images/mixing console/mixing console_067.jpg,mixing console_067.jpg,114811,fac5617dadb7e646efb60bdc5b94179c225b99fe6b97faf1aeb4ef3107148b17
product_images,mixing console,Adaptiope/product_images/mixing console/mixing console_008.jpg,mixing console_008.jpg,55051,09a69d0a344bc5615658270750f3ba1372fdc591cfc9485bf3df7f21a570c442
product_images,mixing console,Adaptiope/product_images/mixing console/mixing console_030.jpg,mixing console_030.jpg,122230,da5c596d1951862c74aef258659e551264ba5f5e06b4361321010b4f8d9e3371
product_images,mixing console,Adaptiope/product_images/mixing console/mixing console_095.jpg,mixing console_095.jpg,166522,2cc2c45dc82cb9959902db2455a930e37df44727332784f16a4d45b1a9db55ce
product_images,mixing console,Adaptiope/product_images/mixing console/mixing console_048.jpg,mixing console_048.jpg,130193,dac235072d4b0654680c3eaa5e0565e7572ab96195390715a06e232d48333895
product_images,mixing console,Adaptiope/product_images/mixing console/mixing console_000.jpg,mixing console_000.jpg,117637,82e7efe4821f78c7dc0e9a6a9955095f93814e8109f77695e96064f13af6e25b
product_images,mixing console,Adaptiope/product_images/mixing console/mixing console_019.jpg,mixing console_019.jpg,193511,917260076a8a6d94a54367b22635f1067ac3b4ff9998f82111752f339248b977
product_images,mixing console,Adaptiope/product_images/mixing console/mixing console_031.jpg,mixing console_031.jpg,294587,d5e9b39f3bea6a5584a2f13bf820310597a1da338d31406066f6cc0704a568ba
product_images,mixing console,Adaptiope/product_images/mixing console/mixing console_024.jpg,mixing console_024.jpg,123748,b5bd127dd85bda57cf6d0dd4c9657ce7c1cd2219f2703ab79de96e1dbce79851
product_images,mixing console,Adaptiope/product_images/mixing console/mixing console_045.jpg,mixing console_045.jpg,158325,6c711faba1e8772689c8c205f6fe89850e3ac2a6c541014cae9d3bbf2a73560b
product_images,mixing console,Adaptiope/product_images/mixing console/mixing console_038.jpg,mixing console_038.jpg,135142,53aaa1dc910a21610db2332561c305ee84cb2825dc1889ba61cabe992bddd940
product_images,mixing console,Adaptiope/product_images/mixing console/mixing console_074.jpg,mixing console_074.jpg,167441,a58774e6b31678431df243eb427dc6f38226a6bc97d1a34c263ae5870c87f792
product_images,mixing console,Adaptiope/product_images/mixing console/mixing console_013.jpg,mixing console_013.jpg,113251,b7dda6096fe7d70b9b82e6bc2a002608200bc96d2e4ed7e25c9025e0b4880139
product_images,mixing console,Adaptiope/product_images/mixing console/mixing console_055.jpg,mixing console_055.jpg,202897,b8322fde948012fc071f82f5c0d30516ec6ca305dfe8fb037708bf22d9d62b30
product_images,mixing console,Adaptiope/product_images/mixing console/mixing console_089.jpg,mixing console_089.jpg,65752,5b31f1eba9ce135000eaf2dcabe141793c6f409515c4033854114e03a72ad3d3
product_images,mixing console,Adaptiope/product_images/mixing console/mixing console_026.jpg,mixing console_026.jpg,91895,d24059cd4d856f777dd16d83eb9c674c11f3cce2055464920abb6c6e3cf27370
product_images,mixing console,Adaptiope/product_images/mixing console/mixing console_081.jpg,mixing console_081.jpg,56468,be1d637f405c0eebf06253d42c3928830699b197b429ede610c56a96ae5f8e1d
product_images,mixing console,Adaptiope/product_images/mixing console/mixing console_059.jpg,mixing console_059.jpg,120741,7c67606291d32256b190c4108c462868fd5e07a34f686e6b5d62a7f780dd8da1
product_images,mixing console,Adaptiope/product_images/mixing console/mixing console_063.jpg,mixing console_063.jpg,79925,4cbb5a51a178e26bc8f3adb921f0f68479a350cd25923044e6c714655e837606
product_images,mixing console,Adaptiope/product_images/mixing console/mixing console_002.jpg,mixing console_002.jpg,187521,e9d25fc4a8bcf8078486c5b44df3d2e627f0a6b99c3a119612ddb2e0e4b6a20a
product_images,mixing console,Adaptiope/product_images/mixing console/mixing console_034.jpg,mixing console_034.jpg,260163,6c50390a439aee5d61e3bd247e5d2bc5652d4958cc7cc365305d45a501aec50b
product_images,mixing console,Adaptiope/product_images/mixing console/mixing console_065.jpg,mixing console_065.jpg,142488,9e4e0a8e97d11a33a59223175fb7ea3fee6a163131449fba30be7f4f3a7e2937
product_images,mixing console,Adaptiope/product_images/mixing console/mixing console_032.jpg,mixing console_032.jpg,132832,b933243995d2c2933f90109fe4bd3074a8a8c17ce7e38f1446b06eacc9b2727f
product_images,mixing console,Adaptiope/product_images/mixing console/mixing console_039.jpg,mixing console_039.jpg,79482,00f0d18ddfb034de404d31df960865e2d3eb77c1ddced470259a1dc3cf1bdc38
product_images,mixing console,Adaptiope/product_images/mixing console/mixing console_068.jpg,mixing console_068.jpg,98824,f5f7a045e64e43b6ec41ab4797bd401c351665bf9fc2b77898f4fdc762a2b54a
product_images,mixing console,Adaptiope/product_images/mixing console/mixing console_009.jpg,mixing console_009.jpg,166959,c4b0a2fc4d1437a44e6cdca21d06d6f898991d59dd241733090fbcc1d3ac4946
product_images,mixing console,Adaptiope/product_images/mixing console/mixing console_049.jpg,mixing console_049.jpg,119694,ec51e2973dbf6891db034f67f45055b1e3332e5a32b66835b732dd696192815b
product_images,mixing console,Adaptiope/product_images/mixing console/mixing console_046.jpg,mixing console_046.jpg,260647,9eafb035df68eb6e591059d3ddf6c6212feafbeda25b449eacfc4dcf69e420ee
product_images,mixing console,Adaptiope/product_images/mixing console/mixing console_087.jpg,mixing console_087.jpg,88061,169bab2d7c315005ce34955e59e4070eda562dd376f6c33830975f31f3dd7f69
product_images,mixing console,Adaptiope/product_images/mixing console/mixing console_069.jpg,mixing console_069.jpg,161238,e64921eee177f0ee7df8d471e54d4fbd9c42defab7a39708e60f97002aecd3ee
product_images,mixing console,Adaptiope/product_images/mixing console/mixing console_064.jpg,mixing console_064.jpg,50836,085621944b0a8a6be72eee5b5dbf5b8fe9eeb3ca6aec3a6eb521cdb8db81dbcf
product_images,mixing console,Adaptiope/product_images/mixing console/mixing console_061.jpg,mixing console_061.jpg,150802,73fd35c38ad8203371a1504923f18acc6c8a554d5cc9fed51014b8da9f87c487
product_images,mixing console,Adaptiope/product_images/mixing console/mixing console_053.jpg,mixing console_053.jpg,190730,6cdaabc6f958ca35a01af615a2ab281b97e14d3cab4479105ffc1f6a2c1af836
product_images,mixing console,Adaptiope/product_images/mixing console/mixing console_071.jpg,mixing console_071.jpg,39737,e8d3ee8c8244dffacbd791cdab348ef58c9aa570210d6e2a4867de5dd9fbc50c
product_images,mixing console,Adaptiope/product_images/mixing console/mixing console_051.jpg,mixing console_051.jpg,122268,0f2cf34557c79d05d11c32e9e5a50722a995363e7024cb14b6225c04bcafe6aa
product_images,mixing console,Adaptiope/product_images/mixing console/mixing console_050.jpg,mixing console_050.jpg,76466,6fe62905bd1d29debae543d33e2ecef556537b312f11f7747b132c550dded974
product_images,mixing console,Adaptiope/product_images/mixing console/mixing console_082.jpg,mixing console_082.jpg,36192,81e8aa95eb7352810baccc444268bd4c4167826cddd0929bbdfec288260744ef
product_images,mixing console,Adaptiope/product_images/mixing console/mixing console_001.jpg,mixing console_001.jpg,324438,85197aa98c13f43a49305cb471fc14dbcf8e7549bcfceac624e1bb26b12efadc
product_images,mixing console,Adaptiope/product_images/mixing console/mixing console_015.jpg,mixing console_015.jpg,184083,13eb29453585b59e70eddfa10ebe06fc3df113ec63c299cad187f98732c00dc3
product_images,mixing console,Adaptiope/product_images/mixing console/mixing console_007.jpg,mixing console_007.jpg,131939,9de2ff41653a01b095630855b0ab017fefaa0d9222bac2b9fa13b5dafdfb3731
product_images,mixing console,Adaptiope/product_images/mixing console/mixing console_040.jpg,mixing console_040.jpg,295987,9b17212ae92873a74c07e21f89116e8da3b0cc2dc46be453d1f5a0883353e4ce
product_images,mixing console,Adaptiope/product_images/mixing console/mixing console_028.jpg,mixing console_028.jpg,172500,4777a57b416b08f0d913cbcd3659fa33d866ffb844dce409d77592de1aa6bb80
product_images,mixing console,Adaptiope/product_images/mixing console/mixing console_041.jpg,mixing console_041.jpg,52428,0157c035ab2d1b7d497b8b993f9aeb9ef6565f23992359a90b3174a50e0e37ae
product_images,mixing console,Adaptiope/product_images/mixing console/mixing console_098.jpg,mixing console_098.jpg,73516,728c7550c8849e638db1d2849aee69a6117aa4965f9266d3d1553ad997d24a27
product_images,mixing console,Adaptiope/product_images/mixing console/mixing console_003.jpg,mixing console_003.jpg,114093,b8f5dcf52faecb691f54f8be7542a09a3eb34a9ee4d8fed3f2cd81528b2c1384
product_images,mixing console,Adaptiope/product_images/mixing console/mixing console_090.jpg,mixing console_090.jpg,122803,f38e1ca1cd3511a7e1a75abd53114e5ab6f96d5c7ce0e4ae7a9992748e5ac464
product_images,mixing console,Adaptiope/product_images/mixing console/mixing console_057.jpg,mixing console_057.jpg,128230,247678889708bcca509fda1af3104df6c1bb8aeaf8767a19e89344b28944caab
product_images,mixing console,Adaptiope/product_images/mixing console/mixing console_073.jpg,mixing console_073.jpg,155484,fb3ec6172fe43900dab5b0e900318e4b8ed82e4b7d3b5557e256681e366bc474
product_images,mixing console,Adaptiope/product_images/mixing console/mixing console_054.jpg,mixing console_054.jpg,99105,9f96efa80125085fcdce03ae9c398408577ffddb1850ce515b652503de43ea1d
product_images,mixing console,Adaptiope/product_images/mixing console/mixing console_029.jpg,mixing console_029.jpg,210003,ef45ceeb746e4e950a6a447abec84ace2ca4054981e58ab4fdc1a82cb10da34c
product_images,mixing console,Adaptiope/product_images/mixing console/mixing console_020.jpg,mixing console_020.jpg,66403,aaeb86970be0ba8c24bb9bce28a75e6080a6a019d3d397ab9203ec89a3044175
product_images,mixing console,Adaptiope/product_images/mixing console/mixing console_027.jpg,mixing console_027.jpg,107320,03156fb3bae5302358b110277559aba8949a6c7f04142d04450dbf0a2badb565
product_images,mixing console,Adaptiope/product_images/mixing console/mixing console_093.jpg,mixing console_093.jpg,136808,145eff73cff16bdb43afb91279b738c894be48a828ae623cddbbfb2243cfcc75
product_images,mixing console,Adaptiope/product_images/mixing console/mixing console_023.jpg,mixing console_023.jpg,63147,11c0d223f0c3acf54bc00413416d92e7383955cda1429bdc3a8dd95f3a99a5fc
product_images,mixing console,Adaptiope/product_images/mixing console/mixing console_018.jpg,mixing console_018.jpg,57033,71e07fd0bf468acc1c73d1fe7e5889824114fa4a5dce4715e050b7bbbecd2ab6
product_images,mixing console,Adaptiope/product_images/mixing console/mixing console_006.jpg,mixing console_006.jpg,60859,8815255d3ace93e39682daafbca4519bbf4444377854dbbd0faa58fa516b2391
product_images,mixing console,Adaptiope/product_images/mixing console/mixing console_088.jpg,mixing console_088.jpg,356067,90e520f0a0f82ff9b2b7ccf8ba6aa5773ce218be6efbbe0d4bc2f177cc3e1a39
product_images,network switch,Adaptiope/product_images/network switch/network switch_057.jpg,network switch_057.jpg,135629,5e8821758b401c124daf87a7be501e739a82c4009eaa392821711fc83bdce5ea
product_images,network switch,Adaptiope/product_images/network switch/network switch_004.jpg,network switch_004.jpg,162762,136a70ca936c83db00bd3e51aec3c215f6cf78ba8ddb4438e6dd558d40cf04b7
product_images,network switch,Adaptiope/product_images/network switch/network switch_055.jpg,network switch_055.jpg,159373,edff71bfa5885ca33f64a818a105e2094d2dd1872b94c002685922fda6fc7384
product_images,network switch,Adaptiope/product_images/network switch/network switch_039.jpg,network switch_039.jpg,24418,a2c084f3edc46f2f6936f4811bddd9ea7343500651a60e0e39d01ae815638046
product_images,network switch,Adaptiope/product_images/network switch/network switch_042.jpg,network switch_042.jpg,130484,e3af8c6b12c96e5005b5033bbf8a092ced316fea5ff7e03448727d0b6571605c
product_images,network switch,Adaptiope/product_images/network switch/network switch_095.jpg,network switch_095.jpg,52465,aa2b8ba1f695b9818487b407c90db9dc6fff6788bdd29301661007da1693c783
product_images,network switch,Adaptiope/product_images/network switch/network switch_065.jpg,network switch_065.jpg,38893,143e91c4623325edbfa6f948ebc954f07c8076d0a46820b5535188574dd08aeb
product_images,network switch,Adaptiope/product_images/network switch/network switch_066.jpg,network switch_066.jpg,98878,ed38a50ebe0177ae696e5c553816343ee83c3f4ff02755d967a6c98170c5471c
product_images,network switch,Adaptiope/product_images/network switch/network switch_063.jpg,network switch_063.jpg,66486,cc07d75b1bcdf86519abaaf90c2668731308e4ab77823841ee0ccb4fb247cdda
product_images,network switch,Adaptiope/product_images/network switch/network switch_033.jpg,network switch_033.jpg,48621,384b8511b8b7ca819fb778bb5d2e28eba9672ff1b0a50b5fd4828a8d288e050b
product_images,network switch,Adaptiope/product_images/network switch/network switch_087.jpg,network switch_087.jpg,36413,53ed20a536073e0693cc79bd7e549bc7662ab564f36321a128e7c7db0ce3fb17
product_images,network switch,Adaptiope/product_images/network switch/network switch_009.jpg,network switch_009.jpg,29320,8f4c55b3e22ce522af26e19baf00410ac3ae24024c1041a9b2cd648777e132af
product_images,network switch,Adaptiope/product_images/network switch/network switch_016.jpg,network switch_016.jpg,110463,9790f03dc6bd340f33c1d0fde63a1a39a6add9836e3fe7a272cc514eaa156586
product_images,network switch,Adaptiope/product_images/network switch/network switch_049.jpg,network switch_049.jpg,40679,ff0f5904db2e7528cf299200b0efb578538592e2c1660a2d2359a9de1fcdb110
product_images,network switch,Adaptiope/product_images/network switch/network switch_046.jpg,network switch_046.jpg,78118,87102486bfb7d1b4f4a6b4f628748780ba2d5009ddfa57023ea442fb9f9e261a
product_images,network switch,Adaptiope/product_images/network switch/network switch_069.jpg,network switch_069.jpg,29216,1b839a1504f80c6bdad05eaddebbd729e86715892742fac2f4a75a6742c7b175
product_images,network switch,Adaptiope/product_images/network switch/network switch_002.jpg,network switch_002.jpg,60062,451af75dbcfbbf02087fd36be54ac838157f37407ceab974bc5d91a79a4ba7fd
product_images,network switch,Adaptiope/product_images/network switch/network switch_075.jpg,network switch_075.jpg,22837,8f12bf456c006b82aaaf90859734ca9249acf0460e807ab7dbff62bff18ca320
product_images,network switch,Adaptiope/product_images/network switch/network switch_054.jpg,network switch_054.jpg,66864,300b47230e743f8018d2678d4046bd937b694948a8d42b1991456dc8f04796c0
product_images,network switch,Adaptiope/product_images/network switch/network switch_025.jpg,network switch_025.jpg,85594,09733b46571f2d577934aecb7f5f3b4cb5318181050ac9d8789c1947cab9abb6
product_images,network switch,Adaptiope/product_images/network switch/network switch_085.jpg,network switch_085.jpg,109412,4afc9cf4894112bdb4efdbfab0ceba161d45e53a93eb9cbd2a1dd101f4cfabe0
product_images,network switch,Adaptiope/product_images/network switch/network switch_035.jpg,network switch_035.jpg,34399,1ef80e3fd1c3969655ed37a5aa73621dcff8afd156b41bd449da0746f149da8a
product_images,network switch,Adaptiope/product_images/network switch/network switch_053.jpg,network switch_053.jpg,65470,d1cf7b9dd6c3df64d5c1c63eb78387556fa69cc6a5264e6d9f8aa4ae0b3df99e
product_images,network switch,Adaptiope/product_images/network switch/network switch_073.jpg,network switch_073.jpg,30301,b2cfaaa31e3715366e679cbd402006641c2a8a08dbadc6b492e988bf72472735
product_images,network switch,Adaptiope/product_images/network switch/network switch_041.jpg,network switch_041.jpg,34454,d8b572408c81c5a3b52147327476afb1778fbc742fd7e1a518e6712bdebe4d2c
product_images,network switch,Adaptiope/product_images/network switch/network switch_022.jpg,network switch_022.jpg,17524,9cd7c16f9277fe77f7fb5f72ece48da95dbcb9dce9122dc42a32c30c8f7219c5
product_images,network switch,Adaptiope/product_images/network switch/network switch_092.jpg,network switch_092.jpg,25389,ec6de430ed8957d70b298a953fa6af7cd0e94418079dfc56c811dabba331b2b9
product_images,network switch,Adaptiope/product_images/network switch/network switch_067.jpg,network switch_067.jpg,22286,4df144974423214321ba6d89af76b4172fcdf4d1056ac7b2b226acb507163b5a
product_images,network switch,Adaptiope/product_images/network switch/network switch_050.jpg,network switch_050.jpg,74062,1e6d6af20c3e166b97ad6618c0accbe14282fdf1d2c054bf5cfe433e033648d9
product_images,network switch,Adaptiope/product_images/network switch/network switch_076.jpg,network switch_076.jpg,29738,ce4c5068718d5e0a69201b199f8ef93736e9a6ac24d4ecdf5542d795ddbfd412
product_images,network switch,Adaptiope/product_images/network switch/network switch_018.jpg,network switch_018.jpg,101269,62bccd6fa932e8eb61d7d58d7ee09270b4acb11f70ce13db0fd3f8f55b802e7a
product_images,network switch,Adaptiope/product_images/network switch/network switch_097.jpg,network switch_097.jpg,70747,884bd903b96990310399f76b423ea2e54eb4f3d225595b078d7db024aea207f9
product_images,network switch,Adaptiope/product_images/network switch/network switch_089.jpg,network switch_089.jpg,92709,aef6073af34071a2876710e0fc4e701e58cb4f80b61e125593b4c88c70c48d16
product_images,network switch,Adaptiope/product_images/network switch/network switch_068.jpg,network switch_068.jpg,49404,82e71fa729b4e798333d3a0d5e506d87ab6ab8e7bc0682973f03cbfb9c6aea9b
product_images,network switch,Adaptiope/product_images/network switch/network switch_082.jpg,network switch_082.jpg,100517,d7a6b2a29d9eb6c2faa9e8e79ea01cb48acffe69056e59dba3387aead759f94f
product_images,network switch,Adaptiope/product_images/network switch/network switch_012.jpg,network switch_012.jpg,13810,4eeb3038399566ba6c047f3428457edbaf0f2ff6bdd3f8f31e4497984bcf111c
product_images,network switch,Adaptiope/product_images/network switch/network switch_019.jpg,network switch_019.jpg,48012,8d30d17b05bc3a6ad1377531ce2ce64d3ba52ff7af4ca31e6a3f0aa896db4938
product_images,network switch,Adaptiope/product_images/network switch/network switch_032.jpg,network switch_032.jpg,48793,76e3111e0af0160bffd6bdceca18c9f3f392170c62a16a2a8b6f17a72debf3e5
product_images,network switch,Adaptiope/product_images/network switch/network switch_077.jpg,network switch_077.jpg,69448,670dd265ee9e85482e921e685341e5184503500332951ae0245678fb81fab675
product_images,network switch,Adaptiope/product_images/network switch/network switch_093.jpg,network switch_093.jpg,89884,f47212cd8004669af90f0558f3b41872b27c1ce5e6968fa962254c4f621a3a14
product_images,network switch,Adaptiope/product_images/network switch/network switch_015.jpg,network switch_015.jpg,90533,2bcc4401548f7fed3e03bc2198cf40e6659f1d2a159a0ceaf7d0118d10def93b
product_images,network switch,Adaptiope/product_images/network switch/network switch_010.jpg,network switch_010.jpg,22194,bda873e1b97d14c98b857af07b8c941d215d66bb7176dd576af6e1a9cd63e2b4
product_images,network switch,Adaptiope/product_images/network switch/network switch_051.jpg,network switch_051.jpg,55639,c3a005d962af5e66ef2bde2c93b8051ec2bd06ed789249100f3122bb8f942699
product_images,network switch,Adaptiope/product_images/network switch/network switch_011.jpg,network switch_011.jpg,52269,d6c67a39fdc469b8525f31cdeaaa6663783b7c00432c0b40d24ad8bf5b201819
product_images,network switch,Adaptiope/product_images/network switch/network switch_037.jpg,network switch_037.jpg,22987,40174b1384ee6e974a23a47c3cfe10bd14466fa6046c46dd38c96b6fc9413593
product_images,network switch,Adaptiope/product_images/network switch/network switch_001.jpg,network switch_001.jpg,12957,feba41aad8ee664956d1b4eea65af8e33a99d26654f3eee669da873cc5d331a9
product_images,network switch,Adaptiope/product_images/network switch/network switch_079.jpg,network switch_079.jpg,60891,8fd997a78d757e62137ae628671b19658d4a75373d7ba439c0050a91149423d9
product_images,network switch,Adaptiope/product_images/network switch/network switch_062.jpg,network switch_062.jpg,12167,eadf42ea473e8b9da57bdd03af0936800423000ea1207e70c1f7357d8bc68cf3
product_images,network switch,Adaptiope/product_images/network switch/network switch_007.jpg,network switch_007.jpg,57520,8612215fca25a05cb2494d4fcdac857fb5891eb8a2ba8db7b790998b681d0493
product_images,network switch,Adaptiope/product_images/network switch/network switch_047.jpg,network switch_047.jpg,109995,bb0a6e96479427566bf7a0b4e6e93260db483906857bcb0cc4a770ec2960b5b3
product_images,network switch,Adaptiope/product_images/network switch/network switch_027.jpg,network switch_027.jpg,99020,fd5204a39d88b9c712cf5bc4d79c1f2c5a50c4253a4bf29af86bdae61dc65f58
product_images,network switch,Adaptiope/product_images/network switch/network switch_048.jpg,network switch_048.jpg,70326,4335c09af5649c5643c9bbc0cf29bec1adf0d0ba14062bc463f079fe0560b793
product_images,network switch,Adaptiope/product_images/network switch/network switch_060.jpg,network switch_060.jpg,84328,f879db3480cfc0c2b9da390276c1fdea57c20d8b3a7da14caa7e82ab46a028e5
product_images,network switch,Adaptiope/product_images/network switch/network switch_043.jpg,network switch_043.jpg,267256,b0438c649bf1f7c7d160d9971a296c4d2698b32d1b6d4dc190a99064147100c1
product_images,network switch,Adaptiope/product_images/network switch/network switch_099.jpg,network switch_099.jpg,43721,1258a4752fc225d65df605bc0ac2376ffdd8589fb5e770ede698bd8ffb75367d
product_images,network switch,Adaptiope/product_images/network switch/network switch_026.jpg,network switch_026.jpg,8391,09ab6c919ef7e1cc0fb078d1f166326b75a91b426ce668ece0d47e8b594f749d
product_images,network switch,Adaptiope/product_images/network switch/network switch_029.jpg,network switch_029.jpg,95139,c95c303bb9e5a1108652de4d8651916ceeb4828fbdbca3ce67a554e87bae0b76
product_images,network switch,Adaptiope/product_images/network switch/network switch_086.jpg,network switch_086.jpg,24586,f6a4d7437d676c8f97dd157a724d4b481ba6818e78eb51269656ccde629db3b3
product_images,network switch,Adaptiope/product_images/network switch/network switch_084.jpg,network switch_084.jpg,121017,24cfa51e316fab1f080ee18511e038bc4af6affce3083cc48380bf92263268b6
product_images,network switch,Adaptiope/product_images/network switch/network switch_005.jpg,network switch_005.jpg,59135,311ef432e1e025eecb0314c8959ea4a0304b338ae9491c72200798001bfadc9b
product_images,network switch,Adaptiope/product_images/network switch/network switch_088.jpg,network switch_088.jpg,158465,731d2d91ac2ee9aee5f40fbd67597de81a6beb1f791dcdff645c5ca1774c9105
product_images,network switch,Adaptiope/product_images/network switch/network switch_094.jpg,network switch_094.jpg,28985,3e4026437486be207fcb966cc24998ea833e809a99990a9f8b42d444adcdea67
product_images,network switch,Adaptiope/product_images/network switch/network switch_078.jpg,network switch_078.jpg,72783,3d42304b7c80467e9f80cb2e0b8fb56abe9c06cbd554899b810e8e1f8cbd70cf
product_images,network switch,Adaptiope/product_images/network switch/network switch_083.jpg,network switch_083.jpg,23231,9e6d5c2fe123d61ac08638d9f2e68cce5dc66f65c40fc3ad285bf0d8247c7ce3
product_images,network switch,Adaptiope/product_images/network switch/network switch_017.jpg,network switch_017.jpg,117109,e48dae9373bdaeb43ff6053ab55fd245f04f5ef296d5340ce3b7193566b38208
product_images,network switch,Adaptiope/product_images/network switch/network switch_072.jpg,network switch_072.jpg,78088,a02c4badf94b1de7b30eb36631dd20bb78c671908cfbb954324d0bd878c81c6e
product_images,network switch,Adaptiope/product_images/network switch/network switch_003.jpg,network switch_003.jpg,21668,3f7661a9634513ee3c69cc63bcadde1a0dc66a1849e0238bbf7d8386e12526e6
product_images,network switch,Adaptiope/product_images/network switch/network switch_024.jpg,network switch_024.jpg,74337,a6748228a8c790c1c51349c4751cbc6663f3d3bced36e7a13bac426cd582e79e
product_images,network switch,Adaptiope/product_images/network switch/network switch_059.jpg,network switch_059.jpg,67881,db54e7ec6fd19ead2501bace6b34796e045944c382b75bb0c1d30a5cad6309d6
product_images,network switch,Adaptiope/product_images/network switch/network switch_064.jpg,network switch_064.jpg,145739,60e32b9e79b27532ec45d37ae3278d07c63408c04dab502c5c30f79cbe38b05f
product_images,network switch,Adaptiope/product_images/network switch/network switch_070.jpg,network switch_070.jpg,23813,aaeb723124038d90f4c9f507c7e64c0aa3b7a7000468dbb2a6fd00a6a2608c8f
product_images,network switch,Adaptiope/product_images/network switch/network switch_021.jpg,network switch_021.jpg,24102,cb88dbf0fc82b69620c8f150793e88be9fb02fe29d46d8807d0759809e7951ff
product_images,network switch,Adaptiope/product_images/network switch/network switch_038.jpg,network switch_038.jpg,34756,3363b065b358097f5b2945a9959a6ac5c3229b31a976bfe067c5f1b5093ddf66
product_images,network switch,Adaptiope/product_images/network switch/network switch_014.jpg,network switch_014.jpg,25658,78cd7d1be9183097568b828b68a3905a722712a50e991edfd0282b61f965f981
product_images,network switch,Adaptiope/product_images/network switch/network switch_080.jpg,network switch_080.jpg,42245,47a942cd3f84e60effcebab5b0585cc6313cd1741bcf0c9e2cbb116a183bd458
product_images,network switch,Adaptiope/product_images/network switch/network switch_036.jpg,network switch_036.jpg,74446,e02fa125d8ca140df617ea2ab15d6232620c52326718224d8cafa44d88c74215
product_images,network switch,Adaptiope/product_images/network switch/network switch_056.jpg,network switch_056.jpg,21796,d88923a855307f0e6431cbedcfae9969647db9cc7095f672172140ce32a6cc48
product_images,network switch,Adaptiope/product_images/network switch/network switch_034.jpg,network switch_034.jpg,24017,41e7d145799a5100df26d33b42b93b18880e7e17fc5756ce690860045cd1bcf4
product_images,network switch,Adaptiope/product_images/network switch/network switch_096.jpg,network switch_096.jpg,84662,e3bb5c39597d1172de74ab795860fa48e2f9633713017936bedfe605f6bb1b68
product_images,network switch,Adaptiope/product_images/network switch/network switch_081.jpg,network switch_081.jpg,16390,f70a746ce8216bf7c30ec6f8d0f82f99d38bb075df9ee26578a56ad2bd1df170
product_images,network switch,Adaptiope/product_images/network switch/network switch_090.jpg,network switch_090.jpg,72397,8ec11991b4906c369f074999c6b4aceefb147872354074c3977326aea82b3773
product_images,network switch,Adaptiope/product_images/network switch/network switch_091.jpg,network switch_091.jpg,36678,79be543d956e36d97b73a957fc787a3df9318859a894ab49e8350fe5d11f6c52
product_images,network switch,Adaptiope/product_images/network switch/network switch_020.jpg,network switch_020.jpg,111981,9b00f0cbbc609cbc1551ea534b7d63bc6048f50d0977568af42339585c9b8010
product_images,network switch,Adaptiope/product_images/network switch/network switch_040.jpg,network switch_040.jpg,21537,6eea89e76fcd01ce80f94ad76cf90ecb19ea22228182fc891f795563ad02e14f
product_images,network switch,Adaptiope/product_images/network switch/network switch_045.jpg,network switch_045.jpg,30987,13634ec362390e4ea378a00b435e614eaad2d7f694035dbcda496f4f67b8a0d8
product_images,network switch,Adaptiope/product_images/network switch/network switch_030.jpg,network switch_030.jpg,101377,b3872e009478dfa5c01dd5097700816e84b555a0ac444e8a8a1ba79edc5a1d41
product_images,network switch,Adaptiope/product_images/network switch/network switch_058.jpg,network switch_058.jpg,25114,0dab7248ea7cea0cfaa0e93bae39bf75f75f5ffe1611557279d882b6a7342e2a
product_images,network switch,Adaptiope/product_images/network switch/network switch_031.jpg,network switch_031.jpg,52923,0637355f23b6b46bbfb669a9d7ff60ab02dbeb9c9d9afb094e627f657685db42
product_images,network switch,Adaptiope/product_images/network switch/network switch_006.jpg,network switch_006.jpg,31551,f59cc948cdf5515dc27b3215c46712fde0b12c1b391186b2b609c586142a2e38
product_images,network switch,Adaptiope/product_images/network switch/network switch_061.jpg,network switch_061.jpg,39036,046d9397419c80ae445a53039011228b532109d91cf20146c1cbbab759670a08
product_images,network switch,Adaptiope/product_images/network switch/network switch_071.jpg,network switch_071.jpg,15158,1e306c831368e444518e0062bad589cbf284514a9d3925e1ab273bca90b6c14b
product_images,network switch,Adaptiope/product_images/network switch/network switch_013.jpg,network switch_013.jpg,12214,3312c72a536bcc36b7d54d9de4c1b8e7a4e2b1c29632c832b05b268aa15353f8
product_images,network switch,Adaptiope/product_images/network switch/network switch_028.jpg,network switch_028.jpg,19591,959119332652df199d4779826c17f61bca4faa5e609cb2f9d8280cf8da5d0e88
product_images,network switch,Adaptiope/product_images/network switch/network switch_008.jpg,network switch_008.jpg,68759,0d5c765854cca70e384c1cf9167a0bc824fde7395d1308ef0d1f229268adf0b0
product_images,network switch,Adaptiope/product_images/network switch/network switch_044.jpg,network switch_044.jpg,46691,1a308e773d3ec8d6420327e0955be0e2592725bbefd4472102a934ae9b79368c
product_images,network switch,Adaptiope/product_images/network switch/network switch_023.jpg,network switch_023.jpg,105518,031f00b0d7ea9e61c4dbfa6d705fa3da5743bbacee6303960108d9b6c77b81d1
product_images,network switch,Adaptiope/product_images/network switch/network switch_098.jpg,network switch_098.jpg,34343,0a6b355fd7414134fb0f46abfdf99e29ff505aa88691d64dbb03bf23f78c11c9
product_images,network switch,Adaptiope/product_images/network switch/network switch_000.jpg,network switch_000.jpg,120141,2f6e26402ab01dfaee7db48f8fac809a4329416254e1a1ae4092aabb969f68c1
product_images,network switch,Adaptiope/product_images/network switch/network switch_074.jpg,network switch_074.jpg,55773,a47f82d262612dea66974d85a226dc223100496d761bbe5ef119b944a2a77713
product_images,network switch,Adaptiope/product_images/network switch/network switch_052.jpg,network switch_052.jpg,36877,62c44472c1f8b81c96b49c19e03caf465963906de916c7f58b0ed67d20c48a75
product_images,usb stick,Adaptiope/product_images/usb stick/usb stick_091.jpg,usb stick_091.jpg,85062,b682943b063f69b2bd4c5a1be940dd355d8a56585bbb9ee7efaa3b7ec7457650
product_images,usb stick,Adaptiope/product_images/usb stick/usb stick_014.jpg,usb stick_014.jpg,37175,402c8ce1e9bdec54503d5d3a897c791160efedff96566bc3ffa585ec43f1e68c
product_images,usb stick,Adaptiope/product_images/usb stick/usb stick_086.jpg,usb stick_086.jpg,63840,f67c15c06646a708487e692ba527d25563895b23e5702a83c0e0bf23f2a3090d
product_images,usb stick,Adaptiope/product_images/usb stick/usb stick_017.jpg,usb stick_017.jpg,60193,3960b167f3a77a485ab629f0786f78733975604cb64ed171651c06c86c7a6b11
product_images,usb stick,Adaptiope/product_images/usb stick/usb stick_092.jpg,usb stick_092.jpg,41825,8bd09edef008ac83505e993db4aa3afe86993138917414645bfe4d790fe58d6b
product_images,usb stick,Adaptiope/product_images/usb stick/usb stick_038.jpg,usb stick_038.jpg,66393,7a2662e2595ab533dc088cd0343481f0ec4fae493ff880e75c8ab84b9ab5fd06
product_images,usb stick,Adaptiope/product_images/usb stick/usb stick_040.jpg,usb stick_040.jpg,56232,6f000878612f65eaddae0c599e1f6c6825e6d37f1f6a6c1eba3f6b1d678b44ee
product_images,usb stick,Adaptiope/product_images/usb stick/usb stick_082.jpg,usb stick_082.jpg,125984,887f48b90cd266b7aca92e630c40e6cfb36dc676beeb7e8546d0c624ec70f7e5
product_images,usb stick,Adaptiope/product_images/usb stick/usb stick_055.jpg,usb stick_055.jpg,39343,cb1a4504ee49e50890e00128f2e1648f49bcf7480c19b22eb2bc8decaa1fa3d1
product_images,usb stick,Adaptiope/product_images/usb stick/usb stick_070.jpg,usb stick_070.jpg,35426,eaa15952a9b3ab804f5da72209229948b99b25d75fa96f2eda243c9f72abeb2b
product_images,usb stick,Adaptiope/product_images/usb stick/usb stick_087.jpg,usb stick_087.jpg,141150,cec7694108a65694aa33d48a0f9700fa15c3f863472d70b5054c5520dd62fa26
product_images,usb stick,Adaptiope/product_images/usb stick/usb stick_025.jpg,usb stick_025.jpg,49760,96c3d16b7fe8219b34d5412867e7b6afd86dfa9b1e05cf0cafb3a7ee56e401c9
product_images,usb stick,Adaptiope/product_images/usb stick/usb stick_042.jpg,usb stick_042.jpg,78900,f7ab20f63fe55a999bbfecd3dc27894587cf5c5a456f667f47ce0045ea62e408
product_images,usb stick,Adaptiope/product_images/usb stick/usb stick_099.jpg,usb stick_099.jpg,24034,3f81f705fdaa29c56889b3cb8d20d1cac88053129865d0fb5b9679ca3e1d0f0d
product_images,usb stick,Adaptiope/product_images/usb stick/usb stick_048.jpg,usb stick_048.jpg,44757,21ef4694330e59789fa3baf11d3c7b12ccf0a4f7da51347419af18b3b746d6f7
product_images,usb stick,Adaptiope/product_images/usb stick/usb stick_022.jpg,usb stick_022.jpg,30104,efa43e018f6e5aacf1c891c7157181b7f9a0919676ed3d8f76712173e57e4ee1
product_images,usb stick,Adaptiope/product_images/usb stick/usb stick_023.jpg,usb stick_023.jpg,77116,ae27ab01aa75aef52a8a4e08bd9aa847a3982589c00daa8380831674017823ab
product_images,usb stick,Adaptiope/product_images/usb stick/usb stick_090.jpg,usb stick_090.jpg,93671,4d397f997ca3d7f42d9d1233761132aa56194a1ed9b7bef154b4942c6af4b6ce
product_images,usb stick,Adaptiope/product_images/usb stick/usb stick_024.jpg,usb stick_024.jpg,74378,439d0e08717c70196c85661968f6e15b130b3106cb35cb808f0f252b49584f67
product_images,usb stick,Adaptiope/product_images/usb stick/usb stick_010.jpg,usb stick_010.jpg,24622,8f62a2a78a2fc1e17d58bfe0598e180827675b2c40de4f5e60d9be6f89d9e4cc
product_images,usb stick,Adaptiope/product_images/usb stick/usb stick_080.jpg,usb stick_080.jpg,47993,dc7cdbaa3fd7a92ec73ea78dbb8a95ec4c9421370442d30e379ee4f5e84c0f3f
product_images,usb stick,Adaptiope/product_images/usb stick/usb stick_036.jpg,usb stick_036.jpg,59025,36b857e6f4e54d1d038fd84a87ca5e044ed7b39aced5ee6254c1bbb55f7f8e25
product_images,usb stick,Adaptiope/product_images/usb stick/usb stick_053.jpg,usb stick_053.jpg,59087,e775b048954af5430cc07f97eaa793fc50eb87cd49d50d2fd0cb703629148b4f
product_images,usb stick,Adaptiope/product_images/usb stick/usb stick_076.jpg,usb stick_076.jpg,136400,93a492e79917cc37c28d3cab159922c85c6af8af35efb5f0d0debe5aa624c4c3
product_images,usb stick,Adaptiope/product_images/usb stick/usb stick_003.jpg,usb stick_003.jpg,36038,80a068e0ed921c01609afe6d9aee688bdd58cc5e2f3513b80d756ac88960c118
product_images,usb stick,Adaptiope/product_images/usb stick/usb stick_031.jpg,usb stick_031.jpg,33482,e62572c2cbfdfc05938009aea12465173f9782df1b8f176b30ceac2e7dcca6be
product_images,usb stick,Adaptiope/product_images/usb stick/usb stick_030.jpg,usb stick_030.jpg,26810,8f3fb165db82b7198252795a496959c954a9335ec80f3d0454bd28d78d05211c
product_images,usb stick,Adaptiope/product_images/usb stick/usb stick_029.jpg,usb stick_029.jpg,92047,94200a604445ed319a96b223f2a2d869d054605f22956df39d4328039bafa75b
product_images,usb stick,Adaptiope/product_images/usb stick/usb stick_081.jpg,usb stick_081.jpg,108486,f2bf5a6ea1e1cba56bdb5d23e1a0f457770d306ce33103a8b999b21dabaefbf7
product_images,usb stick,Adaptiope/product_images/usb stick/usb stick_085.jpg,usb stick_085.jpg,53633,90f038bc0ba92c1de7fe3be08df80786a687b7851054fc48e1a7a1ea810a83f8
product_images,usb stick,Adaptiope/product_images/usb stick/usb stick_089.jpg,usb stick_089.jpg,125530,2b03fe3e7283c29bcc061b488f08a5fe1b46921ef69dc498987c0e84b64e7334
product_images,usb stick,Adaptiope/product_images/usb stick/usb stick_026.jpg,usb stick_026.jpg,150529,cbd808c77b6c2a45c359bfbef934cc1e31269b31c324df170930e8f830da6e6e
product_images,usb stick,Adaptiope/product_images/usb stick/usb stick_063.jpg,usb stick_063.jpg,20121,9d9d1aae15f0175371cb90f46026667ae09c88b65a9a884330eee83bd5d0a1e2
product_images,usb stick,Adaptiope/product_images/usb stick/usb stick_008.jpg,usb stick_008.jpg,74945,9f9834ffb715569d351f7e064a70adb8ffa595128fbe93770e85f31c8db7d6cf
product_images,usb stick,Adaptiope/product_images/usb stick/usb stick_045.jpg,usb stick_045.jpg,98838,9dbca6d782dc103ba325e00ad3ad5334fa6af38887e443c6276f76fc63379cd3
product_images,usb stick,Adaptiope/product_images/usb stick/usb stick_028.jpg,usb stick_028.jpg,62662,ee81c8e8bafdd6b58812df4e5d236a0815b20b9ad560c8bb4c389a2fb7643d7c
product_images,usb stick,Adaptiope/product_images/usb stick/usb stick_061.jpg,usb stick_061.jpg,24870,fae7eb01cf47ec94f2bfae79c88b1572c9d9db92f203d8250ecf378906d2783c
product_images,usb stick,Adaptiope/product_images/usb stick/usb stick_050.jpg,usb stick_050.jpg,181915,a6e8f43fcde2c4c784f5c68c278e25b08526f2cec76651939866e6c97a550436
product_images,usb stick,Adaptiope/product_images/usb stick/usb stick_006.jpg,usb stick_006.jpg,87577,632791a8166674c2c80cfc269f8355ff987568a097c1d9355927fcf9c8371800
product_images,usb stick,Adaptiope/product_images/usb stick/usb stick_018.jpg,usb stick_018.jpg,58691,947e083b653bb95b612c793209844696a9b63d3b4202231ff6f39ca3bcb51913
product_images,usb stick,Adaptiope/product_images/usb stick/usb stick_058.jpg,usb stick_058.jpg,50918,611e762125f4b0b38ff75800d0b385afe92fa4bdb1896bb22d7febaf2a05efeb
product_images,usb stick,Adaptiope/product_images/usb stick/usb stick_072.jpg,usb stick_072.jpg,51156,db96361168f41831197db994563ac0bf227126e69cf8ebce91b552bd9fcd9c7d
product_images,usb stick,Adaptiope/product_images/usb stick/usb stick_013.jpg,usb stick_013.jpg,70001,da3880331fee6bed2c8d316a27d39fbc32326f07b0b76ecc3fbbe356c5bd5137
product_images,usb stick,Adaptiope/product_images/usb stick/usb stick_027.jpg,usb stick_027.jpg,60200,acf2c331d4251632eba8dfa0edd9061abc3dd5f15bbed2995e5506d3ba3bbe02
product_images,usb stick,Adaptiope/product_images/usb stick/usb stick_093.jpg,usb stick_093.jpg,24804,a0af0542d82c3328050a229fc878fe3b467e51159aeb1e490ea9c8444dd90620
product_images,usb stick,Adaptiope/product_images/usb stick/usb stick_073.jpg,usb stick_073.jpg,68412,bfdf08c69d511f11035245cc608bd77e8bd4b40f8cd877dac9339bd4fe50734b
product_images,usb stick,Adaptiope/product_images/usb stick/usb stick_035.jpg,usb stick_035.jpg,136666,795a811192a697012778c8a265c033aeeb83c7096f63b59316b320d8fb620821
product_images,usb stick,Adaptiope/product_images/usb stick/usb stick_095.jpg,usb stick_095.jpg,28358,c793b02b0ddf2920818ecc29c6616477a10f9f6b3ddca1bc551c9d3ab71eb0a7
product_images,usb stick,Adaptiope/product_images/usb stick/usb stick_019.jpg,usb stick_019.jpg,138632,f53e0f0fd2c568f3ef32efade168faac061df9e9a38c64f3ec6a28842aa6666e
product_images,usb stick,Adaptiope/product_images/usb stick/usb stick_049.jpg,usb stick_049.jpg,91222,68d2a930714e38b8880138ed663ba89420e2fa81f1b90e3099991e21abe49de6
product_images,usb stick,Adaptiope/product_images/usb stick/usb stick_005.jpg,usb stick_005.jpg,15489,54f348b42f80d82407e841b90ad9ca3a43dac921c2c10b117a2b7bec612e7c14
product_images,usb stick,Adaptiope/product_images/usb stick/usb stick_020.jpg,usb stick_020.jpg,14659,293a102d580d37077b52ca4cd0a149c74a604a850f4419fec582d0e290a203f8
product_images,usb stick,Adaptiope/product_images/usb stick/usb stick_011.jpg,usb stick_011.jpg,27128,2820743768382ec8e6c7887bf97f335a6616235ac189edd2898626d434bc9fe0
product_images,usb stick,Adaptiope/product_images/usb stick/usb stick_097.jpg,usb stick_097.jpg,29043,d3a15895cbe1596a201d33712c132498de5b9346156ac3c7333fb722f23be1bc
product_images,usb stick,Adaptiope/product_images/usb stick/usb stick_002.jpg,usb stick_002.jpg,78962,87d93d1a714452a37bb4cf9b31a226815f0e5105afbcf3c380a81acc4c772689
product_images,usb stick,Adaptiope/product_images/usb stick/usb stick_034.jpg,usb stick_034.jpg,43222,8cb9c3dc8fbff9c1ea987f6a04030ffbf6a2e6da181a815c001bd7fab2876287
product_images,usb stick,Adaptiope/product_images/usb stick/usb stick_083.jpg,usb stick_083.jpg,94931,4a9533d7150bea505d14abc969de7d31fe0c0cd6ac8363000c6c4b5d80e8856c
product_images,usb stick,Adaptiope/product_images/usb stick/usb stick_033.jpg,usb stick_033.jpg,114902,21cd975a4b290b0f2b69a1589923576fd9a5aa77067726fcf3a21ebfdec609eb
product_images,usb stick,Adaptiope/product_images/usb stick/usb stick_037.jpg,usb stick_037.jpg,18614,c185b703459e8c09595d6c8f066fc4439d23a105c16e97329a1edcd5e6dd8a78
product_images,usb stick,Adaptiope/product_images/usb stick/usb stick_001.jpg,usb stick_001.jpg,47342,bd0c53aa0fbc36181bea56edac61a95965f23034baaae619df84884135e8fd80
product_images,usb stick,Adaptiope/product_images/usb stick/usb stick_039.jpg,usb stick_039.jpg,88207,88d554ea6be1e20ad538c26254ed97368618e4a14ded590863df2cac784413d9
product_images,usb stick,Adaptiope/product_images/usb stick/usb stick_046.jpg,usb stick_046.jpg,72188,6d624ce2ded900f70c08426e4a5efa06a261afb5ab97071410f6c9505d2f7f3f
product_images,usb stick,Adaptiope/product_images/usb stick/usb stick_068.jpg,usb stick_068.jpg,220777,fcdf0a684d613f1084cb24c610beaff088dd70188b7647aa4f3925eba0c27345
product_images,usb stick,Adaptiope/product_images/usb stick/usb stick_094.jpg,usb stick_094.jpg,84864,be41300d9e12a85e6862324368b3b7ed6fadd87379df29ce99772b19c93c2ccc
product_images,usb stick,Adaptiope/product_images/usb stick/usb stick_054.jpg,usb stick_054.jpg,33996,9882cfeb3507139ed9319a35f8f59790bc27aab5c41d2a3774c2f16f871a63a9
product_images,usb stick,Adaptiope/product_images/usb stick/usb stick_007.jpg,usb stick_007.jpg,167445,5591bfcb33938f70718f444dc20cd54a6ada4adf9ff7a74da8a6f0935741d0c0
product_images,usb stick,Adaptiope/product_images/usb stick/usb stick_078.jpg,usb stick_078.jpg,124419,26290a2040c00f0c42e2035c3c25493a61d4cf0d74207118df87c2b0c2a500e1
product_images,usb stick,Adaptiope/product_images/usb stick/usb stick_000.jpg,usb stick_000.jpg,52266,89153b5b5b8ba28e7c9e505987503de603ec46d77c11533f9324b33813864678
product_images,usb stick,Adaptiope/product_images/usb stick/usb stick_041.jpg,usb stick_041.jpg,51219,eb1aef4bd7acfc228f77d3c9991bc8da7b3e0a51f382dc74675567ccf87f42ce
product_images,usb stick,Adaptiope/product_images/usb stick/usb stick_065.jpg,usb stick_065.jpg,30203,11d89ec330538415ddd37aa39427f82d284257b60acbc02ed00d93ac0d9d8a75
product_images,usb stick,Adaptiope/product_images/usb stick/usb stick_004.jpg,usb stick_004.jpg,41105,3776b77e2230d651ac7cf42367a2b6b5f6eea304e995ae7abfcdb6d20bb6c9d2
product_images,usb stick,Adaptiope/product_images/usb stick/usb stick_052.jpg,usb stick_052.jpg,33082,a8ed6a33fe6f5b370ed0372d66b0cfc90d7be8c9cdaf75be31ba79642d297c21
product_images,usb stick,Adaptiope/product_images/usb stick/usb stick_077.jpg,usb stick_077.jpg,67508,055d70a10f4438e0be14e7a997c13315ea99a97e1555556d04b90561cb278b03
product_images,usb stick,Adaptiope/product_images/usb stick/usb stick_057.jpg,usb stick_057.jpg,19250,9ef7dc0c91fa5185f37668f0020ec6985862fd3ce9944ceff14ab68cafd505cd
product_images,usb stick,Adaptiope/product_images/usb stick/usb stick_043.jpg,usb stick_043.jpg,81582,e0e02ed5cf30767da632a58037ee1aaca55e7bc8539ca0cef9694e45ba33fd54
product_images,usb stick,Adaptiope/product_images/usb stick/usb stick_059.jpg,usb stick_059.jpg,42278,6148da139dac774f78c157b5c380148c1165e31ed71b5396b5c1574722e04adb
product_images,usb stick,Adaptiope/product_images/usb stick/usb stick_064.jpg,usb stick_064.jpg,19463,36abbe5a93f3d3034de94466a97567cbd5b9bf4185ff8816e7dba011c5067678
product_images,usb stick,Adaptiope/product_images/usb stick/usb stick_015.jpg,usb stick_015.jpg,60517,bcd8a9a0c2b268b32121a0deb6de565fc3db9eef6a0fbe12f750857dc3f98720
product_images,usb stick,Adaptiope/product_images/usb stick/usb stick_062.jpg,usb stick_062.jpg,12174,6675679c27c8da41e776bef4e719cab623fe5236a19f7637cddaf7e1d07e5746
product_images,usb stick,Adaptiope/product_images/usb stick/usb stick_056.jpg,usb stick_056.jpg,80831,c0909f9aa2fa5c76c1762bb86fec39727479ca17c893379bdd68f37482e71ce5
product_images,usb stick,Adaptiope/product_images/usb stick/usb stick_021.jpg,usb stick_021.jpg,116286,bef05f7b6a6a11a91ecfbc060a02e9ad49f81bcb5f8460a980c103270daf71ac
product_images,usb stick,Adaptiope/product_images/usb stick/usb stick_079.jpg,usb stick_079.jpg,50955,ac7a7b5eb7027f0061a2b783d82d9b1c358214be5b6f80bfc9752afbc45593c3
product_images,usb stick,Adaptiope/product_images/usb stick/usb stick_066.jpg,usb stick_066.jpg,147266,67bd16fa106417e5e861527015732afcf578df905a8141125185b7d844853a3b
product_images,usb stick,Adaptiope/product_images/usb stick/usb stick_060.jpg,usb stick_060.jpg,125750,6206e51611a72c8c7827f04643779c7e5f15ad53e3f0239ef2293e8f66a14266
product_images,usb stick,Adaptiope/product_images/usb stick/usb stick_069.jpg,usb stick_069.jpg,79764,4a90d6d6178744cfc635e9a7c6f27a086ae0e7433cf6bbac97c98be468e83962
product_images,usb stick,Adaptiope/product_images/usb stick/usb stick_047.jpg,usb stick_047.jpg,51828,8f563885910d5c43df8be9e62cacf738f2cb22c86eaafb402d653cb8807950ea
product_images,usb stick,Adaptiope/product_images/usb stick/usb stick_084.jpg,usb stick_084.jpg,52644,ebee64532f9b5d90c288b64134014a417d5fee04c1def6448c5f4083903f90a7
product_images,usb stick,Adaptiope/product_images/usb stick/usb stick_096.jpg,usb stick_096.jpg,91432,1efb24ce36a41d7881b7190521306dedec6779228311031ec190d62e279279ac
product_images,usb stick,Adaptiope/product_images/usb stick/usb stick_012.jpg,usb stick_012.jpg,47544,e85b785d13e16d3b70c779d1331d00576812bd6aff71560d2609256c5d29e27f
product_images,usb stick,Adaptiope/product_images/usb stick/usb stick_075.jpg,usb stick_075.jpg,45319,94ed5ce53b5efbb4604bb4bc5dee7c316864d8db407ce21bd5a8a21ecdd6e364
product_images,usb stick,Adaptiope/product_images/usb stick/usb stick_074.jpg,usb stick_074.jpg,136044,1e60d1b9c7ef22535eaa0caac301d6be37e95fee18709447150a4b24c2114ae3
product_images,usb stick,Adaptiope/product_images/usb stick/usb stick_088.jpg,usb stick_088.jpg,121636,7b1a287ff3668e9e7fe9208fcffdb0863380a1198c0e776547548b024e6296ec
product_images,usb stick,Adaptiope/product_images/usb stick/usb stick_067.jpg,usb stick_067.jpg,95191,a1c6a45b151dd16e4c0e004fc3db553be6f9845cf2e728c4caddc63313b40d00
product_images,usb stick,Adaptiope/product_images/usb stick/usb stick_098.jpg,usb stick_098.jpg,61730,90a9c62ae148969b17d959b6130b5fc7f50fc0f79cb6f2a3b44218a8da739bc9
product_images,usb stick,Adaptiope/product_images/usb stick/usb stick_071.jpg,usb stick_071.jpg,146013,9bf228371a2b109490d041182fbe55c0ebe10a3836c92018d10ca741fbafdb10
product_images,usb stick,Adaptiope/product_images/usb stick/usb stick_032.jpg,usb stick_032.jpg,94976,44ee1361f5ddee445e815e1fc72c7adc3e114371f2b12fe0d485e0bd4568ef6c
product_images,usb stick,Adaptiope/product_images/usb stick/usb stick_009.jpg,usb stick_009.jpg,39214,47b27ba7788f5d95aaff53a9b77e9e3fd14eeeceed5abc919bac05b584c33f78
product_images,usb stick,Adaptiope/product_images/usb stick/usb stick_051.jpg,usb stick_051.jpg,50183,6d642769839a136fb02b02a345120eacfc8728386c264b665e8ae86cc6fa511b
product_images,usb stick,Adaptiope/product_images/usb stick/usb stick_016.jpg,usb stick_016.jpg,21588,53d38b5de8859078d43befee1fa59bd2b6895edbde7c295764dc63a51c0a0644
product_images,usb stick,Adaptiope/product_images/usb stick/usb stick_044.jpg,usb stick_044.jpg,68024,0777c31c60aae063344d1d211bd30a40f86866ccf195625186523f3d833374eb
product_images,in-ear headphones,Adaptiope/product_images/in-ear headphones/in-ear headphones_075.jpg,in-ear headphones_075.jpg,59853,f1b6b33a77df871a523c047daf1f78abdb07430eadb082385ce94ef242e16845
product_images,in-ear headphones,Adaptiope/product_images/in-ear headphones/in-ear headphones_095.jpg,in-ear headphones_095.jpg,96315,3685f118e020eea1afc78bfc587e51c1daa55fe75948b24480b986b02cf357ad
product_images,in-ear headphones,Adaptiope/product_images/in-ear headphones/in-ear headphones_066.jpg,in-ear headphones_066.jpg,36484,b2aa5d1f8b95a8d7ffa1db181176be91e0d64363ccdf473203dd8f81530c9dc3
product_images,in-ear headphones,Adaptiope/product_images/in-ear headphones/in-ear headphones_048.jpg,in-ear headphones_048.jpg,33648,edd9713ff4e08a0cbfaadb92eb266025ea9778943535c5d9b13c4967e8369b56
product_images,in-ear headphones,Adaptiope/product_images/in-ear headphones/in-ear headphones_003.jpg,in-ear headphones_003.jpg,33712,7a449368063f66f84d078f09c9d6dac42348be4e519a016e296d390804b62760
product_images,in-ear headphones,Adaptiope/product_images/in-ear headphones/in-ear headphones_033.jpg,in-ear headphones_033.jpg,54101,f246bb8251fc30154515175cc59d8a6d5907159efb41654e9d1a0426ac6dffdd
product_images,in-ear headphones,Adaptiope/product_images/in-ear headphones/in-ear headphones_094.jpg,in-ear headphones_094.jpg,24214,dcd45c4aa797886e27348c30535b190a2ab46fcf04fafccdd96384a4e8cbf583
product_images,in-ear headphones,Adaptiope/product_images/in-ear headphones/in-ear headphones_031.jpg,in-ear headphones_031.jpg,38869,9af395059393f473ab74c6a27f44c1e139eb1a03ef5ca47b4f109d07a8ceffc6
product_images,in-ear headphones,Adaptiope/product_images/in-ear headphones/in-ear headphones_038.jpg,in-ear headphones_038.jpg,42204,0d825a587b6eae9100c29f7a45bd0746784aefed32722b389f2d57dbf043c16d
product_images,in-ear headphones,Adaptiope/product_images/in-ear headphones/in-ear headphones_096.jpg,in-ear headphones_096.jpg,22802,2dc1b86d309381cf0524259302de10878f4de4d419613e3ee9a36191cdd5e31a
product_images,in-ear headphones,Adaptiope/product_images/in-ear headphones/in-ear headphones_085.jpg,in-ear headphones_085.jpg,61789,595757fbc06539a3eb012a1ef3462bf77f37a8453f0bf8766fb460d186f845e3
product_images,in-ear headphones,Adaptiope/product_images/in-ear headphones/in-ear headphones_028.jpg,in-ear headphones_028.jpg,111026,f05698aa16086513fa04a2c3b847310331854cf1d814eddfec2699ffea07ddd1
product_images,in-ear headphones,Adaptiope/product_images/in-ear headphones/in-ear headphones_030.jpg,in-ear headphones_030.jpg,137361,3bf4d6a1f9a716fe36135a6f163105c466cb90cf94e17b72e09aaaf7272e5c39
product_images,in-ear headphones,Adaptiope/product_images/in-ear headphones/in-ear headphones_059.jpg,in-ear headphones_059.jpg,128480,01f2b360c9b25709c3d50cf1522ee4638fdf552d3211674ee7ad92e4154943de
product_images,in-ear headphones,Adaptiope/product_images/in-ear headphones/in-ear headphones_057.jpg,in-ear headphones_057.jpg,70151,2256b1c71720fb0f09c0ff1b85456db8d22ef6fd71fe261b0e20178212397c68
product_images,in-ear headphones,Adaptiope/product_images/in-ear headphones/in-ear headphones_036.jpg,in-ear headphones_036.jpg,36013,6cdb31f290922dc1337d0c476fc463ec2cacfafe6858f2be0fa04d08771dfe98
product_images,in-ear headphones,Adaptiope/product_images/in-ear headphones/in-ear headphones_007.jpg,in-ear headphones_007.jpg,62728,555c3948df036a82dc43c0ebd2baccafcd64c93fce03d061b29a5ca7684f7155
product_images,in-ear headphones,Adaptiope/product_images/in-ear headphones/in-ear headphones_076.jpg,in-ear headphones_076.jpg,21554,f88a2bad6fbd9edef8c423a8b6fab71f8af873deaf3d7df17edc2284f57b0464
product_images,in-ear headphones,Adaptiope/product_images/in-ear headphones/in-ear headphones_051.jpg,in-ear headphones_051.jpg,103151,bbff2874e96fed9817118c9750e300765c324529a749f052a8f8dbea688e9cba
product_images,in-ear headphones,Adaptiope/product_images/in-ear headphones/in-ear headphones_023.jpg,in-ear headphones_023.jpg,29024,ac3a00f56e952768073bde19793a6741b5254d2b5154e7a2036eb4c259b82565
product_images,in-ear headphones,Adaptiope/product_images/in-ear headphones/in-ear headphones_052.jpg,in-ear headphones_052.jpg,85317,54cd0575192137720ef87f781773050a32221d6b12685e308085fd84e01a6af6
product_images,in-ear headphones,Adaptiope/product_images/in-ear headphones/in-ear headphones_087.jpg,in-ear headphones_087.jpg,66989,7bf52e2cf1c20a817261c18b4e547075c31718a894ddb6e1ce97fb6f8ef42706
product_images,in-ear headphones,Adaptiope/product_images/in-ear headphones/in-ear headphones_091.jpg,in-ear headphones_091.jpg,27792,fa61683e07276c1285f9f1681eadcf227e3879f70d6b0d60b3c6a3bb546b9c3c
product_images,in-ear headphones,Adaptiope/product_images/in-ear headphones/in-ear headphones_002.jpg,in-ear headphones_002.jpg,22367,d740c52166a47313b2250ce07224194a0d909486dedee5472a3f59a1346748a1
product_images,in-ear headphones,Adaptiope/product_images/in-ear headphones/in-ear headphones_018.jpg,in-ear headphones_018.jpg,19232,d7d4f06983c2bce12175bef01cb32ce05f6b093f31729f31f7d99a6b29471f47
product_images,in-ear headphones,Adaptiope/product_images/in-ear headphones/in-ear headphones_014.jpg,in-ear headphones_014.jpg,99355,2f777f1754f43746816e5d1cf692b7e056aace4cd9c6158789e8ce45702fd9b2
product_images,in-ear headphones,Adaptiope/product_images/in-ear headphones/in-ear headphones_088.jpg,in-ear headphones_088.jpg,34995,6c95ab3eff788c771cfff36be35a197dcb3fc3a309515d78cc1eba8e46f1eff4
product_images,in-ear headphones,Adaptiope/product_images/in-ear headphones/in-ear headphones_011.jpg,in-ear headphones_011.jpg,61188,ab9daaaab8837089d48727b1e95dde3d1520cb6c7f9c11aace3c7e31e1e0cb44
product_images,in-ear headphones,Adaptiope/product_images/in-ear headphones/in-ear headphones_027.jpg,in-ear headphones_027.jpg,141608,2f528c68b96c377dc0c0a63df7a088748e805e816fa446cb5156e991369d2978
product_images,in-ear headphones,Adaptiope/product_images/in-ear headphones/in-ear headphones_040.jpg,in-ear headphones_040.jpg,17966,39f92a92336923cbac0ae0ec2b502f7603857e34427b780069def39a7f638917
product_images,in-ear headphones,Adaptiope/product_images/in-ear headphones/in-ear headphones_070.jpg,in-ear headphones_070.jpg,33096,3f1abb7d0bb6032ba16a11bb1a67bfdaa794c16af01c94b4df9a648124279228
product_images,in-ear headphones,Adaptiope/product_images/in-ear headphones/in-ear headphones_098.jpg,in-ear headphones_098.jpg,22552,4aeac80ff91722f6ab1c9dc1dc003cacb48bb63965d67cd3721054d22ae5ccf5
product_images,in-ear headphones,Adaptiope/product_images/in-ear headphones/in-ear headphones_045.jpg,in-ear headphones_045.jpg,79636,8a9a1f8862ee5e72827218b8ca6fee1be66dc93bd00eefe7e46b9cc55197cf8f
product_images,in-ear headphones,Adaptiope/product_images/in-ear headphones/in-ear headphones_034.jpg,in-ear headphones_034.jpg,143286,a1db59d67e7ca8530ddff243c5097205dbb113662c08b8a8763ba012100ac9fe
product_images,in-ear headphones,Adaptiope/product_images/in-ear headphones/in-ear headphones_037.jpg,in-ear headphones_037.jpg,52178,edc7115b962897aa063dc72e40dac7535a6a22889a16cfe615f8e353caa616aa
product_images,in-ear headphones,Adaptiope/product_images/in-ear headphones/in-ear headphones_083.jpg,in-ear headphones_083.jpg,23186,bfc521ed637e09457f5355af30d5918498397089289774516886a69c95f1953e
product_images,in-ear headphones,Adaptiope/product_images/in-ear headphones/in-ear headphones_090.jpg,in-ear headphones_090.jpg,54446,76eab6e8fdec5eefc4376a608473d07ddcc871055fa7f413f08c8994a4535518
product_images,in-ear headphones,Adaptiope/product_images/in-ear headphones/in-ear headphones_061.jpg,in-ear headphones_061.jpg,122715,8036f8bc8371dfc0aa246d309517fd2ee80cb1136a0782c9c6867fd441ba2c2c
product_images,in-ear headphones,Adaptiope/product_images/in-ear headphones/in-ear headphones_005.jpg,in-ear headphones_005.jpg,116628,4bba62362bba92877e8f14df0be2eda654a9ce0ec15ab1a8e07af153053efcf0
product_images,in-ear headphones,Adaptiope/product_images/in-ear headphones/in-ear headphones_024.jpg,in-ear headphones_024.jpg,20693,e553ac59fba87031760a8772fd6e506eb5023f953f7d3d65cb5269bd719005de
product_images,in-ear headphones,Adaptiope/product_images/in-ear headphones/in-ear headphones_093.jpg,in-ear headphones_093.jpg,67341,b0024fefb5b3cccfa842b55799971ee650cfc127fd96140c45cc3b2de631bf07
product_images,in-ear headphones,Adaptiope/product_images/in-ear headphones/in-ear headphones_041.jpg,in-ear headphones_041.jpg,65532,72170cd3c41918dbc26cf5fc8dc9b5b0ba96607f6459ae7f1158334408f28021
product_images,in-ear headphones,Adaptiope/product_images/in-ear headphones/in-ear headphones_020.jpg,in-ear headphones_020.jpg,32193,5dc0f2a7cac2e7ef7467363162d621b3bf6a77fbb843eb9a67f907065601fa6a
product_images,in-ear headphones,Adaptiope/product_images/in-ear headphones/in-ear headphones_084.jpg,in-ear headphones_084.jpg,76376,f944904bc44cd9dedb79f7d731973e1d623d68ee5b8b477fdccbd34547ac4fb0
product_images,in-ear headphones,Adaptiope/product_images/in-ear headphones/in-ear headphones_019.jpg,in-ear headphones_019.jpg,87200,49c0799e91cf99dfc0f5cb9cceb10822c30514e9ebcb9a50d9db3db5e807ac5f
product_images,in-ear headphones,Adaptiope/product_images/in-ear headphones/in-ear headphones_054.jpg,in-ear headphones_054.jpg,23562,23e3e4d1476ef07c226820848881a870f84b8c43088fa22a3babc57caa82151d
product_images,in-ear headphones,Adaptiope/product_images/in-ear headphones/in-ear headphones_081.jpg,in-ear headphones_081.jpg,69543,361c4dfe500ca793f82a3a539824d24d6ef489ee5bf1489a10fdfc55b4f97cbb
product_images,in-ear headphones,Adaptiope/product_images/in-ear headphones/in-ear headphones_015.jpg,in-ear headphones_015.jpg,81128,fc5c4343bf7b977b5e31db3a8ac2fdea00a64890b9ac8169e720931b09225988
product_images,in-ear headphones,Adaptiope/product_images/in-ear headphones/in-ear headphones_062.jpg,in-ear headphones_062.jpg,108102,fc1b7f16cdb4b58daa41a71fcc2947b649c1d0cf0ad36946ad8b155f4ccd7ce6
product_images,in-ear headphones,Adaptiope/product_images/in-ear headphones/in-ear headphones_092.jpg,in-ear headphones_092.jpg,21153,be93e802ab26db5012fd251b02a374e6c0a819cc96ad4175d9d8fe6fad363cdb
product_images,in-ear headphones,Adaptiope/product_images/in-ear headphones/in-ear headphones_022.jpg,in-ear headphones_022.jpg,92433,6243bd6e36f505418c6007621218da22b2bb639e4851504611c3e73bb90c0139
product_images,in-ear headphones,Adaptiope/product_images/in-ear headphones/in-ear headphones_010.jpg,in-ear headphones_010.jpg,64585,ef8534d75b7209a31b84a72fea0fe62ff40706005d80eaff8baec6309e5c3d74
product_images,in-ear headphones,Adaptiope/product_images/in-ear headphones/in-ear headphones_073.jpg,in-ear headphones_073.jpg,26599,574a16e19fa26b0e7622cf4699fdaac0e3ece48ee09faf54ee70330f07e29679
product_images,in-ear headphones,Adaptiope/product_images/in-ear headphones/in-ear headphones_047.jpg,in-ear headphones_047.jpg,20663,df5d84e8f8e5c4897e841af4605efb21b0f00eef3a12a79728b87594708e499b
product_images,in-ear headphones,Adaptiope/product_images/in-ear headphones/in-ear headphones_072.jpg,in-ear headphones_072.jpg,92322,0a15e0a3843213f85aa212f3ed3eaad7bc782f1a6362d2900ce5b422de501788
product_images,in-ear headphones,Adaptiope/product_images/in-ear headphones/in-ear headphones_067.jpg,in-ear headphones_067.jpg,21111,0701493095d0bcee31a2bca277af916323b5aa11444b090a77d6ccd6636b95cc
product_images,in-ear headphones,Adaptiope/product_images/in-ear headphones/in-ear headphones_044.jpg,in-ear headphones_044.jpg,40177,2d7af8e52ac4628f86b517b9ecebb54d12c50d8afbe1e08fb855651f8c1c6638
product_images,in-ear headphones,Adaptiope/product_images/in-ear headphones/in-ear headphones_021.jpg,in-ear headphones_021.jpg,47853,a4ad33f67ba88e7c9b76abe9fa27099f91c82661e6694f5dd63711179587fe3b
product_images,in-ear headphones,Adaptiope/product_images/in-ear headphones/in-ear headphones_026.jpg,in-ear headphones_026.jpg,114261,7bed96a9fe1bcf508338340dafda697b9a2ae68d6b202cf9fb0db8949256989e
product_images,in-ear headphones,Adaptiope/product_images/in-ear headphones/in-ear headphones_078.jpg,in-ear headphones_078.jpg,78299,7bc34d510474af324ef9d993621cea7d9b3cbe9cecfb54dba9ba7b152eb8d01a
product_images,in-ear headphones,Adaptiope/product_images/in-ear headphones/in-ear headphones_009.jpg,in-ear headphones_009.jpg,28720,293844b567eb25cce4b7ff3f352adab72f6e51b4ccb3465b4acf66434c5db30c
product_images,in-ear headphones,Adaptiope/product_images/in-ear headphones/in-ear headphones_049.jpg,in-ear headphones_049.jpg,77992,fbd9524a9c1e7ff2d66679e22cc2b40f5b61af0c870641c6c23801fc9ddb988b
product_images,in-ear headphones,Adaptiope/product_images/in-ear headphones/in-ear headphones_042.jpg,in-ear headphones_042.jpg,34273,c71a8c109829b5c0035dae77aaff891c455c65ced8a52d673e89a424d2189388
product_images,in-ear headphones,Adaptiope/product_images/in-ear headphones/in-ear headphones_046.jpg,in-ear headphones_046.jpg,46870,c7ef86cd782369eecce9abed413b2688f1331f1b527a5ed5ae484fbce0945b60
product_images,in-ear headphones,Adaptiope/product_images/in-ear headphones/in-ear headphones_065.jpg,in-ear headphones_065.jpg,90790,33d0d523384897040afccc934006793c45bfab4aed974a012dc6d50191790180
product_images,in-ear headphones,Adaptiope/product_images/in-ear headphones/in-ear headphones_013.jpg,in-ear headphones_013.jpg,34658,d8b96f34867c2912ef39423dce0d1c9f3cf684716747be70ebc8717f2bfa1ac5
product_images,in-ear headphones,Adaptiope/product_images/in-ear headphones/in-ear headphones_017.jpg,in-ear headphones_017.jpg,20982,ae463e7bcbdf747184b5b81c01f7626dd10c0ccb668a29d9352613678af858eb
product_images,in-ear headphones,Adaptiope/product_images/in-ear headphones/in-ear headphones_058.jpg,in-ear headphones_058.jpg,65982,8e202d2ca8abff219e55c838b142a92d9ee6668068d081d274620db2619c3fc1
product_images,in-ear headphones,Adaptiope/product_images/in-ear headphones/in-ear headphones_063.jpg,in-ear headphones_063.jpg,38747,b9039f52b11dfadfcd4b9faf102f5f073889739ee6d961e6a38726f6ab8ae371
product_images,in-ear headphones,Adaptiope/product_images/in-ear headphones/in-ear headphones_012.jpg,in-ear headphones_012.jpg,57664,7457287d381d0bc541be174fba883a4f3f73c2063b02d778d4ad0113ceae1582
product_images,in-ear headphones,Adaptiope/product_images/in-ear headphones/in-ear headphones_077.jpg,in-ear headphones_077.jpg,42111,f8ff4e0652ae2b040c49386e1b087bbb291bea375ab8150f8e53111f0da5a997
product_images,in-ear headphones,Adaptiope/product_images/in-ear headphones/in-ear headphones_050.jpg,in-ear headphones_050.jpg,53753,19bd4f83001ffdbf14bb88f1243cd2e90848d0dd400225d1dc19bda048b5dccb
product_images,in-ear headphones,Adaptiope/product_images/in-ear headphones/in-ear headphones_029.jpg,in-ear headphones_029.jpg,25270,ad1e07ce183a9cc397b11d40732055f3ee1af583e74c6fab8ecb582e5ecedf4b
product_images,in-ear headphones,Adaptiope/product_images/in-ear headphones/in-ear headphones_016.jpg,in-ear headphones_016.jpg,35489,d041ab85a6d1339be487cdb925c2b70311df3fd46a147408297fd48e4ce50512
product_images,in-ear headphones,Adaptiope/product_images/in-ear headphones/in-ear headphones_035.jpg,in-ear headphones_035.jpg,45627,641ff79f403cc96fdc475a9612943c80f9f9cf892debdffa30a6879a73a48599
product_images,in-ear headphones,Adaptiope/product_images/in-ear headphones/in-ear headphones_025.jpg,in-ear headphones_025.jpg,49734,1c7172a5ebd275fd08097fb56b8a08ec001f85ae505558ffdb5a93d473c4decc
product_images,in-ear headphones,Adaptiope/product_images/in-ear headphones/in-ear headphones_080.jpg,in-ear headphones_080.jpg,20900,c372f3fc518fd82fa44675b1fe146620d1be83052cebe7ea169b37a1f463991e
product_images,in-ear headphones,Adaptiope/product_images/in-ear headphones/in-ear headphones_064.jpg,in-ear headphones_064.jpg,83597,bd2ae05ad0ff7a4082f50e81fc432c01565d8252827bf06a1f7f6ab1ec662e6b
product_images,in-ear headphones,Adaptiope/product_images/in-ear headphones/in-ear headphones_086.jpg,in-ear headphones_086.jpg,52443,aa3e03fee968b3558572e03e5769722a886c6456ee91e0af4a64c18707918a8d
product_images,in-ear headphones,Adaptiope/product_images/in-ear headphones/in-ear headphones_082.jpg,in-ear headphones_082.jpg,71954,4f7a794ce8977e304f323af41465cf3d0234c3fe05f8e68358c138bfa0cad810
product_images,in-ear headphones,Adaptiope/product_images/in-ear headphones/in-ear headphones_071.jpg,in-ear headphones_071.jpg,27021,dd5c4c09e91ac4e051606d341d6a23679ebd03b59f49ef11ba3f86a3ca83d018
product_images,in-ear headphones,Adaptiope/product_images/in-ear headphones/in-ear headphones_074.jpg,in-ear headphones_074.jpg,144820,57d4ff0de613cf5d2d5d80551cb2f2be5943a8e3dd242d48923a175e7eaf0d29
product_images,in-ear headphones,Adaptiope/product_images/in-ear headphones/in-ear headphones_099.jpg,in-ear headphones_099.jpg,28361,7c108cbd039c171b00308c9372d82ad47b2f5d78df41ca6322ee1669fa870c2d
product_images,in-ear headphones,Adaptiope/product_images/in-ear headphones/in-ear headphones_053.jpg,in-ear headphones_053.jpg,66831,b2500db09635343af18dd4f583e1e43e0850b8d2f4bb18cc2f124c48cc3fdf01
product_images,in-ear headphones,Adaptiope/product_images/in-ear headphones/in-ear headphones_060.jpg,in-ear headphones_060.jpg,64023,52945cafb79ca6360f2c94455221dd1de15d3ad0b03ca1e131e48055592a49fb
product_images,in-ear headphones,Adaptiope/product_images/in-ear headphones/in-ear headphones_056.jpg,in-ear headphones_056.jpg,41339,da67d1fea503eca254db187af052c64c3f0296409985084131216b48a7bb5bb6
product_images,in-ear headphones,Adaptiope/product_images/in-ear headphones/in-ear headphones_055.jpg,in-ear headphones_055.jpg,23166,e630b691db7cb9c9abb288fbac32c4af508aaaa197639799780b34f74873cb12
product_images,in-ear headphones,Adaptiope/product_images/in-ear headphones/in-ear headphones_079.jpg,in-ear headphones_079.jpg,58133,b4858cc4c42af359e38846869fcd85963e251e94d62988bdae6ba077cd03f74b
product_images,in-ear headphones,Adaptiope/product_images/in-ear headphones/in-ear headphones_089.jpg,in-ear headphones_089.jpg,69152,34756d03e4520493d429ad38c2aafc5d69587fd96c9025adb52f72cd38ffdf82
product_images,in-ear headphones,Adaptiope/product_images/in-ear headphones/in-ear headphones_068.jpg,in-ear headphones_068.jpg,22724,22da4b612dddb800c8a546b734d22d936408a5d3c80b89354de30e3e0aad10fc
product_images,in-ear headphones,Adaptiope/product_images/in-ear headphones/in-ear headphones_000.jpg,in-ear headphones_000.jpg,186137,897aba451daa1335c732b3c52ef829254e6a98f1e5965dcdfe91c51856d10837
product_images,in-ear headphones,Adaptiope/product_images/in-ear headphones/in-ear headphones_001.jpg,in-ear headphones_001.jpg,62713,8a23106b6b718f94ac0b6fee343f696c47a8b616b8939605b4885e6b65748571
product_images,in-ear headphones,Adaptiope/product_images/in-ear headphones/in-ear headphones_069.jpg,in-ear headphones_069.jpg,66286,eb818fec9e695e5497975178d02cf6b2738fe79e51901fbcefb8419480d62fd5
product_images,in-ear headphones,Adaptiope/product_images/in-ear headphones/in-ear headphones_039.jpg,in-ear headphones_039.jpg,46141,baf495067c9381a36bd1e85c078dc3b367045be8b038ff4d26113ba29d65bb6a
product_images,in-ear headphones,Adaptiope/product_images/in-ear headphones/in-ear headphones_097.jpg,in-ear headphones_097.jpg,31839,84b250cf897297b5512be7624acf2fc56f62853505f44d7a754915d772f09798
product_images,in-ear headphones,Adaptiope/product_images/in-ear headphones/in-ear headphones_043.jpg,in-ear headphones_043.jpg,107072,634420ab30e6cc4f889420356868f09f40c4da548650312ed66f938c6c14df3f
product_images,in-ear headphones,Adaptiope/product_images/in-ear headphones/in-ear headphones_008.jpg,in-ear headphones_008.jpg,122693,4a5035a17bae2d7841ad4dd785afd69364a75b8b45e5e3a1fe96b164bb47e465
product_images,in-ear headphones,Adaptiope/product_images/in-ear headphones/in-ear headphones_004.jpg,in-ear headphones_004.jpg,69167,349a888995241818e86cb419a561de1dddb8c5e69088135c29294f1cacaf13fd
product_images,in-ear headphones,Adaptiope/product_images/in-ear headphones/in-ear headphones_032.jpg,in-ear headphones_032.jpg,76568,5045d3c48e6596440c7ed749e24e19d8da6f93ab96ce6f924ce829325d4cb4e3
product_images,in-ear headphones,Adaptiope/product_images/in-ear headphones/in-ear headphones_006.jpg,in-ear headphones_006.jpg,47729,cad1a5148792ad5a0e707dfaff30cfb0bd26ebc456098733d9b07c3e2a49d7fd
product_images,calculator,Adaptiope/product_images/calculator/calculator_006.jpg,calculator_006.jpg,126240,43000959a12deb3bb997aa43954d00331b65bcff536acf39530bf82c286981df
product_images,calculator,Adaptiope/product_images/calculator/calculator_079.jpg,calculator_079.jpg,184644,61ca4e3ddd5039fb436cf7a71b3fdc6f4fdc40bde492a11c6df9bc0dfcc7c5f9
product_images,calculator,Adaptiope/product_images/calculator/calculator_086.jpg,calculator_086.jpg,105023,b97fd661c4c66fe379a88933972f2833d36f8b7f35c3f6c9f54b960e3c4fb830
product_images,calculator,Adaptiope/product_images/calculator/calculator_024.jpg,calculator_024.jpg,53002,248a86c25a416a87725a534640c17d8fd3d0b05871ed7e9fdcd5ea86e8608af6
product_images,calculator,Adaptiope/product_images/calculator/calculator_061.jpg,calculator_061.jpg,158506,4249b786215ec2c43dfa1927d495d7228e66fc5813e6de3e2c4624ca16268b50
product_images,calculator,Adaptiope/product_images/calculator/calculator_088.jpg,calculator_088.jpg,130273,25ad733bb2176b48454414bf2dc42d6f1de685e6dfcf8a9ed3d56476479c6bd4
product_images,calculator,Adaptiope/product_images/calculator/calculator_060.jpg,calculator_060.jpg,48851,bd6b9712ed3615bac2de1de44b71b5fa91a10a450f55b7e9f7efcd07d440d6ec
product_images,calculator,Adaptiope/product_images/calculator/calculator_013.jpg,calculator_013.jpg,56840,a059cbf3d0e71abce480b6a2022831c99557dfef01170b28daab8a42d475da90
product_images,calculator,Adaptiope/product_images/calculator/calculator_064.jpg,calculator_064.jpg,95224,c62ad50a89ebf5a5301a592ee7e9fbee2f5badd0105ae7d07cc22602141fa032
product_images,calculator,Adaptiope/product_images/calculator/calculator_087.jpg,calculator_087.jpg,101664,81690d653ce89d2885b505647134dcfdc681f1ad1ea6a72de68267431a317f3c
product_images,calculator,Adaptiope/product_images/calculator/calculator_022.jpg,calculator_022.jpg,42612,c7a4f44f777dabcc62299115c856b8e36f05fc18aac73175965f93d3f7f97212
product_images,calculator,Adaptiope/product_images/calculator/calculator_083.jpg,calculator_083.jpg,136770,e4232feeca6ecaf64eb7f7af397851b46070fc1d96ce2103d5c48d7704c48809
product_images,calculator,Adaptiope/product_images/calculator/calculator_014.jpg,calculator_014.jpg,45731,44c6b2d1859071daad6d6045e7842efe10338282372e01750f0cd72c48d03842
product_images,calculator,Adaptiope/product_images/calculator/calculator_032.jpg,calculator_032.jpg,39668,965a0c4fb38f7345475d816584cf3ef9308abc928dc779a5409f979d0f12a007
product_images,calculator,Adaptiope/product_images/calculator/calculator_025.jpg,calculator_025.jpg,115665,8eb2f6ce21d13b0359b4539aa4a5da89a30d586e1e8e35cc3e4af823af085a94
product_images,calculator,Adaptiope/product_images/calculator/calculator_067.jpg,calculator_067.jpg,53859,e44bea47a78d981da7c5a1d70af1e0069f1a99eec8f3f895ad96b79aa4b63f96
product_images,calculator,Adaptiope/product_images/calculator/calculator_001.jpg,calculator_001.jpg,42120,fad7fdae0ee6705b3c74cc80adafc3d41a082bd565e66b808efeed9914d7ea10
product_images,calculator,Adaptiope/product_images/calculator/calculator_076.jpg,calculator_076.jpg,61559,bf9a6ffe613a8b4230210dbb77b8700a4fc693bd28409a174027579d719e46f3
product_images,calculator,Adaptiope/product_images/calculator/calculator_048.jpg,calculator_048.jpg,22595,62b27b8083fb06ecb8c38d126be71117bddd3fb24e17216cbbc148b1c7473df9
product_images,calculator,Adaptiope/product_images/calculator/calculator_010.jpg,calculator_010.jpg,229048,ae3b9367d453545734607601e496d408e5c4087d234a070aaa76af71dcab666b
product_images,calculator,Adaptiope/product_images/calculator/calculator_027.jpg,calculator_027.jpg,114982,8f0ac93d60cd8e968dce0fceb41ad797ae1a3ce5b3f8d59838c6d70973fa75f2
product_images,calculator,Adaptiope/product_images/calculator/calculator_041.jpg,calculator_041.jpg,236903,c4fe7644a1bad57e6183c44cf04018be2f311e89d4713d21c178c6b7e1f42b54
product_images,calculator,Adaptiope/product_images/calculator/calculator_018.jpg,calculator_018.jpg,103156,e02a9b4b4cc1346eab0b3f2169e058e2b98b022d0e0583a88e947ed75b4df2f1
product_images,calculator,Adaptiope/product_images/calculator/calculator_042.jpg,calculator_042.jpg,104305,30e17b2d6d8cb13dd5a9390500dbd3df3e58d4b9d8dc58258bd70c4cf5445b97
product_images,calculator,Adaptiope/product_images/calculator/calculator_070.jpg,calculator_070.jpg,60848,0a85ab80c15b5fc82d2b69f1567655324739582cd7316aff5c73ee977145f965
product_images,calculator,Adaptiope/product_images/calculator/calculator_081.jpg,calculator_081.jpg,46539,934f1751ea721919b69a135603cf75465d9b73925540a7ed98409dabe4e71346
product_images,calculator,Adaptiope/product_images/calculator/calculator_005.jpg,calculator_005.jpg,77982,3b3742721214561a1650eeac812db6c8a6f550ea17e87538d04d5e906eeb6a05
product_images,calculator,Adaptiope/product_images/calculator/calculator_017.jpg,calculator_017.jpg,122493,fc0cf4df4ec96814a8c3a83067daa986f01c3966cf31b659d52764533db8a2dc
product_images,calculator,Adaptiope/product_images/calculator/calculator_053.jpg,calculator_053.jpg,131887,4dc6575c11926cbe87ef47764d9807c5dc4c73ddf31abd2c33907f874dc0fb7d
product_images,calculator,Adaptiope/product_images/calculator/calculator_046.jpg,calculator_046.jpg,72811,33f9b4c05459adc1637f9cb28443a382241f42375736c778a28d05ef176caf19
product_images,calculator,Adaptiope/product_images/calculator/calculator_069.jpg,calculator_069.jpg,46088,73ecc5df08f4b3057a3d3c4724716af28af58fee6e376a9358698e0436d39ae0
product_images,calculator,Adaptiope/product_images/calculator/calculator_012.jpg,calculator_012.jpg,75307,82931282b0c2934ee35ffafd054d8e27f93be1b17246b1beadf3af9173033d86
product_images,calculator,Adaptiope/product_images/calculator/calculator_035.jpg,calculator_035.jpg,90793,94cc563bace180279b9d8e4c51e44c552e353029d59ba3b1e30b7e5f62e6a10b
product_images,calculator,Adaptiope/product_images/calculator/calculator_098.jpg,calculator_098.jpg,92851,383b245e44938149793ab674e195b80a1c05acf6113d538a81173f65982433b7
product_images,calculator,Adaptiope/product_images/calculator/calculator_063.jpg,calculator_063.jpg,16939,db0ec88eb1554b5ba933d2b83de15183f0f547fae6f509389aef743798dd2e6b
product_images,calculator,Adaptiope/product_images/calculator/calculator_089.jpg,calculator_089.jpg,92477,f5febd186d32effadec337fcfec4b4379f42c644489f513f19e328567a997bf9
product_images,calculator,Adaptiope/product_images/calculator/calculator_043.jpg,calculator_043.jpg,117967,aad3cbb46110304e378fee5310097ecea840e28f34e697a26f966bf4b8214ee9
product_images,calculator,Adaptiope/product_images/calculator/calculator_075.jpg,calculator_075.jpg,24907,3e8f7cee636cb6938c4f7ab33915315e97a69b8de2aa7a9628d26299c7d6b0f9
product_images,calculator,Adaptiope/product_images/calculator/calculator_054.jpg,calculator_054.jpg,140704,e53eaaa574c3f08eeaa8f7c069e26d82eb92d121f41ccf83fed1029f195a29ef
product_images,calculator,Adaptiope/product_images/calculator/calculator_034.jpg,calculator_034.jpg,197171,5a5efa8de1fc6deaa4ff4b1e186fc871a2e55929cefe58bc69b2686402afda24
product_images,calculator,Adaptiope/product_images/calculator/calculator_007.jpg,calculator_007.jpg,108659,6dbde380e13902b2c11e830bc68328ebd01ad9940618fa06b1507f8060606bf0
product_images,calculator,Adaptiope/product_images/calculator/calculator_099.jpg,calculator_099.jpg,87132,4cd571eaa279c04531d8d7ef302c2bc6fbc286bb72d372f527701217b3be7df0
product_images,calculator,Adaptiope/product_images/calculator/calculator_039.jpg,calculator_039.jpg,112060,bb5eb3f998d27b93b9c2cd8a7f541fc0060a9e4942f4105979aca8e8bce3f4fe
product_images,calculator,Adaptiope/product_images/calculator/calculator_058.jpg,calculator_058.jpg,56101,5cae9f19d02676663f5f82d0f7936f6a547c21013e674dae97ba4d1ffd29fec7
product_images,calculator,Adaptiope/product_images/calculator/calculator_004.jpg,calculator_004.jpg,180039,7246aba9074e5c0272bca3ae310a625326cb6e71195456802cf2374c7d2dabec
product_images,calculator,Adaptiope/product_images/calculator/calculator_037.jpg,calculator_037.jpg,40178,d0ea29624b8004db129796a35028e4b5f71c32e1992c72ccc0250f098dd54279
product_images,calculator,Adaptiope/product_images/calculator/calculator_080.jpg,calculator_080.jpg,86933,63fb70142e42ceec38790fd6d3504b50b0df42c60284d90c13a906edec12ea71
product_images,calculator,Adaptiope/product_images/calculator/calculator_050.jpg,calculator_050.jpg,97932,28999f4f9aded04118b1baf68cfa575679f60aed91ab97496a84a0f56a970834
product_images,calculator,Adaptiope/product_images/calculator/calculator_084.jpg,calculator_084.jpg,177138,a33196846357a1398225d2f35330cce3c6db063c386ceb41de0d7c861f768c5a
product_images,calculator,Adaptiope/product_images/calculator/calculator_015.jpg,calculator_015.jpg,79173,e86c5820fe5004be3265c1495f45710a413cbe90af53e90fa9c6eb70f067cb44
product_images,calculator,Adaptiope/product_images/calculator/calculator_055.jpg,calculator_055.jpg,47352,1061d3d2a27528ad3e922faaaede8c70e696c0607ecbccb6a9e47d4f52ba7082
product_images,calculator,Adaptiope/product_images/calculator/calculator_096.jpg,calculator_096.jpg,72529,309001e6fed521b36753df7a9b157123efd01126d937a48534c5e8de4e5571df
product_images,calculator,Adaptiope/product_images/calculator/calculator_057.jpg,calculator_057.jpg,70693,a2622d8b22f1697e3fc605257684a0f4214124b59e4e25b3e8958210e1b9f170
product_images,calculator,Adaptiope/product_images/calculator/calculator_019.jpg,calculator_019.jpg,45530,c674ea6b6e37698570d28618a1d7f69939d75b63c63b840ab11c419f8faa4ef6
product_images,calculator,Adaptiope/product_images/calculator/calculator_074.jpg,calculator_074.jpg,93723,750eb08cd45fc4e7f01d14edabf0398cb754607da657d00a302db58b18f036e7
product_images,calculator,Adaptiope/product_images/calculator/calculator_033.jpg,calculator_033.jpg,183944,29163fc7b894eea073fe262f820c14289703d86c64a232800606f7553ff33a4a
product_images,calculator,Adaptiope/product_images/calculator/calculator_038.jpg,calculator_038.jpg,25039,3b708a8360370a6e99e5dabef76c627ea77958b530db76dbecf1c46e5bf1c3f1
product_images,calculator,Adaptiope/product_images/calculator/calculator_077.jpg,calculator_077.jpg,30957,2eb65afcb4253ef9eaa41ed27c143b944d235716910e300a818f8e5fc3889fd5
product_images,calculator,Adaptiope/product_images/calculator/calculator_072.jpg,calculator_072.jpg,157660,92a358051433ddd3b23751c515dc5d4b731c8ad853c415f501746e00c40c94f1
product_images,calculator,Adaptiope/product_images/calculator/calculator_049.jpg,calculator_049.jpg,71860,eacbf2f3646be05b6c6c9578bd70ef919c3e347a77f142faf5eb13894c370e34
product_images,calculator,Adaptiope/product_images/calculator/calculator_016.jpg,calculator_016.jpg,112756,631d6e2f60dc47d4b315849eb46985693bcabb3cdb8baf120aed8490d64b2df0
product_images,calculator,Adaptiope/product_images/calculator/calculator_036.jpg,calculator_036.jpg,108341,94f71d8d8aa78d1aa9c5b184a97d4f458a48ba26a5c4add32894187544870eeb
product_images,calculator,Adaptiope/product_images/calculator/calculator_011.jpg,calculator_011.jpg,120470,2016a761490c679e364a3f4be0c2d5e72f756fc62223c985006c8170710755c6
product_images,calculator,Adaptiope/product_images/calculator/calculator_030.jpg,calculator_030.jpg,45982,a2022933fec2ce3acc333942008c35c603da60fd91ef575485b5f3131a9bd23b
product_images,calculator,Adaptiope/product_images/calculator/calculator_071.jpg,calculator_071.jpg,76236,1c8408d4f82ca043ff690e7c8a88c79a69946f3ba02892713a5d4c60abec469c
product_images,calculator,Adaptiope/product_images/calculator/calculator_031.jpg,calculator_031.jpg,46568,112a079b898cc463be097e6484948a869970c8742ae1668e512514d82cf33a9e
product_images,calculator,Adaptiope/product_images/calculator/calculator_082.jpg,calculator_082.jpg,54505,76d980461b567bc1d6ae516f6b2a3f923345d4d6f0841cea7c1bbb0d9a511f35
product_images,calculator,Adaptiope/product_images/calculator/calculator_065.jpg,calculator_065.jpg,120187,0160569679899104930cf1761035539d1fea928446fc20c49b4d886439726389
product_images,calculator,Adaptiope/product_images/calculator/calculator_052.jpg,calculator_052.jpg,38539,c3b1ce7e024a41514a2b846f5b8c6528cd39bd9cf2c71a43d75363f574f8cbfb
product_images,calculator,Adaptiope/product_images/calculator/calculator_047.jpg,calculator_047.jpg,154317,f4f5b132ebb26e7864482c49161e50130c5aefdc1dad01035a687b2f00c87aab
product_images,calculator,Adaptiope/product_images/calculator/calculator_028.jpg,calculator_028.jpg,167867,4a2703262faace2caae18ff28d877d5bca6adf74cd1647d118542166776c734e
product_images,calculator,Adaptiope/product_images/calculator/calculator_078.jpg,calculator_078.jpg,197474,d59908b257ee4ccf14a822cd3ccf33c60dea61963e6465a7a40ac8e1d4aa53cb
product_images,calculator,Adaptiope/product_images/calculator/calculator_009.jpg,calculator_009.jpg,139792,e6a71419f36ab8503d10b82f6b41d3b3c01aa14ddcde078f63773454f3fac6f8
product_images,calculator,Adaptiope/product_images/calculator/calculator_023.jpg,calculator_023.jpg,33323,7700220040c0a068d5175ca04ebe042a29300641dafbe91efdcea161274c52fa
product_images,calculator,Adaptiope/product_images/calculator/calculator_066.jpg,calculator_066.jpg,139814,59f5af205629a8f308c4600c87757029bef0e7665869a0bf2d186530764c0c17
product_images,calculator,Adaptiope/product_images/calculator/calculator_051.jpg,calculator_051.jpg,46738,b884ec3f60a3e79b42b1d74ef58ac8ef8f197db8f8c66e53dc00adefa03bf6d7
product_images,calculator,Adaptiope/product_images/calculator/calculator_044.jpg,calculator_044.jpg,123459,a9264824b9cbe01e89b0e5da4025e12f7709131c14a376b8219aafa563904384
product_images,calculator,Adaptiope/product_images/calculator/calculator_059.jpg,calculator_059.jpg,58246,552645debcd37afa3534cd9b3f1ac75fb303c17cdf6a9e4372e9a605e82217d7
product_images,calculator,Adaptiope/product_images/calculator/calculator_092.jpg,calculator_092.jpg,42914,8791dc038c94481a585e819cbd5ebb1e99890e5f65579088b9ba481c9c306e22
product_images,calculator,Adaptiope/product_images/calculator/calculator_095.jpg,calculator_095.jpg,101406,89f9eb143454910249bb9b31501dcaa5b5ec6f3022633d99af85dbac782d553b
product_images,calculator,Adaptiope/product_images/calculator/calculator_068.jpg,calculator_068.jpg,104076,ee26223c8cb003a16f0b45d0cc21dd5628e6af69c1f8543697dbfa76882cd230
product_images,calculator,Adaptiope/product_images/calculator/calculator_021.jpg,calculator_021.jpg,141142,3149a433dc9d1d0599a40a12ce0785a94e1649cd91232abcf7179b62ae583fd8
product_images,calculator,Adaptiope/product_images/calculator/calculator_045.jpg,calculator_045.jpg,119826,11944b4472ba046b5710966736390014d8684a2b2d8a2b5659c418c5d97355b5
product_images,calculator,Adaptiope/product_images/calculator/calculator_056.jpg,calculator_056.jpg,64595,61356de432b4fdfa1b1d86f3bffc23c1b1a852a701e7db397bac123b66abccac
product_images,calculator,Adaptiope/product_images/calculator/calculator_091.jpg,calculator_091.jpg,54703,612f8908cf74dabc8310aaa2b1e131511d802f450d0448befec0e96f60df55ff
product_images,calculator,Adaptiope/product_images/calculator/calculator_000.jpg,calculator_000.jpg,92722,eb9bea3dad64eb319bd65de67d99b4a7dfbbfdea01ad427ae7888f3b76354fcf
product_images,calculator,Adaptiope/product_images/calculator/calculator_062.jpg,calculator_062.jpg,51244,ef78fc59f2b6736364dc2764bdb512beff5297871644729290be0f988e8f244c
product_images,calculator,Adaptiope/product_images/calculator/calculator_008.jpg,calculator_008.jpg,154816,4edf701bb36c86555552c93467d94e47ddf2a8ddecd13d8c3a588c8a578cd596
product_images,calculator,Adaptiope/product_images/calculator/calculator_073.jpg,calculator_073.jpg,54531,5b842deefc36b2dd46a38944d7c8811114c9a21520be396096f7ace7dec22ae0
product_images,calculator,Adaptiope/product_images/calculator/calculator_029.jpg,calculator_029.jpg,39775,cfe7a0fbfa593a753f090a6ebbda984190d73350bf7ee752ab57799e62271ee8
product_images,calculator,Adaptiope/product_images/calculator/calculator_085.jpg,calculator_085.jpg,142967,8633e7b7d043af59a220623fd918a91382ce27d543106d77f06f631433e3421b
product_images,calculator,Adaptiope/product_images/calculator/calculator_002.jpg,calculator_002.jpg,32663,28a7a2530f0b0063f11a7ef86335e66457126883e4f4bedebaf17c0b51936ad0
product_images,calculator,Adaptiope/product_images/calculator/calculator_097.jpg,calculator_097.jpg,161347,b56e4139390fc1372f5b8762a983a04c751d2510f7039c6e31a0fe839808dbc5
product_images,calculator,Adaptiope/product_images/calculator/calculator_094.jpg,calculator_094.jpg,88510,e7c32ae51fa5daed681dcaf8ac3d43610f1994406676c79387b6317d7ca1ab8e
product_images,calculator,Adaptiope/product_images/calculator/calculator_003.jpg,calculator_003.jpg,136027,1e8a084fdeea32c2133bce5ddaf8e566848d9d9c089ca2699f908b5decaa36ef
product_images,calculator,Adaptiope/product_images/calculator/calculator_026.jpg,calculator_026.jpg,97672,418a91f8ba4e191ecb6b9b596c0c6ed762e7c5247fb72305e58190a72ed4369b
product_images,calculator,Adaptiope/product_images/calculator/calculator_020.jpg,calculator_020.jpg,124188,26795e39cbadf4313bc41e8d66cf22a28b2e5d52dce3e93dba2bfbc66bcb2e9c
product_images,calculator,Adaptiope/product_images/calculator/calculator_093.jpg,calculator_093.jpg,126309,2d6a049e84cca5e54b3ace6d556d6e4cf0c9de0ec2fdca222175710b37c371b7
product_images,calculator,Adaptiope/product_images/calculator/calculator_040.jpg,calculator_040.jpg,45997,c07019e20653444e425b51270ebcfcb83d66a88603861ac152d8a03a5c485314
product_images,calculator,Adaptiope/product_images/calculator/calculator_090.jpg,calculator_090.jpg,29115,9935930995174a8e5d7e3d910a5cb2acbae48d2e936f26714aa35b814fdfd199
product_images,printer,Adaptiope/product_images/printer/printer_095.jpg,printer_095.jpg,54903,e9fe9969bf70a84b58b91d686f89795bbf2f5a7a20f376832685bffc8a9db6a2
product_images,printer,Adaptiope/product_images/printer/printer_070.jpg,printer_070.jpg,28384,3f93ea683dcd3a602a0827aedb4ff2962d7c9745b39084031eda4f38210757ef
product_images,printer,Adaptiope/product_images/printer/printer_066.jpg,printer_066.jpg,38265,d50cb99f1127cd0031f4e5f9efed80bfa1f4491cb53629061ca1a20db18d6d16
product_images,printer,Adaptiope/product_images/printer/printer_006.jpg,printer_006.jpg,182083,1947318315c9cb6fc93174417689153a2c49fdfb3018979056313f45bf3d616d
product_images,printer,Adaptiope/product_images/printer/printer_035.jpg,printer_035.jpg,104621,d9656869d6fd40f45f95a3f9be0751f4680795b53114378137182a77944242a9
product_images,printer,Adaptiope/product_images/printer/printer_053.jpg,printer_053.jpg,66493,ad72326ba808557da136576952cfba2065ed2a4958bc55629c1669ea8491e4dc
product_images,printer,Adaptiope/product_images/printer/printer_045.jpg,printer_045.jpg,65927,fe21c982ffc963eca41719cb05a80f9e855a3fe4229aa76193824029fb6de83c
product_images,printer,Adaptiope/product_images/printer/printer_010.jpg,printer_010.jpg,30118,451d0b08c1cc07c3ae15fba3aa7f5f9a6cbe56361dfef564b33f9a0bede07292
product_images,printer,Adaptiope/product_images/printer/printer_015.jpg,printer_015.jpg,42677,89da1a3079d492b4b924c328c9227e7a25933da93221c549cc3c858ff453a2c0
product_images,printer,Adaptiope/product_images/printer/printer_083.jpg,printer_083.jpg,96238,ffe7169080e60920486757486c76aaea8f962982b6c2168d580f6327357169e3
product_images,printer,Adaptiope/product_images/printer/printer_071.jpg,printer_071.jpg,42260,8beb82481f0a18064a23677bbfc8d353ae229e2987845dc4f32031837f6007c0
product_images,printer,Adaptiope/product_images/printer/printer_042.jpg,printer_042.jpg,5673,57a8668832fef4e903a67ecd6f12baafbeb0f7f516029957a80098134e6e030e
product_images,printer,Adaptiope/product_images/printer/printer_034.jpg,printer_034.jpg,69845,19f3b6f20aa8815a6eec522890a02822b6b478d723159cbe377276557a74c77a
product_images,printer,Adaptiope/product_images/printer/printer_078.jpg,printer_078.jpg,60169,7f4199be1b6d1b04b8b52ff52c5befe5f2691bb02339a2c53b9cf5e089764154
product_images,printer,Adaptiope/product_images/printer/printer_041.jpg,printer_041.jpg,70683,d38ce0cecf49b537899f3794d6a63e7f02e2d1d3613050d321f2c84599d87ad4
product_images,printer,Adaptiope/product_images/printer/printer_065.jpg,printer_065.jpg,100767,0ce9c01e4ef3121425b2db667302e095f5a7c6f554db76028c07c7e40736a4f8
product_images,printer,Adaptiope/product_images/printer/printer_050.jpg,printer_050.jpg,21029,1983d5d571ff65fcc58a660f603b81a1d8c0977bd7c6111f5cc181e02d1d2d77
product_images,printer,Adaptiope/product_images/printer/printer_054.jpg,printer_054.jpg,78131,4fe590990249b15ad70d267f2dc194e46d775fc6d85625af00246c59a0e3355b
product_images,printer,Adaptiope/product_images/printer/printer_004.jpg,printer_004.jpg,112927,a165749dd9b7c708a09dfafa6a1b3bbe2be77cc003629e6329f6a4723dac9c3c
product_images,printer,Adaptiope/product_images/printer/printer_043.jpg,printer_043.jpg,24516,593dfd73919101c541578f9c3d20203254fa65b6671956c2faa2478552f91bcd
product_images,printer,Adaptiope/product_images/printer/printer_092.jpg,printer_092.jpg,175490,9f06006614962e5680479cee48d9c1160fb4103dc56fab21571d49c5a2cf5452
product_images,printer,Adaptiope/product_images/printer/printer_081.jpg,printer_081.jpg,104391,9a33222f8f5d811df77e974d58914cedc78d4509e417723ab9af38c1c600da91
product_images,printer,Adaptiope/product_images/printer/printer_077.jpg,printer_077.jpg,39387,7e7c499ea92fcc08d94fd23ad547f9043ce00366ef4d6299006e256bf509ae84
product_images,printer,Adaptiope/product_images/printer/printer_074.jpg,printer_074.jpg,105949,48e9441494d9811d69b355f540667b7db957b0c20c1886822998b7ddbfb2f1b5
product_images,printer,Adaptiope/product_images/printer/printer_008.jpg,printer_008.jpg,72687,d218df46fcb465d937b4b96547103e4041f9fd71b49e4ac736a81d06aa509006
product_images,printer,Adaptiope/product_images/printer/printer_072.jpg,printer_072.jpg,38689,4445566c64a3a817e742392a1fe68f68becf25dbfbede14366686610fc3bc17d
product_images,printer,Adaptiope/product_images/printer/printer_030.jpg,printer_030.jpg,66614,8e76098a4cce9950c5caf4bad80a9d9561fc15685d7a631beff692626d51c7a2
product_images,printer,Adaptiope/product_images/printer/printer_049.jpg,printer_049.jpg,75196,03d9b9dae845de605406c84f4d53e4e7dbe9b7d79b6f035b5ef8f78f195cd977
product_images,printer,Adaptiope/product_images/printer/printer_013.jpg,printer_013.jpg,98085,fe40bf4f00937afb77d1ccbb647b1932d2e0498226720915935d1cb04f22108b
product_images,printer,Adaptiope/product_images/printer/printer_076.jpg,printer_076.jpg,88465,7999bd3cd13f4c97df002c873e419715d7f5e29aeb4522428995bb539d607d62
product_images,printer,Adaptiope/product_images/printer/printer_002.jpg,printer_002.jpg,102110,ae9f27719d11cd949803b79390b10c942659537a99ba533144ee3dfd9727bb7b
product_images,printer,Adaptiope/product_images/printer/printer_017.jpg,printer_017.jpg,121128,54a7526ad8b6be7893a7ed8d1282cde01a8f792402ac8166a25574642cfe9455
product_images,printer,Adaptiope/product_images/printer/printer_087.jpg,printer_087.jpg,96482,9e89eef1986a44b2c052045fb1affbe7be3dcb9582844e80ec3156dbe734da13
product_images,printer,Adaptiope/product_images/printer/printer_073.jpg,printer_073.jpg,32965,5092ccb97337671fc91c5cb25926f983ca2f2ff9c71ff08a1085032c752a6f26
product_images,printer,Adaptiope/product_images/printer/printer_003.jpg,printer_003.jpg,66758,a7b4de30c0c9ef012dd4229e818d28a7c57bdb3b43d8628641be763aa2d54299
product_images,printer,Adaptiope/product_images/printer/printer_063.jpg,printer_063.jpg,130228,822741d7523bc9a1c9bb53478d4b5e0631ff56d2442d8ff657a806174f8caec9
product_images,printer,Adaptiope/product_images/printer/printer_064.jpg,printer_064.jpg,93922,e2b170b80dffb5d7804cbe2cc3ce5770077011a5214a5c8f74e4d4057a5eee51
product_images,printer,Adaptiope/product_images/printer/printer_069.jpg,printer_069.jpg,76645,68344df941d2bfd1228395ad36ff4a3a584984cf2f6db01ec92228339e7c9e6d
product_images,printer,Adaptiope/product_images/printer/printer_059.jpg,printer_059.jpg,27094,70ff1585c24a739f108e4b3a68793ffa0f41bb1f57bdd1335e0a2cde4748f23e
product_images,printer,Adaptiope/product_images/printer/printer_005.jpg,printer_005.jpg,56646,10111238ed473a4e92db4652c58f1afba8118b09b99400d419f660ed4345ffa0
product_images,printer,Adaptiope/product_images/printer/printer_018.jpg,printer_018.jpg,64567,be90fac3e83579daac7340b58c757b6af401cd757c3db4cc842df784506b8dd2
product_images,printer,Adaptiope/product_images/printer/printer_080.jpg,printer_080.jpg,106338,39f3f7d05b60e14b301ab48ac9a3136cc1b9a426b9a9511e726d1de57734268e
product_images,printer,Adaptiope/product_images/printer/printer_014.jpg,printer_014.jpg,27729,966ebb55b46375a4ba83380a169e185b138b55df81208a9e1bfa66df82bb2f39
product_images,printer,Adaptiope/product_images/printer/printer_000.jpg,printer_000.jpg,108322,32f0d0ddb701141847c7cbe54f9a6e393aa0d7a02bc4f3d69183e9c91cb9075e
product_images,printer,Adaptiope/product_images/printer/printer_079.jpg,printer_079.jpg,29224,237eaa6dd953abb2bc70ed3370d466a283575c66b0a0b69f0105243f01f5a21f
product_images,printer,Adaptiope/product_images/printer/printer_007.jpg,printer_007.jpg,162429,c3c9bc6720c8606a01f34439c66f198ed9596def4bcdd00069aec9eb252eb160
product_images,printer,Adaptiope/product_images/printer/printer_029.jpg,printer_029.jpg,24379,107f5f364b99f5714865f5f7aea4e9be92f8dbf163f1ec6df9a401de10529ca3
product_images,printer,Adaptiope/product_images/printer/printer_058.jpg,printer_058.jpg,83771,b7ff3d09aff91bbe42743c8da95cbfa201ce0317b15a51cedcaf357ccff73d49
product_images,printer,Adaptiope/product_images/printer/printer_027.jpg,printer_027.jpg,66751,477026217ae5e44cce5725fc93edd19f3bbcc60a073d5177c72274ef6f82cda8
product_images,printer,Adaptiope/product_images/printer/printer_009.jpg,printer_009.jpg,156574,9b2b681b155bb0cb7601f7d2498da1a67b0cb02c99085f4aca5175ecd4de20cb
product_images,printer,Adaptiope/product_images/printer/printer_036.jpg,printer_036.jpg,71280,21ed460e8fed57441d9165509b6177804831e48c02faa4f301a941c2670f77a6
product_images,printer,Adaptiope/product_images/printer/printer_090.jpg,printer_090.jpg,94747,652cb298f6d73f5736de17eea16cd37f793d853c5893b19844665781dd8ef8fe
product_images,printer,Adaptiope/product_images/printer/printer_085.jpg,printer_085.jpg,90455,12ac6e4cc2c1296ada7590413fca6ad0a40ddce060499108273d634a66773c0e
product_images,printer,Adaptiope/product_images/printer/printer_052.jpg,printer_052.jpg,121430,895acee8bbd5c63e89bab584b109476d630848e3ced0397039344970bd4b77b8
product_images,printer,Adaptiope/product_images/printer/printer_026.jpg,printer_026.jpg,112843,748f37d888c71e1fbc243b0a0fe2ae7289ef06c28f6faea7c3916e2efd101b05
product_images,printer,Adaptiope/product_images/printer/printer_021.jpg,printer_021.jpg,21861,8ab83c823bbb2456bc2a3231f0c8191a80f2af973a04c9dc3448246ee0894387
product_images,printer,Adaptiope/product_images/printer/printer_067.jpg,printer_067.jpg,96644,f9048c766839cb863be416b3cf9a1aa65851b48447106200e1e267f32bb49d89
product_images,printer,Adaptiope/product_images/printer/printer_028.jpg,printer_028.jpg,136285,b6fcb74f267f32ae7c1718d189330dd6ba18c9261cab5e7400e5bf2f00b8fcf2
product_images,printer,Adaptiope/product_images/printer/printer_012.jpg,printer_012.jpg,34238,389e9d605d198591dbeab54fc0259394f1ee36ccbbd906aa6e45c501ffcd7336
product_images,printer,Adaptiope/product_images/printer/printer_051.jpg,printer_051.jpg,26368,06deed05cdfc4e545b09b101e891f9e42cce9747dd578580bb4c1d7bcef1c020
product_images,printer,Adaptiope/product_images/printer/printer_096.jpg,printer_096.jpg,87752,27bffdd7d4299d4236788f6c0c76a8d0d42e44507377095fbdb36bb8f9d592d0
product_images,printer,Adaptiope/product_images/printer/printer_055.jpg,printer_055.jpg,69820,f752d9c4588ce4ffeb231f5ab7a77b7ea54db1e7c2139c054f982d1a22e91686
product_images,printer,Adaptiope/product_images/printer/printer_019.jpg,printer_019.jpg,159539,b9f7084d5cb46a7784fb35b6d1edb9fa0e0f9fb5d98631732bbc4df24154f03a
product_images,printer,Adaptiope/product_images/printer/printer_060.jpg,printer_060.jpg,95556,1612dd31e0b65a23501b52f41c6cc92d79b018614eb09e9c6c43d25fe56e1986
product_images,printer,Adaptiope/product_images/printer/printer_086.jpg,printer_086.jpg,113969,9c9cebd119d16dc8b10e7accb26513ab8e7640fc07f17a98269910bd0107a12d
product_images,printer,Adaptiope/product_images/printer/printer_025.jpg,printer_025.jpg,184022,6747dfb7c82bf65d5a87bd13eb75b23bcfdbc521348eb30e0b408973b213532b
product_images,printer,Adaptiope/product_images/printer/printer_033.jpg,printer_033.jpg,28414,e2333267806982a2fc19ae7eb61e1a532eee56958d47bc8c38c86b107216f3f1
product_images,printer,Adaptiope/product_images/printer/printer_068.jpg,printer_068.jpg,105348,65a471096904f45104d6b555c89ecc7e2eb8ee344d1a6cbb2092c16afc5cd613
product_images,printer,Adaptiope/product_images/printer/printer_057.jpg,printer_057.jpg,33459,fe6885457c5ea0437eb2fa54bbd2888723cfcf6514ecdf7f2b4802bfb4320922
product_images,printer,Adaptiope/product_images/printer/printer_061.jpg,printer_061.jpg,160709,7016e89b5f19a6338deadb8d0baf3c89ccf55818500fbc690f86c4b493313634
product_images,printer,Adaptiope/product_images/printer/printer_091.jpg,printer_091.jpg,29707,15d1094b9686750fa5e8b3ea7e8ab53e4df88301be9d12fe61ee0bac36e0d824
product_images,printer,Adaptiope/product_images/printer/printer_022.jpg,printer_022.jpg,27903,65471fe406977fa56481612c98b6ba642288e2eb1229f6d92dafa56df1b9cf47
product_images,printer,Adaptiope/product_images/printer/printer_046.jpg,printer_046.jpg,33357,21b06573f9153ee5264bbc15db6c8fc00212fc798d97b40b9e7678a659714024
product_images,printer,Adaptiope/product_images/printer/printer_098.jpg,printer_098.jpg,177456,8b9c461a2b3c6843bbb135a8dcf1d66dd8651f43a64729fabb37425345893080
product_images,printer,Adaptiope/product_images/printer/printer_020.jpg,printer_020.jpg,35725,4391403ba6c86c4e9fd1243ecf253f7fd70caaa3babee8874328c86f9bcf92f8
product_images,printer,Adaptiope/product_images/printer/printer_099.jpg,printer_099.jpg,28797,4009cc4062e8e37afd7f50c6322e924b0e7867e484728f5968ba42a7a27efaab
product_images,printer,Adaptiope/product_images/printer/printer_037.jpg,printer_037.jpg,140444,84ffb29e6f3e639fb67840b13107a069e7960a7e2d7151b9548768def18fcefc
product_images,printer,Adaptiope/product_images/printer/printer_062.jpg,printer_062.jpg,86234,208b72f8a7ed731fb3f58095406c902c0f8ddb5a0ccefef28f763cb8bcba47e7
product_images,printer,Adaptiope/product_images/printer/printer_011.jpg,printer_011.jpg,62252,0b788d20243c9d17bf6c6a744c696c9850475eab9f03815fec94f1f1de1fb4e7
product_images,printer,Adaptiope/product_images/printer/printer_031.jpg,printer_031.jpg,147720,496ed7f7d803249dc2e2fefd1fb2c005a021385db23acfa75f7e53618c74de73
product_images,printer,Adaptiope/product_images/printer/printer_032.jpg,printer_032.jpg,31406,7fb940d7064fa9adb5a83cd07e6638ad913874bc367b19bd1d2cda8a05b47cb0
product_images,printer,Adaptiope/product_images/printer/printer_097.jpg,printer_097.jpg,98757,3af65000eaa583bce77446f313ba5816d6d13237fae28f7c97f0a082cdb99a7f
product_images,printer,Adaptiope/product_images/printer/printer_093.jpg,printer_093.jpg,51835,02cc0768b311b9a786478e22d0523b5fb7e12d33aad56a57f1c07f728119ed77
product_images,printer,Adaptiope/product_images/printer/printer_089.jpg,printer_089.jpg,87138,4abd0a14ef234fda6051c565b0cbe16c789f7ad86b7e5ae9daad4d26d14cd739
product_images,printer,Adaptiope/product_images/printer/printer_084.jpg,printer_084.jpg,15957,5ae0aa0e799d959fcfcc85eb95273100b7dd7ddee8a2431bbfd7ff6425dfb30f
product_images,printer,Adaptiope/product_images/printer/printer_048.jpg,printer_048.jpg,20002,90fd83a3e33ce76e897e1454de5c1b185a239ff6278369fb9c359552735d8aa1
product_images,printer,Adaptiope/product_images/printer/printer_088.jpg,printer_088.jpg,136745,317355bfabf76207928ae3c8698354a7fe8338531e5474bb853f8a709e619be9
product_images,printer,Adaptiope/product_images/printer/printer_001.jpg,printer_001.jpg,91278,87a0f555b4c053ce3b8d2c2771fae327aac6c7cefe84f66c94ce689862086543
product_images,printer,Adaptiope/product_images/printer/printer_056.jpg,printer_056.jpg,78493,157337a8e59e9475d1a306f5e997ad8f8e86ae4cfbd63208747e9060f9910fd0
product_images,printer,Adaptiope/product_images/printer/printer_047.jpg,printer_047.jpg,102903,8fb3537fd0b7cb9989cab2e4ed5d853d75f9b5f94d6a161022a9821fa30b577e
product_images,printer,Adaptiope/product_images/printer/printer_075.jpg,printer_075.jpg,25120,8ca2744e6b58abb351945d14c9df5a8fe7ff077c8149ee138bd18f774b839421
product_images,printer,Adaptiope/product_images/printer/printer_016.jpg,printer_016.jpg,25907,eebda85280a7ee96b989319119dfdd2f24f767504285a3fa80080c70f0d8b9fe
product_images,printer,Adaptiope/product_images/printer/printer_023.jpg,printer_023.jpg,87477,e7a3e70ff9fb3c77a3155522a270907362e4b57df37108ef292968ef03822fd9
product_images,printer,Adaptiope/product_images/printer/printer_082.jpg,printer_082.jpg,127351,a9d97a3a6f252c55ed400715be25b7b0a03ba62f203f57ac4189c8f3addbf51b
product_images,printer,Adaptiope/product_images/printer/printer_040.jpg,printer_040.jpg,102771,1215848f32dd1edad6373ff18af1b87835bf57b7f50a784751b59d2749ae12d3
product_images,printer,Adaptiope/product_images/printer/printer_038.jpg,printer_038.jpg,144964,d72fad518e16d99dece6d1093c7f279ae86cca06f666faf43ca7b4d7c21ae0c7
product_images,printer,Adaptiope/product_images/printer/printer_044.jpg,printer_044.jpg,88603,f1d7fea837ca73fda1810304529ed78be8f3fe7fc42dad421479ac3453ae491d
product_images,printer,Adaptiope/product_images/printer/printer_094.jpg,printer_094.jpg,39264,a7fa9785decb7cdc5043fcf0ac56b0032f12d068ae875cc40d8cf33fbfffac09
product_images,printer,Adaptiope/product_images/printer/printer_024.jpg,printer_024.jpg,82428,3a8b38105e1c7276b623516536ce1334c66557c2d321644fb66d177d3a8550f9
product_images,printer,Adaptiope/product_images/printer/printer_039.jpg,printer_039.jpg,73212,d547a7b8329dc5e1d286a6db062aff00bb37eab4e25cd67e44d1d87bc5c4eb57
product_images,game controller,Adaptiope/product_images/game controller/game controller_071.jpg,game controller_071.jpg,86941,48038e21e368ec65bd2bf78b8cf6406359c90e182f7599ad2c44e6eedda2ff6d
product_images,game controller,Adaptiope/product_images/game controller/game controller_074.jpg,game controller_074.jpg,205166,36f47491f2d4d287d4116bbf21bbb5c70f7593c9fedd94ee6765938aa8a6e6b1
product_images,game controller,Adaptiope/product_images/game controller/game controller_087.jpg,game controller_087.jpg,116773,3563573952618975f99c777e99e541dd2f889635ba527f8598eb60eacd228de7
product_images,game controller,Adaptiope/product_images/game controller/game controller_013.jpg,game controller_013.jpg,20190,254c54d4f66e679474f1c7560993af1d5a268387e64016a60adc48f11cbe8c4c
product_images,game controller,Adaptiope/product_images/game controller/game controller_004.jpg,game controller_004.jpg,121233,45c6f68c9337c5d30138baa1f600b677c10a94705316d8491e7d96026ca8c128
product_images,game controller,Adaptiope/product_images/game controller/game controller_064.jpg,game controller_064.jpg,123544,673b175a9fe9b6d3881b617a0470544820a5a78ff737f597378780d297817319
product_images,game controller,Adaptiope/product_images/game controller/game controller_056.jpg,game controller_056.jpg,43621,f6ab745f9ec4378789b5cf01f046662adaf41c6a2f3e02213877525e6805e9b7
product_images,game controller,Adaptiope/product_images/game controller/game controller_005.jpg,game controller_005.jpg,108099,4484a57042acce63471dcee0aa73e4c550ea4bb3e35a618d3a26ba4ab053baf1
product_images,game controller,Adaptiope/product_images/game controller/game controller_092.jpg,game controller_092.jpg,26062,36c537e41ec75211f09169a63556fc67c699fe54faddee4223a6f5bc8650e24f
product_images,game controller,Adaptiope/product_images/game controller/game controller_023.jpg,game controller_023.jpg,32391,7852dafbb784500913ce3dfdb05182d49d7ca34d8352bfb0a829d745f5ff7280
product_images,game controller,Adaptiope/product_images/game controller/game controller_000.jpg,game controller_000.jpg,47505,6797a74cfb8f06a61f34b5f830086d3901e3046e888b2efb60cad0b73ab9170b
product_images,game controller,Adaptiope/product_images/game controller/game controller_020.jpg,game controller_020.jpg,68902,e3e9d6ddf1c4d395607a705ba8154503fa2aa37ee355ef98ae606208e5ff78e9
product_images,game controller,Adaptiope/product_images/game controller/game controller_069.jpg,game controller_069.jpg,78098,c8c95aadeb99ddf984a0bac5d897dc79b70178502f6b58231abf09a8e65a3918
product_images,game controller,Adaptiope/product_images/game controller/game controller_097.jpg,game controller_097.jpg,85526,6cbe156ad84737e77d8b876bf6e24753f598e3c40969d203c786658c782dab7f
product_images,game controller,Adaptiope/product_images/game controller/game controller_089.jpg,game controller_089.jpg,142335,3b41bbd7a35e8f3f398cc5e5442fe29e3c845bc52bc17492bf1a595a3e0dc87f
product_images,game controller,Adaptiope/product_images/game controller/game controller_019.jpg,game controller_019.jpg,12778,52ad9160ad344d30e63e8602b7d71f8004629131493a672be1713422adcc4dae
product_images,game controller,Adaptiope/product_images/game controller/game controller_032.jpg,game controller_032.jpg,65471,96b04d8c10f3e20eaded2ee417d8488a971e77fc2a601161e1eae7d23d63e1d3
product_images,game controller,Adaptiope/product_images/game controller/game controller_063.jpg,game controller_063.jpg,199328,890780df975c96612a2f70748b5aa38cad063bb9be1dc98300231ecea65548b0
product_images,game controller,Adaptiope/product_images/game controller/game controller_021.jpg,game controller_021.jpg,69764,953bafd127e157b3752d129d0bbf00de3779f77e08c551e3f10e772f85e53a03
product_images,game controller,Adaptiope/product_images/game controller/game controller_025.jpg,game controller_025.jpg,108671,9a3e401cd429f9aa952a852d13e303a6bda1d33d40846bd4809910bc5eb5209a
product_images,game controller,Adaptiope/product_images/game controller/game controller_031.jpg,game controller_031.jpg,58665,0d3d6ad9b0fba983dda16444536822f6532fe2c410b9e22f5b6e2b10da2b6d1a
product_images,game controller,Adaptiope/product_images/game controller/game controller_039.jpg,game controller_039.jpg,169992,438e9721c7dadef4e71667d30731e9d18fce8e2296d4def15954cfa538e1dc2c
product_images,game controller,Adaptiope/product_images/game controller/game controller_067.jpg,game controller_067.jpg,32674,f33fe688981b5b9110d65d6f2bc30e7b67fe5c9f4c06f8366d9cfefcc1d83642
product_images,game controller,Adaptiope/product_images/game controller/game controller_030.jpg,game controller_030.jpg,118523,b3139d928f2afc8e9ca3bcf4f27fd4275cb9ed5ed30d97448e55f53a87e755a5
product_images,game controller,Adaptiope/product_images/game controller/game controller_036.jpg,game controller_036.jpg,186078,7a68dd8aaf00099af0a895cddcfc89317d1a1eeb5429dffcd8df34ce12de2971
product_images,game controller,Adaptiope/product_images/game controller/game controller_034.jpg,game controller_034.jpg,181572,aa23062f17bf0a33767182968f1d10bf3b18b344c1fafa01d642cdc0c136f62f
product_images,game controller,Adaptiope/product_images/game controller/game controller_010.jpg,game controller_010.jpg,115980,418691cb2e47c176b592e938791e9d591fafd56936de67816fc519446b380719
product_images,game controller,Adaptiope/product_images/game controller/game controller_052.jpg,game controller_052.jpg,37655,d6df6ceecbcb508da794ed904771b3abdbcc4e43a0f2bf941fb26e4b3bc37f9e
product_images,game controller,Adaptiope/product_images/game controller/game controller_070.jpg,game controller_070.jpg,74171,dfa595ddef9a3581dfdd5d1264d84ef5efc25d325b64afa7dbfceaae69962832
product_images,game controller,Adaptiope/product_images/game controller/game controller_008.jpg,game controller_008.jpg,84547,8c8b113ba72bce52d9e5fffeba6eacf376460c6e1bb432ffe2ee4766744f0dcb
product_images,game controller,Adaptiope/product_images/game controller/game controller_050.jpg,game controller_050.jpg,74083,35e702916f62a6acb8db7f89b90286cf4a82d55cc1a3e4df88dded06f56656bc
product_images,game controller,Adaptiope/product_images/game controller/game controller_078.jpg,game controller_078.jpg,51427,2d3fe9b054f6fc4561c86302a5b266b47cb07b85bab4cd2e8f20ba7687e1e47c
product_images,game controller,Adaptiope/product_images/game controller/game controller_014.jpg,game controller_014.jpg,52358,7a223fee52cd57d6572500a312a147a32287192d371a65eeba00599712574bf9
product_images,game controller,Adaptiope/product_images/game controller/game controller_093.jpg,game controller_093.jpg,150291,7c0c339da2acc495fa60f49b00787210abbce8ba1ffb19e983801991646bcd9c
product_images,game controller,Adaptiope/product_images/game controller/game controller_061.jpg,game controller_061.jpg,83915,2975910f498249fb3da9caad4dff61f0926a7577054706390327f7a19bdd23ad
product_images,game controller,Adaptiope/product_images/game controller/game controller_073.jpg,game controller_073.jpg,53367,86d2f0869f62014f8e4705557fb635629912096614a4299aa7e1eaba84d9cc0f
product_images,game controller,Adaptiope/product_images/game controller/game controller_066.jpg,game controller_066.jpg,63133,3310e10961d6ecfa8d6fa233a1c97d0789e69969c9c213d2e8fb5fda7dcc0000
product_images,game controller,Adaptiope/product_images/game controller/game controller_065.jpg,game controller_065.jpg,24492,b156c5d14fb1c94b6cb20425e7b855c67a21e70371d55d00d2dd674d7989304c
product_images,game controller,Adaptiope/product_images/game controller/game controller_040.jpg,game controller_040.jpg,154202,da1ae61076caf152d5a1f824021c73faf96ddb710073e426ebdcc6e2ab2dd4b1
product_images,game controller,Adaptiope/product_images/game controller/game controller_006.jpg,game controller_006.jpg,84391,1cd79a67ef9a36899e8caf59bf57b6d6972feafc7aa5b2065703f7ae1aed12be
product_images,game controller,Adaptiope/product_images/game controller/game controller_041.jpg,game controller_041.jpg,150712,087391b853077c988cefd946f5d105c8ed63e8a5ab26c58d2b05c4c2916efcdf
product_images,game controller,Adaptiope/product_images/game controller/game controller_080.jpg,game controller_080.jpg,36315,2cc86d4d9d5bef47238310b3952a900fd1904838061629b14d3a69bfdd4b74d5
product_images,game controller,Adaptiope/product_images/game controller/game controller_038.jpg,game controller_038.jpg,37176,3322ca28df6be3607042d5eb9af15f2d1a3c98495775ec219347dd665f4d6d72
product_images,game controller,Adaptiope/product_images/game controller/game controller_083.jpg,game controller_083.jpg,76335,9f0409134000fcbde6ab11ddb51c766ae121007de63cae3687b5f542998f4080
product_images,game controller,Adaptiope/product_images/game controller/game controller_055.jpg,game controller_055.jpg,166697,034a55137cdb2beba2c796f1221420b1657e1c2ea23bab9b7e6d0a5d1339ff6f
product_images,game controller,Adaptiope/product_images/game controller/game controller_009.jpg,game controller_009.jpg,38177,9f34edd94b85dd4c15a1f503671d1d159ba0a5d84046e0ca97a41a007c81792d
product_images,game controller,Adaptiope/product_images/game controller/game controller_062.jpg,game controller_062.jpg,93760,eee22e0aa1752c2287260967a98a1878d8a346735efd844be796b2b52a5ccd33
product_images,game controller,Adaptiope/product_images/game controller/game controller_072.jpg,game controller_072.jpg,78764,423721c3890ed7f175f99630ac04d68d5bc2f03377599f80ead416660a8adfc8
product_images,game controller,Adaptiope/product_images/game controller/game controller_018.jpg,game controller_018.jpg,124070,e3779063341695a343f290586f5e194d4642e49f70ab343945372e91592a4189
product_images,game controller,Adaptiope/product_images/game controller/game controller_085.jpg,game controller_085.jpg,151221,4977f40980601b1375ce4217665edb25d013d37bc76c4e87358e5d3f997b1417
product_images,game controller,Adaptiope/product_images/game controller/game controller_026.jpg,game controller_026.jpg,86205,de5fabf39158482e410ef1c638b99e2b85a3d334005b8056ba91a04b53b10638
product_images,game controller,Adaptiope/product_images/game controller/game controller_046.jpg,game controller_046.jpg,156883,d25e544fe7910f15b34e5d66222a70eab0354474b7f56639fc5b6790a830e350
product_images,game controller,Adaptiope/product_images/game controller/game controller_035.jpg,game controller_035.jpg,125482,b4189bca681de682fe997febb15845a64abbcffc1132e85af53fd31857e52f42
product_images,game controller,Adaptiope/product_images/game controller/game controller_024.jpg,game controller_024.jpg,19737,46dceb3d02b57f6d74a8e1b4f8c9436103d122c54442ea922d57337f409ea0f9
product_images,game controller,Adaptiope/product_images/game controller/game controller_075.jpg,game controller_075.jpg,43525,6699ec546a89e29d1868c716c54b20cfde8419bb1f7392fec9c7262258cf0f58
product_images,game controller,Adaptiope/product_images/game controller/game controller_002.jpg,game controller_002.jpg,97231,c3716f2bdf91cb48afc9514052f9dfc357b3b136988a3a9d176968adb3a7afaa
product_images,game controller,Adaptiope/product_images/game controller/game controller_091.jpg,game controller_091.jpg,181097,f9d720527060a8e8031df900ab6a2e16b28b769ab16bd9d1f75f5e9f6f8b162f
product_images,game controller,Adaptiope/product_images/game controller/game controller_099.jpg,game controller_099.jpg,28068,7e400b46ed083551f9d62207d35ef4ea21a1d9b73e78fc2de0ef8b9dffa9c8c0
product_images,game controller,Adaptiope/product_images/game controller/game controller_084.jpg,game controller_084.jpg,86419,807da0284239c0b46e82aa6bb12bc69777e25951e0ef2b714433ae9c6dde0ea2
product_images,game controller,Adaptiope/product_images/game controller/game controller_044.jpg,game controller_044.jpg,140064,e343a121a2daaf4ee632ba4c04966db0f6956a94c5e45605cf97eadccc88b0ba
product_images,game controller,Adaptiope/product_images/game controller/game controller_090.jpg,game controller_090.jpg,129608,fb27ba8d965a49e460d84d285aafa9ea958cdc916985c5d8ee14cfa36b940d7d
product_images,game controller,Adaptiope/product_images/game controller/game controller_048.jpg,game controller_048.jpg,39872,1a745a1224c045cd816830e27cb7a0cc2f6c994427183baa5e80fa257929b271
product_images,game controller,Adaptiope/product_images/game controller/game controller_042.jpg,game controller_042.jpg,160303,c349b9d912542831b50360cfca5ff3021cc565721f877c27da7fc559dfb5f06e
product_images,game controller,Adaptiope/product_images/game controller/game controller_057.jpg,game controller_057.jpg,27216,1b8ad6156f2fb398ec648ef45d0b215aa5a6aad56a2029edb9e7dff4cfecdd18
product_images,game controller,Adaptiope/product_images/game controller/game controller_054.jpg,game controller_054.jpg,33837,1cde4e6e2d593f6723c5a2d625387b0bb191461dc09a3e57f1b4bd03d1c513c2
product_images,game controller,Adaptiope/product_images/game controller/game controller_095.jpg,game controller_095.jpg,89774,f22100af56ba82a919621870e85c2216c2390c5f72739a00d6e444ec721b3526
product_images,game controller,Adaptiope/product_images/game controller/game controller_098.jpg,game controller_098.jpg,24545,1d1b754e25bc3113e6f490b0fa6639ccdaf55724ca740d5509b179df3144635c
product_images,game controller,Adaptiope/product_images/game controller/game controller_011.jpg,game controller_011.jpg,117969,44a5790812d640ce831dfd21d21fd1d048bb9dc9a2856e5be612bfb8b88d3505
product_images,game controller,Adaptiope/product_images/game controller/game controller_081.jpg,game controller_081.jpg,237897,8b1a74aae4464f974055ceb812873b498b1db7f71b5910b735f65b5ccec34c89
product_images,game controller,Adaptiope/product_images/game controller/game controller_012.jpg,game controller_012.jpg,86987,90aa90ca293f085ca297ee6d1d73a1963022bd42c6bfef237058eae3a95dc671
product_images,game controller,Adaptiope/product_images/game controller/game controller_058.jpg,game controller_058.jpg,28789,3c39194d13185af0ac7d4cd7a5dafc7bf0ade2fe2ec918f74518017fd93be614
product_images,game controller,Adaptiope/product_images/game controller/game controller_015.jpg,game controller_015.jpg,94709,5564a4880529974b230961ef5a2b1b64ccbc912b10509368273b25d9ad6d8c46
product_images,game controller,Adaptiope/product_images/game controller/game controller_059.jpg,game controller_059.jpg,24790,3589aaf52ffb68afeebfa2bf68143a39110ac5f8e5c3fd2573c381ebe824b51d
product_images,game controller,Adaptiope/product_images/game controller/game controller_082.jpg,game controller_082.jpg,34174,3ab27f991949a185eac840c2eefdd4faa07422c112d3f5d083503251fa018b9a
product_images,game controller,Adaptiope/product_images/game controller/game controller_027.jpg,game controller_027.jpg,249325,b337e6e91e3bdca8639edd5a2a351f9e955ff8c485d6ccb72b317081a7019b54
product_images,game controller,Adaptiope/product_images/game controller/game controller_043.jpg,game controller_043.jpg,160877,c9ab61e7753df9c01e9681b03cd1a3b927e5eddd0863820cde7ec0e85d47528a
product_images,game controller,Adaptiope/product_images/game controller/game controller_076.jpg,game controller_076.jpg,230374,8160c5cf4beee25fbe7f5e13f796a5025f7aa90196bb31aaf19e79011690f62b
product_images,game controller,Adaptiope/product_images/game controller/game controller_047.jpg,game controller_047.jpg,45316,c41b88ff2bfe90c8a8f8df0c2aaecbcb9886a3b2072144052dcaf472e44dab91
product_images,game controller,Adaptiope/product_images/game controller/game controller_037.jpg,game controller_037.jpg,70521,11d46ca6f7eb9fa237aa2083fab70e799febfc6c5874bd3ef3bec9cfb2f8437e
product_images,game controller,Adaptiope/product_images/game controller/game controller_068.jpg,game controller_068.jpg,63299,9f70deb06167616c9de3ec9eb4af26f25889dab9a6e75581c4ec98f9227767d5
product_images,game controller,Adaptiope/product_images/game controller/game controller_094.jpg,game controller_094.jpg,49255,7a444ac192ed87e692f6007c4b15c20c94136c01c2da2165a81a9ee407734f76
product_images,game controller,Adaptiope/product_images/game controller/game controller_096.jpg,game controller_096.jpg,142272,2bf0b7858b512ffe35f9ee196410be6e99888077b8a935222b4f3d91ae1cb95f
product_images,game controller,Adaptiope/product_images/game controller/game controller_022.jpg,game controller_022.jpg,121827,99c9084cad85be8c5c50beec1629adaaed2455dc2bf8bb41dea64ab607fa0fa4
product_images,game controller,Adaptiope/product_images/game controller/game controller_053.jpg,game controller_053.jpg,38152,e64a35d43ec449e33b2e65ef0392380a393b42207bd6024b1378c85322cf1bf7
product_images,game controller,Adaptiope/product_images/game controller/game controller_028.jpg,game controller_028.jpg,53672,faab734c5df8741d57476784f91bd0859690ee8082040527c80775919c2f0ef2
product_images,game controller,Adaptiope/product_images/game controller/game controller_049.jpg,game controller_049.jpg,126873,7c0e8cd0a7d89954e9adb0b7f0b810f7a11b8da3a7783cd094d424888e4e293d
product_images,game controller,Adaptiope/product_images/game controller/game controller_088.jpg,game controller_088.jpg,73083,0edbbce9bdbb8008c822282301d5c4375ba24d92df96b877955b16283d653192
product_images,game controller,Adaptiope/product_images/game controller/game controller_007.jpg,game controller_007.jpg,81443,b6f6ed8451f8a47c95230305d55d98acada72297786bba5b9e37866a5d9d3ae6
product_images,game controller,Adaptiope/product_images/game controller/game controller_060.jpg,game controller_060.jpg,37991,a1f811a97f50f58305508637d28dcc4fe8a1445be4aa00895654639842df69cc
product_images,game controller,Adaptiope/product_images/game controller/game controller_051.jpg,game controller_051.jpg,101571,23b857ff8a7da8bf708721047b47ab2c6073bfb3f11b99124240504294a91673
product_images,game controller,Adaptiope/product_images/game controller/game controller_029.jpg,game controller_029.jpg,131654,49d3fb48fa669025d7c777a97ef75e6598d7fd4cce6aa004772ac1f20c6415c2
product_images,game controller,Adaptiope/product_images/game controller/game controller_017.jpg,game controller_017.jpg,44168,c8d1a0f8efe557a76985d65bcddd6e5641d77ae86c956d94b3be8f1d2f12cae8
product_images,game controller,Adaptiope/product_images/game controller/game controller_079.jpg,game controller_079.jpg,54196,723e969d4bd1d6da8a78d99d10c9a09be805033f373e773e1ec4881baf45b2c8
product_images,game controller,Adaptiope/product_images/game controller/game controller_001.jpg,game controller_001.jpg,133224,514e76506a4e5ae6ae8a22bd108786db97b709fb02c40b57d38f3009d1d1fb7b
product_images,game controller,Adaptiope/product_images/game controller/game controller_086.jpg,game controller_086.jpg,65185,b5ed583ea6b71093bfe85481ac689510a7224f5e610c2be38dcfaf63f2d66a05
product_images,game controller,Adaptiope/product_images/game controller/game controller_045.jpg,game controller_045.jpg,40502,cb3ba4db9b64d22839f63438c88abcb72640695790e765a4a81667272897c26b
product_images,game controller,Adaptiope/product_images/game controller/game controller_033.jpg,game controller_033.jpg,102722,8f8f495a8542b5c86b8f7e80b52a9025a05a96d4e6ba9ce8b6bacd5fffa9f881
product_images,game controller,Adaptiope/product_images/game controller/game controller_077.jpg,game controller_077.jpg,116666,25ffdcd296e7a46db3377988bf1ef72f7d2b06309628cbf96f72fc83ae2265c6
product_images,game controller,Adaptiope/product_images/game controller/game controller_003.jpg,game controller_003.jpg,100064,0120a9e8dee76fd52908d4891cd37a6f55720381a51d1d2d07515a321738f505
product_images,game controller,Adaptiope/product_images/game controller/game controller_016.jpg,game controller_016.jpg,114613,f4a7cde9d137263fee4e790d15be9c8bbffa7002f9d7fd9dbd1f6bbf121fa908
product_images,laptop,Adaptiope/product_images/laptop/laptop_061.jpg,laptop_061.jpg,49753,2610f8509583c23e5f7120679fdc62ad1a409013bfc926646a685cfb305f2625
product_images,laptop,Adaptiope/product_images/laptop/laptop_031.jpg,laptop_031.jpg,46275,c5bfe707255c8fecd30734dfcaca903aff7a18c9a8f24cb531b80cb27dd71739
product_images,laptop,Adaptiope/product_images/laptop/laptop_085.jpg,laptop_085.jpg,174022,f860f72bde63ef9ba257f212277c49776bc9a00d168ae19c8c52941a582d663c
product_images,laptop,Adaptiope/product_images/laptop/laptop_064.jpg,laptop_064.jpg,22216,fc0fac9242bfb486d9313158744b0326c30b633c9d7870ae37294896361ef88e
product_images,laptop,Adaptiope/product_images/laptop/laptop_056.jpg,laptop_056.jpg,55091,6efe2dfe12f937a5532f7ab6e3c3a7c0144579f1cb71ce09e6effdd497126fba
product_images,laptop,Adaptiope/product_images/laptop/laptop_076.jpg,laptop_076.jpg,46743,4138d302aa5a6dd42af5bd386e6c41e31778c6364cc0afd15289995678c4cab2
product_images,laptop,Adaptiope/product_images/laptop/laptop_028.jpg,laptop_028.jpg,162670,ad9e04755d634281d28e983cd8c07ee61f737c62fcc0036cbdcd31ba5df309cd
product_images,laptop,Adaptiope/product_images/laptop/laptop_023.jpg,laptop_023.jpg,32162,4b318199004a5cbe5f332983523635f9499b6e50fec97e1298a58b9c0c0e0ac1
product_images,laptop,Adaptiope/product_images/laptop/laptop_069.jpg,laptop_069.jpg,28553,1a32303ee05ecd0b2b1e76470c8712bb7cf994f60b5dba373b7673c76d35e82f
product_images,laptop,Adaptiope/product_images/laptop/laptop_027.jpg,laptop_027.jpg,134033,9b326dae676925672c537895e7002a556cea621dd096ea93fbff0eba14f37254
product_images,laptop,Adaptiope/product_images/laptop/laptop_044.jpg,laptop_044.jpg,100956,8dfe612a1244c4fb8081c5f632380d1c8e2fd008e2f96b03690567bfd09e8609
product_images,laptop,Adaptiope/product_images/laptop/laptop_095.jpg,laptop_095.jpg,22200,1630d4cb07bf2a70c430ad8158cd574626b5a73a0033bda9c0b354eb99527b3e
product_images,laptop,Adaptiope/product_images/laptop/laptop_073.jpg,laptop_073.jpg,132027,f6c41475c5063ccc5fd5cbdf0bed7116f51cfeb5ae3279ceed02be06ac094bc9
product_images,laptop,Adaptiope/product_images/laptop/laptop_054.jpg,laptop_054.jpg,55590,201f5cd1b09a8439d114ce5b12e81a8f5dc7019235cf748f7ebbb1d86f7cd11c
product_images,laptop,Adaptiope/product_images/laptop/laptop_050.jpg,laptop_050.jpg,33566,a8c058b52b1c7e39f338b883054094c4b0eeee483ebea5a5cfae39a2001eda14
product_images,laptop,Adaptiope/product_images/laptop/laptop_004.jpg,laptop_004.jpg,21451,8145adeb39f4e7a287f53703e3706113def56e560ac3127268f20ecfa31ccb06
product_images,laptop,Adaptiope/product_images/laptop/laptop_021.jpg,laptop_021.jpg,18255,7d4e6ffa8f1a3220c2514fd361ee2101f28da8251c5f54dd0abf8a94a244c54c
product_images,laptop,Adaptiope/product_images/laptop/laptop_055.jpg,laptop_055.jpg,29358,17ef37c25b2dcea65512178f04e8649886a9953f735c03212f288d5249361590
product_images,laptop,Adaptiope/product_images/laptop/laptop_018.jpg,laptop_018.jpg,38689,a43e3356d779ccd843dcf00fc79dd1e784628b5e0c000d6703870adffb1b5acd
product_images,laptop,Adaptiope/product_images/laptop/laptop_040.jpg,laptop_040.jpg,42842,c4f609c432f33d368bb04bbc3518fdbdd59c7b7d4520022a4b22e7d628b288a6
product_images,laptop,Adaptiope/product_images/laptop/laptop_012.jpg,laptop_012.jpg,46876,bf94cee59fff264ab524dd1caa341608127ea6f2e89de5c0a45fbb49442365ff
product_images,laptop,Adaptiope/product_images/laptop/laptop_051.jpg,laptop_051.jpg,55703,291cdc3a9fa9232b74062ead285d70ecf43612f7b697cc38d2e6941a2c987f21
product_images,laptop,Adaptiope/product_images/laptop/laptop_098.jpg,laptop_098.jpg,38777,67f87e03d13015c0ec0713ba0ead29e96af11e2ba81bc5975f220de09c10424a
product_images,laptop,Adaptiope/product_images/laptop/laptop_026.jpg,laptop_026.jpg,39987,87eb4835939163574a0a0308b5101c59f3d3e5702e2587c02f091476d22c5570
product_images,laptop,Adaptiope/product_images/laptop/laptop_025.jpg,laptop_025.jpg,26849,b1788e84202cbfb2814f61dba36428e910fc65a3b2628b01b568858dff67fec7
product_images,laptop,Adaptiope/product_images/laptop/laptop_074.jpg,laptop_074.jpg,50435,4c14d8c4593fbbf7324c6eec828957b8aa3551e4d03525b18db4f5925dfe5641
product_images,laptop,Adaptiope/product_images/laptop/laptop_034.jpg,laptop_034.jpg,39845,be8ed4c61dd7fba3689d1fbb4c780f75fde2d2be7426866c2bbeef9e911c9924
product_images,laptop,Adaptiope/product_images/laptop/laptop_035.jpg,laptop_035.jpg,30125,d82d17ff853d05039226cbcf3facae1b3b1a28cdea4c3cd64aaa77bb44d4401e
product_images,laptop,Adaptiope/product_images/laptop/laptop_014.jpg,laptop_014.jpg,25192,5acb7dc6b6455f687d2ccf0a2e234a7d249d358f41ec4ed4fa84b9f38597818e
product_images,laptop,Adaptiope/product_images/laptop/laptop_093.jpg,laptop_093.jpg,40565,f3179178a0d08e8dd65f8ca86cc73fba3522a6950ee180234c021da7a7fe88a9
product_images,laptop,Adaptiope/product_images/laptop/laptop_046.jpg,laptop_046.jpg,17479,bf3ad672fa198fd3c09e76bdb2b1f5aa8218b017acd68c933896d04935304bc3
product_images,laptop,Adaptiope/product_images/laptop/laptop_053.jpg,laptop_053.jpg,31026,8c2883a83e1049d7e60b0cf7a1890ac5f14a1fc389db888c6ccd6991f3c7d950
product_images,laptop,Adaptiope/product_images/laptop/laptop_036.jpg,laptop_036.jpg,25007,710079d6ff4f907eccee986c44bd3df3019e8397da0276b7a78c153f8b838e56
product_images,laptop,Adaptiope/product_images/laptop/laptop_091.jpg,laptop_091.jpg,25362,12cea95235e9c3ba753d9d9a294e0dce48b3169cc67f704a3fbd594710ab18c8
product_images,laptop,Adaptiope/product_images/laptop/laptop_000.jpg,laptop_000.jpg,58132,295cdd848cb4ee270453dd0078d2fce174b6e33915333676fc0174adb95e889c
product_images,laptop,Adaptiope/product_images/laptop/laptop_087.jpg,laptop_087.jpg,34427,38ad3f65013af385267d1d519a335da9843dfa5042cb115cf095474f651b3330
product_images,laptop,Adaptiope/product_images/laptop/laptop_049.jpg,laptop_049.jpg,39119,29135950571d36c1e491f2b433430e11c3dfcbde0c494be3235b146b904c8e08
product_images,laptop,Adaptiope/product_images/laptop/laptop_070.jpg,laptop_070.jpg,36282,43bb670e403d9f49e3aba8a74cba245bf47150bf0b7ccfd8d67527db845a68f5
product_images,laptop,Adaptiope/product_images/laptop/laptop_099.jpg,laptop_099.jpg,23793,0a3da655567954bde375a38631193db9399afdf940164c796f4426642505ddb7
product_images,laptop,Adaptiope/product_images/laptop/laptop_082.jpg,laptop_082.jpg,42940,63b20793b8951467c5bde677e54953246c89681f25094ee99943db8ce41cdbd3
product_images,laptop,Adaptiope/product_images/laptop/laptop_041.jpg,laptop_041.jpg,148515,6c0babbbfacf8a1de1425511598ea052f22b22c0a941e59238d80080c01f7ad2
product_images,laptop,Adaptiope/product_images/laptop/laptop_092.jpg,laptop_092.jpg,32894,5d8c0d67969329f2c909b906607db37ba4bc756420290ef4a797d866e972e1f1
product_images,laptop,Adaptiope/product_images/laptop/laptop_048.jpg,laptop_048.jpg,44817,7bc2c257a0858d09e50d72f689a9e465867ab2a8d8b73b38868a1e59b7111fb2
product_images,laptop,Adaptiope/product_images/laptop/laptop_060.jpg,laptop_060.jpg,104186,c2149d95b6f95c540d7ed29abfbcf3f6a862fd94bc72d401ed591f5a6e65dc24
product_images,laptop,Adaptiope/product_images/laptop/laptop_067.jpg,laptop_067.jpg,114012,f50a35f8ed8da962669be0da4a9497edf19835ce54c8a75a71212e029ad84aa3
product_images,laptop,Adaptiope/product_images/laptop/laptop_011.jpg,laptop_011.jpg,61828,7280c4541259c9f67f5a889c15a968c663a99ac089739cc3f25bcd9e378ca5f9
product_images,laptop,Adaptiope/product_images/laptop/laptop_017.jpg,laptop_017.jpg,109783,533d8e9b15244690673aecc5b477b0d7c1f36ae1de34048bb7daef2982da0b0f
product_images,laptop,Adaptiope/product_images/laptop/laptop_086.jpg,laptop_086.jpg,114895,3de2a9772b1b63272bc642d5cd4100986c418300adde57db13cb942469a93681
product_images,laptop,Adaptiope/product_images/laptop/laptop_059.jpg,laptop_059.jpg,25817,70f68ca2ae60941608286393c1905650c77f393ccd66a900ba81a4abc38c38a0
product_images,laptop,Adaptiope/product_images/laptop/laptop_006.jpg,laptop_006.jpg,45394,3cd7473753b2f600cb00eb394463a810fd524c6e1a9eb874a243086216d36a5d
product_images,laptop,Adaptiope/product_images/laptop/laptop_063.jpg,laptop_063.jpg,27450,f5a300c8005b902c57bd67eabf4d3af4c4c585870218191d6e5658f9e45d4f22
product_images,laptop,Adaptiope/product_images/laptop/laptop_072.jpg,laptop_072.jpg,25689,1a126d3a7faab8055503e034018da307ad1267a2d10e1a2dc92dec6a73424fae
product_images,laptop,Adaptiope/product_images/laptop/laptop_047.jpg,laptop_047.jpg,55096,b9d1ab447eff6681b6a28f8982e50c51cde6383cbbf7fa3dc137695ba5b88e90
product_images,laptop,Adaptiope/product_images/laptop/laptop_081.jpg,laptop_081.jpg,53160,a9d387e43540519a97b6602bd6f9b49b68d724fedd3919a48193558076ce2c38
product_images,laptop,Adaptiope/product_images/laptop/laptop_084.jpg,laptop_084.jpg,28463,a192e66e6d1819b362b088be70158bdcb4e2496be9bbfbb0c5bd0e6a8374734e
product_images,laptop,Adaptiope/product_images/laptop/laptop_052.jpg,laptop_052.jpg,30555,281492d0eef3aec770264b4ac0fc296b67ee0dae6580e70e7b73d34cdf2f88fd
product_images,laptop,Adaptiope/product_images/laptop/laptop_094.jpg,laptop_094.jpg,66766,59bde8917b561d3109bbfa8687bc8c5816d2e8d357bbffeb07081012db6b2d24
product_images,laptop,Adaptiope/product_images/laptop/laptop_043.jpg,laptop_043.jpg,15947,3a536ab3778f985ddcf3fc3cbfb3fd05b4c146a54328362e509d926d5392c39c
product_images,laptop,Adaptiope/product_images/laptop/laptop_033.jpg,laptop_033.jpg,21555,6258878461a3e43d9e5eef793974ccfabe2f4c6a153f77b64bd000e3216d3c7c
product_images,laptop,Adaptiope/product_images/laptop/laptop_039.jpg,laptop_039.jpg,89358,aa9ece28301d6ca3b3525c7b0228afc37aefb20747cb491f4e57d592af536f3a
product_images,laptop,Adaptiope/product_images/laptop/laptop_013.jpg,laptop_013.jpg,32575,ca930d0efaba6b13a59277f918100918e757ebc4014641bfd5ff078e215c4fe5
product_images,laptop,Adaptiope/product_images/laptop/laptop_032.jpg,laptop_032.jpg,35403,16f8560fdef0eae3b58cb4f9ee7657c79beeb64f1cc190bdcc0a89d27169bfc5
product_images,laptop,Adaptiope/product_images/laptop/laptop_003.jpg,laptop_003.jpg,18919,34a1e342a8ea44e41cd9277741700816b49139f7645873e3e3f84ebbbdea9e04
product_images,laptop,Adaptiope/product_images/laptop/laptop_001.jpg,laptop_001.jpg,38050,1a655682c07c6c0d804c3248b3016ab637049725fe9f5332579b90e511bc951f
product_images,laptop,Adaptiope/product_images/laptop/laptop_066.jpg,laptop_066.jpg,46214,d6b3033c96cead7077ff487a65b22f791abd0aedf2f29ca9515757212e94a4c3
product_images,laptop,Adaptiope/product_images/laptop/laptop_010.jpg,laptop_010.jpg,119210,3ae9a704fcecddae3b8e3175669d08cbd6ecf7d3cd7193859c11734be7d80d4d
product_images,laptop,Adaptiope/product_images/laptop/laptop_009.jpg,laptop_009.jpg,40227,daf7883aafbb87ff7bb50cc78c464e3e12b2e611510ebede24b88f7ea50f438b
product_images,laptop,Adaptiope/product_images/laptop/laptop_042.jpg,laptop_042.jpg,21388,39273796375e0b469046d3476dee27d4d0e720913de5bbd94a92a8ece8141bfe
product_images,laptop,Adaptiope/product_images/laptop/laptop_016.jpg,laptop_016.jpg,29709,c9be548d681b4a2c7b254b32433e1b52a6cd726b56862ccdb2ff428cfb4f1ed0
product_images,laptop,Adaptiope/product_images/laptop/laptop_002.jpg,laptop_002.jpg,30398,6a1ac4df93741b2edb71199ccb0c49995048e6ea41da3244d988e229127b9b70
product_images,laptop,Adaptiope/product_images/laptop/laptop_030.jpg,laptop_030.jpg,82883,44d0759508ab0dcc82132f2983bc6f14c8f7b75b28336982ec8b372a4324e68e
product_images,laptop,Adaptiope/product_images/laptop/laptop_062.jpg,laptop_062.jpg,26235,81432e9b7568175f37fd2b73b663681d19ff6d58dd723c397e2af4faf687c79d
product_images,laptop,Adaptiope/product_images/laptop/laptop_083.jpg,laptop_083.jpg,225141,69b1352b2379e725a8baa533b790f8d04f79b7b144a272d2bb30dcd3e726625d
product_images,laptop,Adaptiope/product_images/laptop/laptop_090.jpg,laptop_090.jpg,57362,3844f4a3945e259564815337db6ea3569f21dfbd9dc6840878ac6213c29c53e2
product_images,laptop,Adaptiope/product_images/laptop/laptop_097.jpg,laptop_097.jpg,27321,07abb71cb51e6072b94e07b73ba994147b1188f6d99b5d8f7ea99ce4b30fd8f2
product_images,laptop,Adaptiope/product_images/laptop/laptop_088.jpg,laptop_088.jpg,36923,b786a56d081ec3e81efac31872105bd04e155336b1435c4aedf66be77ef14ed1
product_images,laptop,Adaptiope/product_images/laptop/laptop_020.jpg,laptop_020.jpg,48693,3462bc9360bab429e0748ed7c6edde77c13d89be232678a84f5dcf9b49c5d098
product_images,laptop,Adaptiope/product_images/laptop/laptop_075.jpg,laptop_075.jpg,39765,a616ef821cdb9a3dbfc7261166adf2682f7541b1244143763ced593cf7447b09
product_images,laptop,Adaptiope/product_images/laptop/laptop_024.jpg,laptop_024.jpg,41481,7a2b8d87f80f73984fb71438a7980f096e10ada9b8a8353290ef24068127ca23
product_images,laptop,Adaptiope/product_images/laptop/laptop_022.jpg,laptop_022.jpg,62783,86cbf2ca41a1ffa704397f3118ee477f7f79d5da7c710e6c7fb09250b43ba635
product_images,laptop,Adaptiope/product_images/laptop/laptop_038.jpg,laptop_038.jpg,26112,fc656ca9dbcd5d1de06d901469f73ef5ea3712140dd276cdccab871d20ed1073
product_images,laptop,Adaptiope/product_images/laptop/laptop_015.jpg,laptop_015.jpg,32693,6b0d071e597a375975880cf6832320b735ffcaea100f8c9aee2ba25240100bc7
product_images,laptop,Adaptiope/product_images/laptop/laptop_077.jpg,laptop_077.jpg,138042,faf88b1e3aaf142a377fde6be118099ebeb963bfe7f75baeb4e5281fc84c6db7
product_images,laptop,Adaptiope/product_images/laptop/laptop_007.jpg,laptop_007.jpg,35793,a0f0e01f2a2ab8f4a2d0d0a4d54084b2262366bcf6ddda3794f564e3e06b6f91
product_images,laptop,Adaptiope/product_images/laptop/laptop_079.jpg,laptop_079.jpg,44059,a65dc0d00c0f9bc8fb83f2361ae5259bd3ceb3ec2687d04ee1054a158977341c
product_images,laptop,Adaptiope/product_images/laptop/laptop_045.jpg,laptop_045.jpg,53776,b8e5b9a3fc7815083b0205033bcc4049b2623dd987a5791297c28253e30c32e6
product_images,laptop,Adaptiope/product_images/laptop/laptop_019.jpg,laptop_019.jpg,50336,5402815c42746fcc55516c938f38eef49fb4f83a66f9decd921c1d5b727a462c
product_images,laptop,Adaptiope/product_images/laptop/laptop_068.jpg,laptop_068.jpg,43116,bb980f4796976b8a336802871d81cee7dcfa5f7d2c7358093c6dda5e72c30f5f
product_images,laptop,Adaptiope/product_images/laptop/laptop_037.jpg,laptop_037.jpg,160927,e4228d14c7a78162e6869fcd226cada79248c1e62f9f707535bc4ee50e251bf2
product_images,laptop,Adaptiope/product_images/laptop/laptop_008.jpg,laptop_008.jpg,112796,10b6c1a50b8fb3371399d00838319153f7a1b004b52ca990505e978b91ba424e
product_images,laptop,Adaptiope/product_images/laptop/laptop_065.jpg,laptop_065.jpg,118870,46b0d1b7f211207ceacf5fda97c3ffa6f4a657ac166d45f98a28da2a4b0da836
product_images,laptop,Adaptiope/product_images/laptop/laptop_078.jpg,laptop_078.jpg,59379,43427278cf6ae1df09f8a621fe1482ce96f4040171105ee97a1b27253ceaef73
product_images,laptop,Adaptiope/product_images/laptop/laptop_057.jpg,laptop_057.jpg,43104,7675e9f960030c5b9b16175dd04e8e4a2bf8a5f5569cfe3bb06f84b93bc84ee0
product_images,laptop,Adaptiope/product_images/laptop/laptop_005.jpg,laptop_005.jpg,35251,864c45cfd3ba56c85b422e04114d715f7c3ba02520e8c86902896dcd9c2e1742
product_images,laptop,Adaptiope/product_images/laptop/laptop_089.jpg,laptop_089.jpg,27137,16fbf9364c694528cf63f8f355ff2481d5e5194f4f3d10d02d600f79ac2ba8e8
product_images,laptop,Adaptiope/product_images/laptop/laptop_071.jpg,laptop_071.jpg,27159,b0a4d0f7a47b0e6271d823bc7a93814c175a3132473f201033c3c445e51ad07c
product_images,laptop,Adaptiope/product_images/laptop/laptop_029.jpg,laptop_029.jpg,48995,8b5b8203cce0bb8942261429e4f3496565ce675ae357474f8f7952e714228f8f
product_images,laptop,Adaptiope/product_images/laptop/laptop_058.jpg,laptop_058.jpg,123603,bd072b734eac8b332995a9e36a26a1df89bcd25fc967b3c4d58f129563a2dc50
product_images,laptop,Adaptiope/product_images/laptop/laptop_096.jpg,laptop_096.jpg,23768,543904c84c798edc228d4e3f7c6e7996bffb10d4b83e6861031b23ff4458ba8a
product_images,laptop,Adaptiope/product_images/laptop/laptop_080.jpg,laptop_080.jpg,25693,c775a9a6ff93b034ed9b78bda2819fac9c4ed9b0ad48d5450459e57708acdbb6
product_images,monitor,Adaptiope/product_images/monitor/monitor_099.jpg,monitor_099.jpg,56381,1d0b0b58729253bda2c2cc00183c06a9fb137c2787dde93ab36c08a874574733
product_images,monitor,Adaptiope/product_images/monitor/monitor_059.jpg,monitor_059.jpg,46227,e7bedd58f112312ee8bf048bbd966a279f657e7aed3b16b2bc2f34b27df20642
product_images,monitor,Adaptiope/product_images/monitor/monitor_015.jpg,monitor_015.jpg,41672,6cbd7bafb578bf1f17888d9c8357e0fda66cde630fc5df61972cabe65a04d714
product_images,monitor,Adaptiope/product_images/monitor/monitor_005.jpg,monitor_005.jpg,55806,2a88bd9c4a65e45e6c28c44acac3db168571afefd87dfdb2da7ed5ce967ad2ae
product_images,monitor,Adaptiope/product_images/monitor/monitor_047.jpg,monitor_047.jpg,42111,535b149a6d661b599f518fe4a87f5662621702409e9e00dab2c017f31aece09e
product_images,monitor,Adaptiope/product_images/monitor/monitor_060.jpg,monitor_060.jpg,24220,821cb6c718c5b8768f4edd9aca24b2503f059f7a4e306dd0fd194b78e13cbfa9
product_images,monitor,Adaptiope/product_images/monitor/monitor_027.jpg,monitor_027.jpg,49887,13a9d83406632e3b673f1c5b7314c577dfc9290e8e35fd286f3b41336727cd4d
product_images,monitor,Adaptiope/product_images/monitor/monitor_001.jpg,monitor_001.jpg,31985,bc0f4d45366ac80a8ddb8997690b42c35ea9fb7cf7a742f77b92f90b2a113858
product_images,monitor,Adaptiope/product_images/monitor/monitor_020.jpg,monitor_020.jpg,97792,599b6edc090b8eb8fce9706b4edb7dea597c91b6fd64952b9b209af40f238928
product_images,monitor,Adaptiope/product_images/monitor/monitor_031.jpg,monitor_031.jpg,48625,79346c881930fe6b0d11633b2c4679f1bfa27d327aec60f6fc05300210f4e6d2
product_images,monitor,Adaptiope/product_images/monitor/monitor_098.jpg,monitor_098.jpg,43454,2715ee470723d1345a86f07713a4ed3bf84ace95e73f90e484bf43acd3815678
product_images,monitor,Adaptiope/product_images/monitor/monitor_094.jpg,monitor_094.jpg,80748,844c60e672834428a96d0657561c6d02f9f7fbda9580be16082cd5fedd77b8c2
product_images,monitor,Adaptiope/product_images/monitor/monitor_016.jpg,monitor_016.jpg,20104,16bedfe2f8cf462517e9e71f31284bbc76040850f593335cc226cb106a8d863e
product_images,monitor,Adaptiope/product_images/monitor/monitor_051.jpg,monitor_051.jpg,58310,fb860726ccf6f618c4170004f1f21db978291ae8319d5442febcf2f4ef09bc19
product_images,monitor,Adaptiope/product_images/monitor/monitor_077.jpg,monitor_077.jpg,39255,905687e274a7508f4bfbe0a971bb4feb7be6f9c27dbad93fa87ec2c54edc98c6
product_images,monitor,Adaptiope/product_images/monitor/monitor_045.jpg,monitor_045.jpg,69760,7d7d643eddeeceeca8e50f44d3c74e1a4f6a68766692e92d68a3f3717f2bf388
product_images,monitor,Adaptiope/product_images/monitor/monitor_036.jpg,monitor_036.jpg,52599,ac749fca3934bb865759f8a79197b257692451a0c83a8a0739d665448a5147d5
product_images,monitor,Adaptiope/product_images/monitor/monitor_087.jpg,monitor_087.jpg,23613,cb459df4b3d25ac21db435b074399c9f1e37a298bab2c1db97eab0e243d150a0
product_images,monitor,Adaptiope/product_images/monitor/monitor_004.jpg,monitor_004.jpg,84064,1b63cc98a443860f4a73cb70a8c10d65f03b2713fc1f2745166feb668d83d4fe
product_images,monitor,Adaptiope/product_images/monitor/monitor_086.jpg,monitor_086.jpg,36136,d8d648969f397cd80d6cd08270c4b4c8885a86ac72a7aa718d8eba63d6e5e864
product_images,monitor,Adaptiope/product_images/monitor/monitor_013.jpg,monitor_013.jpg,42781,469c4ca39ee8e689802f4ce0d0fd82190479cfe62a6ae420e6c6373e13292fe6
product_images,monitor,Adaptiope/product_images/monitor/monitor_012.jpg,monitor_012.jpg,32748,561c513afb86998bf190706f3f89cc2fa2fa214d8e819762746b26489f5176c9
product_images,monitor,Adaptiope/product_images/monitor/monitor_030.jpg,monitor_030.jpg,32073,6477830cd3d1c0f480d7dd7c7626262ef342a460cc6e7a64006d4629802d8055
product_images,monitor,Adaptiope/product_images/monitor/monitor_037.jpg,monitor_037.jpg,85614,030f462da6cc23e4cc2f769b26377ea72ef4cb3a95971fc6e511c1aad4d23954
product_images,monitor,Adaptiope/product_images/monitor/monitor_032.jpg,monitor_032.jpg,42331,82b5f2e8f7d5b9031a9e6d5b0836c84cb3760cdd06bbe95cba35942bcb310ca2
product_images,monitor,Adaptiope/product_images/monitor/monitor_040.jpg,monitor_040.jpg,35613,2dd033e611f2c6e10d11e7133b194a19fad0d93bd2a3768449b50ee20696a9df
product_images,monitor,Adaptiope/product_images/monitor/monitor_074.jpg,monitor_074.jpg,40949,a7936b430a171914060faea7c0080ca7c30687e10d8731db294cb6b09fcb5477
product_images,monitor,Adaptiope/product_images/monitor/monitor_028.jpg,monitor_028.jpg,63480,e1ac277e3a2ce5f21f5da560b740b741145d5751edc983aff1ece9f4eca98ce7
product_images,monitor,Adaptiope/product_images/monitor/monitor_024.jpg,monitor_024.jpg,53375,419f78336830a5f4b21a81b3feb75217c3554757ad1587ed4faa5f6241c77047
product_images,monitor,Adaptiope/product_images/monitor/monitor_053.jpg,monitor_053.jpg,39575,86811adfde691f4ffc0a3d9d92a4dcfc259fc187e27861fb5c7e2828214c63c8
product_images,monitor,Adaptiope/product_images/monitor/monitor_065.jpg,monitor_065.jpg,142949,01ed3d6c602124de39377a4ea6888d3c7ee24ae3f6b69a6779cc66bedde5a4d3
product_images,monitor,Adaptiope/product_images/monitor/monitor_092.jpg,monitor_092.jpg,56583,ae97adfa496899601bac18bef0f50b612fa99cc7cedcee909b94813d984caf35
product_images,monitor,Adaptiope/product_images/monitor/monitor_000.jpg,monitor_000.jpg,60023,7ee8a331433d6c437b25ca712ee2b92d40e3d0023a4e124ab36b8ab65e3d80a8
product_images,monitor,Adaptiope/product_images/monitor/monitor_061.jpg,monitor_061.jpg,146709,b7c760b41b97eca9942bf941bd11e1b6c82fe4d4c899f90c014650d3b62d9f65
product_images,monitor,Adaptiope/product_images/monitor/monitor_019.jpg,monitor_019.jpg,41903,46218e4d207f00c91790da98c079e4432b6feb78c35c6dfd0a8c53b67c09dfa8
product_images,monitor,Adaptiope/product_images/monitor/monitor_081.jpg,monitor_081.jpg,73148,bc33e38f1bf23a2b6226218dc772f6716f64cfafc144b8072a9b76a28c3ac237
product_images,monitor,Adaptiope/product_images/monitor/monitor_033.jpg,monitor_033.jpg,40879,bba945aae382753632fa64a09ce2bd44010121de0666737430b84d40a55aa859
product_images,monitor,Adaptiope/product_images/monitor/monitor_075.jpg,monitor_075.jpg,49833,cd4e3f1e8d4c494ab0131a600374a1bb392044cc81c8a3d57f6e3ed26771b31f
product_images,monitor,Adaptiope/product_images/monitor/monitor_095.jpg,monitor_095.jpg,54617,6a7e41a5aab3247637dc8b019ab883f1c6a9dd1198976018e634eda407b181af
product_images,monitor,Adaptiope/product_images/monitor/monitor_058.jpg,monitor_058.jpg,28456,0e86ae0a322baa819b9d0f91ec6d5728fd8074627723a83f137856efc80fbe66
product_images,monitor,Adaptiope/product_images/monitor/monitor_069.jpg,monitor_069.jpg,47593,5fef7594b4175eeaf3d020128bd8cab0e20bfa3e2dc3a4693548f9a9ca9d5074
product_images,monitor,Adaptiope/product_images/monitor/monitor_043.jpg,monitor_043.jpg,33455,d9d1fba1c296af925f56c538f991839b0c236dc80426f19997f29c9660b6536a
product_images,monitor,Adaptiope/product_images/monitor/monitor_090.jpg,monitor_090.jpg,34956,bc83942c411f8c4e5adc273b6b98c3bcb9ca3f96116e650a75f1c7d38c8cd80c
product_images,monitor,Adaptiope/product_images/monitor/monitor_006.jpg,monitor_006.jpg,61581,4f834d4bd01377506dbe6e2a8780144a3f30cd8304b100e916bdd4cb4ba3bdb1
product_images,monitor,Adaptiope/product_images/monitor/monitor_010.jpg,monitor_010.jpg,64609,7d04ee98fafcdd4d37ff72648fd80ff4128132f5336760a595c0e5569cc2d13d
product_images,monitor,Adaptiope/product_images/monitor/monitor_056.jpg,monitor_056.jpg,58624,18e04a828cd2f16c912a66f7590f26c065c043395cd360a67bff18164e09a97a
product_images,monitor,Adaptiope/product_images/monitor/monitor_035.jpg,monitor_035.jpg,43856,12dafd967673af0919981033cf6f186b102f38f6abfbdb1ea2a96223e53e6efb
product_images,monitor,Adaptiope/product_images/monitor/monitor_080.jpg,monitor_080.jpg,55836,bf85307a8e629ccef21765340fe9d3576b960ca154675ce4e22f4a4569ba8a8e
product_images,monitor,Adaptiope/product_images/monitor/monitor_071.jpg,monitor_071.jpg,57536,a1d0573626f34bd4757520aea8578365e8683e2756e7bb7f69967959558a73f3
product_images,monitor,Adaptiope/product_images/monitor/monitor_063.jpg,monitor_063.jpg,42305,5757fab208babec3bac3ca438c9668b834ea7280e3c88b304afb3718b43b886f
product_images,monitor,Adaptiope/product_images/monitor/monitor_041.jpg,monitor_041.jpg,20982,a2a9e15f0fa4d56775bd8c035edc46f155dde26a4a8cf3713964f00f14a1cd16
product_images,monitor,Adaptiope/product_images/monitor/monitor_034.jpg,monitor_034.jpg,45367,4dd1965a0bd1d9ad65e2c16904b932c6e7f56e3e325c7f78b9fdbe43550113dd
product_images,monitor,Adaptiope/product_images/monitor/monitor_083.jpg,monitor_083.jpg,50186,ba29ac2629bb88371a3a6134c5fd29d5dbe892714f736ed2c0fb32ed34cfd615
product_images,monitor,Adaptiope/product_images/monitor/monitor_079.jpg,monitor_079.jpg,15399,0911566bcaf977175036eb0d4d153ff5b54ea5a3253cc3352c7076fc19cbfa50
product_images,monitor,Adaptiope/product_images/monitor/monitor_073.jpg,monitor_073.jpg,79159,051b2c2cc83f3e03f33839d849af247d823890db736d8e53f0cbc70652da97f4
product_images,monitor,Adaptiope/product_images/monitor/monitor_022.jpg,monitor_022.jpg,100184,86dbddfa3a167d1913a71a5667e183a40c01c0e1fc1b6aa449dce8ce32a2440d
product_images,monitor,Adaptiope/product_images/monitor/monitor_088.jpg,monitor_088.jpg,38553,186da329c31168fd901549aa0fc623ef01fd91de74ea4e8c3e29b573bbf26b1d
product_images,monitor,Adaptiope/product_images/monitor/monitor_062.jpg,monitor_062.jpg,45835,f5a24fb4316fae7f5e4d4cac7546c267a89ff04f4c2c219d164601df753da76b
product_images,monitor,Adaptiope/product_images/monitor/monitor_026.jpg,monitor_026.jpg,57849,a01ab10fef744fd365c55d79831ddf6a447df54f2732eeb69771f72eb90a2a89
product_images,monitor,Adaptiope/product_images/monitor/monitor_089.jpg,monitor_089.jpg,38648,a2941dd4229143814e6b660d048ac1348767de833cc84c73ff1727cb11924971
product_images,monitor,Adaptiope/product_images/monitor/monitor_007.jpg,monitor_007.jpg,34664,03ae531818d39f077bb65c21f080b6f875b6cb2d9d11aaf49ee390d271096928
product_images,monitor,Adaptiope/product_images/monitor/monitor_082.jpg,monitor_082.jpg,74901,830b5c8151700d3dc412a7f0c62a716db659db0164272e8ed3aa2efa05a3882e
product_images,monitor,Adaptiope/product_images/monitor/monitor_068.jpg,monitor_068.jpg,259776,cab967497afe8e8fb6d08b7d447f4daee87115a240501665375933a44b025335
product_images,monitor,Adaptiope/product_images/monitor/monitor_003.jpg,monitor_003.jpg,77603,ced981ecb09cf6b682a8c2975ee94d623bf46b4314defdcc27bcaac6d121e461
product_images,monitor,Adaptiope/product_images/monitor/monitor_054.jpg,monitor_054.jpg,25124,cebea3b26f0f2dc84a2713da0d9fbf7c217077e2cd7635dbba9b0e5933450ada
product_images,monitor,Adaptiope/product_images/monitor/monitor_064.jpg,monitor_064.jpg,37681,e5f11c8e086119bbe59ec61b6624a0e9aef3ad5615fe329180a269e3e60f9f97
product_images,monitor,Adaptiope/product_images/monitor/monitor_023.jpg,monitor_023.jpg,27815,00d7563726e535c000df626f702b0bf291801986711f47dd744fcff115842138
product_images,monitor,Adaptiope/product_images/monitor/monitor_078.jpg,monitor_078.jpg,34436,7251a534a3e29b53a3ab19cbc8923fc4c02086752b0226504c047abf6cf34546
product_images,monitor,Adaptiope/product_images/monitor/monitor_017.jpg,monitor_017.jpg,166049,82342238ad517efd6b4158d853d9d80f53b3056b9fd9b8135aa0f55e36568b99
product_images,monitor,Adaptiope/product_images/monitor/monitor_052.jpg,monitor_052.jpg,36028,1d3b0d333a2eea4bed8ce7d927038e1aee6ff387d96e0c5e204774951fa4f285
product_images,monitor,Adaptiope/product_images/monitor/monitor_044.jpg,monitor_044.jpg,35343,e04905f512efe1bcfffca940e6cf298ab0fc9d7fa9db6380b0dfe51e10ed49f6
product_images,monitor,Adaptiope/product_images/monitor/monitor_076.jpg,monitor_076.jpg,36052,00865da817cd912354d69cacd5d1b55e2263c3d281e7fb2f51edc6dcf7d4e87a
product_images,monitor,Adaptiope/product_images/monitor/monitor_038.jpg,monitor_038.jpg,26523,652c6d869381f3103eb0294e17602362cebfe404a43a9e91a230647a98d76626
product_images,monitor,Adaptiope/product_images/monitor/monitor_066.jpg,monitor_066.jpg,50537,78cf7b1ca325ffa9dfb130d822ac2dfbef0c27585325251ea9dd1da10bc8627a
product_images,monitor,Adaptiope/product_images/monitor/monitor_093.jpg,monitor_093.jpg,30728,50a1e5c94a7d1550f4f68ee552828b966c62d5a9c218836021a5229b97c91ed1
product_images,monitor,Adaptiope/product_images/monitor/monitor_055.jpg,monitor_055.jpg,45161,cd405ddc8884cea4e44190b95480cf4b7a9f77b9a3023dad89b164e0726fbccb
product_images,monitor,Adaptiope/product_images/monitor/monitor_085.jpg,monitor_085.jpg,106601,3afe85629b7036a3ad79d7366fce20f2fab9ec51dde8ab6e7f442e4e498f2b66
product_images,monitor,Adaptiope/product_images/monitor/monitor_008.jpg,monitor_008.jpg,43168,d9fd7aa001e0c1b85c575114aa457dbce82092ca2ed0fe90af952f20e7930180
product_images,monitor,Adaptiope/product_images/monitor/monitor_091.jpg,monitor_091.jpg,49414,24be3074976f40209247d2e76d737653c803f1c39862845f5b314811b9f98659
product_images,monitor,Adaptiope/product_images/monitor/monitor_097.jpg,monitor_097.jpg,66191,f933156efdacacdd626fb036942f17268ebd2beca6b0561c378d39e89bd1ba7d
product_images,monitor,Adaptiope/product_images/monitor/monitor_039.jpg,monitor_039.jpg,55109,9f76eea67390579f4f382022186f8eed28b9dd1b12b1c7ce5ac82601019dc5db
product_images,monitor,Adaptiope/product_images/monitor/monitor_025.jpg,monitor_025.jpg,63244,18af19aed2f38a9cb083c3d1011c5f6c40c41631a0504213af2c2d6377411639
product_images,monitor,Adaptiope/product_images/monitor/monitor_002.jpg,monitor_002.jpg,38212,8bd90a4e9adc23591c3ba1ef7e5bc1f64c7f29ddbbe23113636eee56e7e4b63a
product_images,monitor,Adaptiope/product_images/monitor/monitor_049.jpg,monitor_049.jpg,44272,2b87289bad57397b4b69fa87cdb57a64b379956b6386f450ef14ff738c33532e
product_images,monitor,Adaptiope/product_images/monitor/monitor_096.jpg,monitor_096.jpg,54704,73871072f0834b8401b57c438284c7f5a67402e4bf75cacc2effdf55c982d280
product_images,monitor,Adaptiope/product_images/monitor/monitor_050.jpg,monitor_050.jpg,43353,614a64297361cb9223dfaccf6a76446e7fd8c285d4611e922f99172546ce0b45
product_images,monitor,Adaptiope/product_images/monitor/monitor_009.jpg,monitor_009.jpg,44045,801be22d7c20335a4d37202b64a02a221b651a1b9a4a292c7718799cace3e898
product_images,monitor,Adaptiope/product_images/monitor/monitor_021.jpg,monitor_021.jpg,39708,7d0e4a3839a48fdf71fefbfd974b24179c732017de5acdd1f4a1c1d5ecc3a93f
product_images,monitor,Adaptiope/product_images/monitor/monitor_046.jpg,monitor_046.jpg,45504,d8aeb2f387cdbc7b0a7edcc6102172baa8e84be35ea5fa16113867003a777066
product_images,monitor,Adaptiope/product_images/monitor/monitor_011.jpg,monitor_011.jpg,78493,ef22905305ad1d0d0bc5d8c90b7d3ab6c1d50ad31574a14de595208206adddc0
product_images,monitor,Adaptiope/product_images/monitor/monitor_042.jpg,monitor_042.jpg,35844,d82af032a931569729c93832a9b171be125dc2a01403a2993ddf79742980779b
product_images,monitor,Adaptiope/product_images/monitor/monitor_029.jpg,monitor_029.jpg,36048,267ce95d19f53d28e2cf9226b40e661a95012beaba11558f9a1435c0a92086bd
product_images,monitor,Adaptiope/product_images/monitor/monitor_084.jpg,monitor_084.jpg,28779,931225945d85811336b2c9986005d6654733a26b6e2a1bf73f27c9479b5c269f
product_images,monitor,Adaptiope/product_images/monitor/monitor_018.jpg,monitor_018.jpg,56525,27b050f38e63a02ceee361e786a7b904529ede13cad6582635487cff0ec02fe8
product_images,monitor,Adaptiope/product_images/monitor/monitor_072.jpg,monitor_072.jpg,44817,f6c00034511c2e00f547d15acaa7642de6e980b30bca94e0998ca65268db1919
product_images,monitor,Adaptiope/product_images/monitor/monitor_070.jpg,monitor_070.jpg,87776,b1bd3015042576a990e4ea3d83b09be667eb1d41485b52a8933676c7be4f0663
product_images,monitor,Adaptiope/product_images/monitor/monitor_048.jpg,monitor_048.jpg,37288,74afd4f8d3a9f1f770351c0912bf2813e18ced6a506c1e40428595365237adb1
product_images,monitor,Adaptiope/product_images/monitor/monitor_057.jpg,monitor_057.jpg,73877,43fc4b650488337dc2cdfbabeef404f9b5576a4fbada6d2b8544fc151c4a73fa
product_images,monitor,Adaptiope/product_images/monitor/monitor_067.jpg,monitor_067.jpg,44862,87ff9de81c0d0418376964b0a812f185a02ef6749d585c85baf9d4ee42da6122
product_images,monitor,Adaptiope/product_images/monitor/monitor_014.jpg,monitor_014.jpg,23009,71ec0a1e990267f8492920c3091e6dae6891ac5cf07781eb51380b394ee36f0c
product_images,keyboard,Adaptiope/product_images/keyboard/keyboard_007.jpg,keyboard_007.jpg,95828,3b2a3b8d1b09774ceee774e41f76ad2a4b8fc163501b29d87eac4822e82ed27b
product_images,keyboard,Adaptiope/product_images/keyboard/keyboard_064.jpg,keyboard_064.jpg,62578,f245104fccf559c1e40e1a58780613917ea72519f737e07d535de97a212e3251
product_images,keyboard,Adaptiope/product_images/keyboard/keyboard_078.jpg,keyboard_078.jpg,55919,97464c57e2e2f7ddc423381b4465b0ad8ceefa6efb27f13b7d7c0c5bcff7628d
product_images,keyboard,Adaptiope/product_images/keyboard/keyboard_084.jpg,keyboard_084.jpg,39129,0ccbcac4fbf9eb14688466ff33bf58fba5ff003004e98f740c0d376b4088effb
product_images,keyboard,Adaptiope/product_images/keyboard/keyboard_034.jpg,keyboard_034.jpg,187546,f0ca0e77217812696141b2231414dc3bb039c2f88a5dac3a7d8d3c2d93752638
product_images,keyboard,Adaptiope/product_images/keyboard/keyboard_051.jpg,keyboard_051.jpg,36471,008ae188606f4da4af73ddf009ad2b504f754cf17f7297b39aa5cecf4f0515a8
product_images,keyboard,Adaptiope/product_images/keyboard/keyboard_006.jpg,keyboard_006.jpg,110259,64354b2feebcea06798f6dfd1d6334fa488e2af8455863370455f522a69b176b
product_images,keyboard,Adaptiope/product_images/keyboard/keyboard_030.jpg,keyboard_030.jpg,40593,6931ee506eb59d0ce47acb07acb4d862629488e473304814e1bfb47101adf4ef
product_images,keyboard,Adaptiope/product_images/keyboard/keyboard_049.jpg,keyboard_049.jpg,19526,9ad1514ab4646fbdc8ad49329ac58348e527867e5d83679a816d6c2bb88b38ae
product_images,keyboard,Adaptiope/product_images/keyboard/keyboard_086.jpg,keyboard_086.jpg,181482,3de7faa45bd8d1a45c88472446250543fc5b2cacaadefc69eecc067c7ccc7579
product_images,keyboard,Adaptiope/product_images/keyboard/keyboard_004.jpg,keyboard_004.jpg,81173,561019974f92b25ed7d30e15d458298fbaab243c68d681e5f0db37f52f061018
product_images,keyboard,Adaptiope/product_images/keyboard/keyboard_009.jpg,keyboard_009.jpg,179349,84a48a1f22fe65590489672ac0acd228dd5439b56c4680f99ad608dae3df8b57
product_images,keyboard,Adaptiope/product_images/keyboard/keyboard_003.jpg,keyboard_003.jpg,121362,649bb0306a549dbf60aa77697ba72e8a22b2d7081a51e10d7895b0f5dc1fc817
product_images,keyboard,Adaptiope/product_images/keyboard/keyboard_043.jpg,keyboard_043.jpg,37975,44365a7638fffea97e6a0ec1c83e362ff1c59fb5a1c9e2202e00fa5b1cac936c
product_images,keyboard,Adaptiope/product_images/keyboard/keyboard_050.jpg,keyboard_050.jpg,136682,64f9e68076a3b5ab116d0d50e351f4a9f9bb7e3eea459857d0239e6880f64c86
product_images,keyboard,Adaptiope/product_images/keyboard/keyboard_022.jpg,keyboard_022.jpg,29159,75f78bd558573e1ab15f1682dac28b6deadaad285474a60b7adbcadf4c55d2cd
product_images,keyboard,Adaptiope/product_images/keyboard/keyboard_018.jpg,keyboard_018.jpg,160054,4b100720d27ae2dc8ddfee3e366daf816664b19248c9ee2ebf948b3288c47fb2
product_images,keyboard,Adaptiope/product_images/keyboard/keyboard_029.jpg,keyboard_029.jpg,168914,96078d8013c8ff19bd63748bc577d3dffa182f775544539be4a932d9c983754d
product_images,keyboard,Adaptiope/product_images/keyboard/keyboard_000.jpg,keyboard_000.jpg,190139,cd7018cc30336612e29d0667965eac1fbd0f8a63843e81c147d272b3b8d34647
product_images,keyboard,Adaptiope/product_images/keyboard/keyboard_039.jpg,keyboard_039.jpg,33022,585b32d0d7f032b7dbeb4e3ac5a8f6eb0efb8692520e5bf96812b5bc3c83822a
product_images,keyboard,Adaptiope/product_images/keyboard/keyboard_067.jpg,keyboard_067.jpg,156782,e3c3898b1cc8a24631463d063ad0dbb5a97b0c4ef0695e29078ee6971bfa7c4e
product_images,keyboard,Adaptiope/product_images/keyboard/keyboard_021.jpg,keyboard_021.jpg,173975,ac5630279c3736fc89f9a601f0e999ec2848eb53328eaae33f48cbf2c910609e
product_images,keyboard,Adaptiope/product_images/keyboard/keyboard_097.jpg,keyboard_097.jpg,96940,567ebf77a0fcb0695e715f2f7eb8d8e4d138fdcc31512cd967fd0036c93c3ed3
product_images,keyboard,Adaptiope/product_images/keyboard/keyboard_017.jpg,keyboard_017.jpg,141048,8c612f53653dd8e767b825d78e5cfa6b4768ea6515aa78b816a64442ec976751
product_images,keyboard,Adaptiope/product_images/keyboard/keyboard_069.jpg,keyboard_069.jpg,45545,2a22749abc4de386fc7959e7b1b151dbb403e09b058bec1d30d5ddd8f123e234
product_images,keyboard,Adaptiope/product_images/keyboard/keyboard_079.jpg,keyboard_079.jpg,37226,4a96b0a5fea906a4481347695486cd010771a080ebd90a3f0b24ae01fa8e30c4
product_images,keyboard,Adaptiope/product_images/keyboard/keyboard_005.jpg,keyboard_005.jpg,38826,7b26b83f52a2a3dcd43babc97ed7f6ae9480ee10f3ab3e42b875566d1e227a96
product_images,keyboard,Adaptiope/product_images/keyboard/keyboard_065.jpg,keyboard_065.jpg,63748,6919335d19c20c18069a50bb08287e8f1fdf4b32c91cf5258994c9acab2185f3
product_images,keyboard,Adaptiope/product_images/keyboard/keyboard_083.jpg,keyboard_083.jpg,39401,2ef90a0dc5090b0eb94d6f91afdc818c865edfc32ae6a49293aac0e0690a0cb8
product_images,keyboard,Adaptiope/product_images/keyboard/keyboard_040.jpg,keyboard_040.jpg,21717,23f2e0ccc6919a0ad470cf7cfe295f0cccca0e058d57314e572c3ba065a55973
product_images,keyboard,Adaptiope/product_images/keyboard/keyboard_077.jpg,keyboard_077.jpg,98061,b49b0e8305658f892e0159b6894c149def4eba99082fe836916c273f446db6eb
product_images,keyboard,Adaptiope/product_images/keyboard/keyboard_059.jpg,keyboard_059.jpg,127040,fa4347519c54f0163f66ba3531266ced3b2b2e794f29bf94dc2839572918a486
product_images,keyboard,Adaptiope/product_images/keyboard/keyboard_019.jpg,keyboard_019.jpg,54991,ba34d41e1e61767db0f03807ee2b070eccbdd4f74a1c0cd70669c583980da993
product_images,keyboard,Adaptiope/product_images/keyboard/keyboard_023.jpg,keyboard_023.jpg,122979,f620b18dcf499bf89c0e1580f9df3cf52041ba544826ac61ac4e57498c21ab68
product_images,keyboard,Adaptiope/product_images/keyboard/keyboard_063.jpg,keyboard_063.jpg,202955,6010c3d17dd3573811e566eb188c383761ff2b418a780104d6e87b00f03efcb7
product_images,keyboard,Adaptiope/product_images/keyboard/keyboard_061.jpg,keyboard_061.jpg,29995,b81045e7b67971b3032e769a30f70fe12bbc0a6fcc216e39417e71e6a7c2fcc0
product_images,keyboard,Adaptiope/product_images/keyboard/keyboard_099.jpg,keyboard_099.jpg,57089,9f982006debc3f94a471f856695f41968e2b7dcdbf8a127141841de389f6d5cc
product_images,keyboard,Adaptiope/product_images/keyboard/keyboard_042.jpg,keyboard_042.jpg,118080,25db14815c0d4d06c3f03ed6923880a0928d4263834a6dd8787d206e5b2745d5
product_images,keyboard,Adaptiope/product_images/keyboard/keyboard_016.jpg,keyboard_016.jpg,106711,dc9597d8c5bc73c646f5775651a4a90dd00c57f910dfcb13a3b67b61c7a15628
product_images,keyboard,Adaptiope/product_images/keyboard/keyboard_081.jpg,keyboard_081.jpg,86173,c3ec0d7be4daf41f0ddc0f1390328a3e722f398fa4a204ea73786debcfc098da
product_images,keyboard,Adaptiope/product_images/keyboard/keyboard_025.jpg,keyboard_025.jpg,96726,a58335bc7517d6eae5c2918dce7bfd7aafd4bba58e18a8f344928e2899dff96a
product_images,keyboard,Adaptiope/product_images/keyboard/keyboard_033.jpg,keyboard_033.jpg,126709,e63510e8dd1603b7853bf075244a73089408034097eff4091a079d4dcfe6f500
product_images,keyboard,Adaptiope/product_images/keyboard/keyboard_073.jpg,keyboard_073.jpg,111539,09616aad90ac64a22e8dd67a003e8f587c9e4b2d5d5dd2539348083969631bdb
product_images,keyboard,Adaptiope/product_images/keyboard/keyboard_093.jpg,keyboard_093.jpg,123774,470cb04380fcf1350d507d0fe99c506349080bcc17e4b540f8c160156602b024
product_images,keyboard,Adaptiope/product_images/keyboard/keyboard_080.jpg,keyboard_080.jpg,107822,4019b46c9ff9c5849b1a851e26e9d386805c8e7213f0853beb36cb8ceee9196e
product_images,keyboard,Adaptiope/product_images/keyboard/keyboard_071.jpg,keyboard_071.jpg,209141,ea9e7abf7e41ee6aa5990bb8554df94e25f81125f710f7c8f893c8b1ef1c26c1
product_images,keyboard,Adaptiope/product_images/keyboard/keyboard_072.jpg,keyboard_072.jpg,206507,8af48a210358059194b228d498c3728748bbce5fa2aba19b281c05f4ad256134
product_images,keyboard,Adaptiope/product_images/keyboard/keyboard_011.jpg,keyboard_011.jpg,31467,f2455acda11a9cc95c30aa468abe757b9e9a5359d88a3275451a8d68a5154d4f
product_images,keyboard,Adaptiope/product_images/keyboard/keyboard_046.jpg,keyboard_046.jpg,157816,9c12a5066190da79475de806a74e84bc654a7ef714cfd408bf0f8ab6d294dd31
product_images,keyboard,Adaptiope/product_images/keyboard/keyboard_002.jpg,keyboard_002.jpg,55726,96d6dcb93c7eb5b089f0d5b8dcc2b1b172745ac3c156d9575696b17692edc9c0
product_images,keyboard,Adaptiope/product_images/keyboard/keyboard_091.jpg,keyboard_091.jpg,316076,3c8e48995afb669576149ee57a8bb40d160e5c2eb14772821f02b446d660e2f0
product_images,keyboard,Adaptiope/product_images/keyboard/keyboard_089.jpg,keyboard_089.jpg,41662,a22e11ef1049871f2f6735309f304e95d50f40a4962f5dce1fecf35d24cd7723
product_images,keyboard,Adaptiope/product_images/keyboard/keyboard_032.jpg,keyboard_032.jpg,113149,354736d7f48e793f17d610065176de810d581a3f5570e5a63b687c5d28d5043f
product_images,keyboard,Adaptiope/product_images/keyboard/keyboard_062.jpg,keyboard_062.jpg,150489,44c7b3a5a4a9a17368dc8cfcf2d51e8c7afd15da15ce802a11e705700dc592e9
product_images,keyboard,Adaptiope/product_images/keyboard/keyboard_098.jpg,keyboard_098.jpg,139150,7ed0366274d53ea51383f6a8dcdaa26a44ef71b8f99b673805fcfb3e7f1cc34b
product_images,keyboard,Adaptiope/product_images/keyboard/keyboard_056.jpg,keyboard_056.jpg,151301,11fb94418c8cbbcb313db8c4f1dadc3fb90951a27544ca4b9101973f26219e62
product_images,keyboard,Adaptiope/product_images/keyboard/keyboard_075.jpg,keyboard_075.jpg,110060,283429ec917bb7e5e8d4eb7a64acf296bcc04a8b254160c0271199c611b40b41
product_images,keyboard,Adaptiope/product_images/keyboard/keyboard_001.jpg,keyboard_001.jpg,64713,0e9fc12af53bb38b1c3c9af5ac284f92f88ccbc806848e223b5c20ce0bd08a20
product_images,keyboard,Adaptiope/product_images/keyboard/keyboard_048.jpg,keyboard_048.jpg,56309,64cd29c5e09e37a1f4b0e538c4fdc4a0053a7bfdac39bc1e52e01ebeedb55b4f
product_images,keyboard,Adaptiope/product_images/keyboard/keyboard_028.jpg,keyboard_028.jpg,82578,df9db46c19a31de083c955e9f24ed1f95cc8898919aa27595a9aac0693128d59
product_images,keyboard,Adaptiope/product_images/keyboard/keyboard_060.jpg,keyboard_060.jpg,173257,2406713d56a7fd5c9b928518699c4c5f050a899ab72914ff9029a6aa2fed93bc
product_images,keyboard,Adaptiope/product_images/keyboard/keyboard_053.jpg,keyboard_053.jpg,25343,4233c4503235e77da657054bae525ba272b2ce9e866f07d201aafc90b5651b08
product_images,keyboard,Adaptiope/product_images/keyboard/keyboard_057.jpg,keyboard_057.jpg,19374,21029c25f25dd87962d4c26822689ee0307744c5470aebd9c2e713c81b8861d9
product_images,keyboard,Adaptiope/product_images/keyboard/keyboard_012.jpg,keyboard_012.jpg,56001,8a6ac5982d23ffebf9412debd9aee5bcaa99cce195fdb7162af8b5ada0f7f194
product_images,keyboard,Adaptiope/product_images/keyboard/keyboard_095.jpg,keyboard_095.jpg,119132,97d4869b886dc4bf80f500fcd812248e9a26c46606ac28e364d0bd6e39ed0ed5
product_images,keyboard,Adaptiope/product_images/keyboard/keyboard_045.jpg,keyboard_045.jpg,43561,42f8042b57307c315cea46e951698c36ed6184f51a0067f22cd3791d4d43fd33
product_images,keyboard,Adaptiope/product_images/keyboard/keyboard_015.jpg,keyboard_015.jpg,221246,30f99a93ff28cfb6b278697e2a5f949b04bd2016dc0e100c72077ee5a4ce266f
product_images,keyboard,Adaptiope/product_images/keyboard/keyboard_008.jpg,keyboard_008.jpg,82648,c78d557027344d4805a1cffb6893c46cc073beed11d5263943f2e23c3892af4c
product_images,keyboard,Adaptiope/product_images/keyboard/keyboard_047.jpg,keyboard_047.jpg,42771,a1d8c711c9923766297f63ccf40e815ff172478d6142a954ee9a661afa382337
product_images,keyboard,Adaptiope/product_images/keyboard/keyboard_027.jpg,keyboard_027.jpg,42026,b4f51230fde471a6fe72f1e742099e4b4b5c05dd7d44320ec87c3d8e0d9c05f5
product_images,keyboard,Adaptiope/product_images/keyboard/keyboard_044.jpg,keyboard_044.jpg,108554,2bb7b83da96b47a1a30c90d44a974e3c63015b2ed25f78d55c6b15e5cc9261fc
product_images,keyboard,Adaptiope/product_images/keyboard/keyboard_031.jpg,keyboard_031.jpg,87602,0377a925d57d8302aa6eae32f3fe33019687f8c917bd4b82ff07dbd94c65c074
product_images,keyboard,Adaptiope/product_images/keyboard/keyboard_052.jpg,keyboard_052.jpg,137051,b7d5b17df9db89389aef40787a6f47d66345b15789da91fb84fa7d764e0b91fb
product_images,keyboard,Adaptiope/product_images/keyboard/keyboard_036.jpg,keyboard_036.jpg,40681,c5b6c44bea378ece01b24f892f22715548ac59bf2091a8eb2652155d56c065f7
product_images,keyboard,Adaptiope/product_images/keyboard/keyboard_038.jpg,keyboard_038.jpg,368596,bdbe0c002074d9552779c45b266906e130881beff3d6cd21fe4d301c8b8d6399
product_images,keyboard,Adaptiope/product_images/keyboard/keyboard_013.jpg,keyboard_013.jpg,55404,4bd55daf5a07edeb1b8502018274457e11e629118718f580090de79ae3f711ea
product_images,keyboard,Adaptiope/product_images/keyboard/keyboard_041.jpg,keyboard_041.jpg,113519,d902c56d4a1925acf4ecdaae420aed8018da486adc4a97be524b59eb6bd44840
product_images,keyboard,Adaptiope/product_images/keyboard/keyboard_035.jpg,keyboard_035.jpg,115841,fe8d7efebb49213153c7e0e6c46583ffa1f0ad419b80b5cf65b0b64a92c9a294
product_images,keyboard,Adaptiope/product_images/keyboard/keyboard_076.jpg,keyboard_076.jpg,75995,eb0ed1c343bd4049a2b6a38f877601373e03276bacf6219f19533c96dafb9f59
product_images,keyboard,Adaptiope/product_images/keyboard/keyboard_020.jpg,keyboard_020.jpg,41043,7a4ed47e821e3f37a8c42a4f426ec355e7b1f35fd7e799acf6b09e855985fb1b
product_images,keyboard,Adaptiope/product_images/keyboard/keyboard_024.jpg,keyboard_024.jpg,33667,0c34f9378117fcf8f2acab16bf0f881fda68f637c845cce4dcd310c153716500
product_images,keyboard,Adaptiope/product_images/keyboard/keyboard_092.jpg,keyboard_092.jpg,163354,ce989dfc4db3c7e7b1f96e036e22f02da963e24aed2fad7a24e0aaf5e68ee821
product_images,keyboard,Adaptiope/product_images/keyboard/keyboard_087.jpg,keyboard_087.jpg,85818,c7ec5bbbf8e48fe934150781459f83e17e955776cb5021f932b0c7ca05771892
product_images,keyboard,Adaptiope/product_images/keyboard/keyboard_074.jpg,keyboard_074.jpg,76637,de53b08e9c0d154d9f24dd7738c8012ebac85c34099afc9c307ff4142ec5705a
product_images,keyboard,Adaptiope/product_images/keyboard/keyboard_026.jpg,keyboard_026.jpg,23999,e3efa0d7969e45c626f67d3f4e5f421ad9eca26176e73f4a4c7d2c445d4ed79d
product_images,keyboard,Adaptiope/product_images/keyboard/keyboard_054.jpg,keyboard_054.jpg,148486,6a578d9907ab2cde511843ea95c1fcd55c77ad3371612a1a32079f834741a921
product_images,keyboard,Adaptiope/product_images/keyboard/keyboard_082.jpg,keyboard_082.jpg,30246,30536b529292359406adbc4420a36fbab5638cb00924f5d067c8f17b5c676d6e
product_images,keyboard,Adaptiope/product_images/keyboard/keyboard_088.jpg,keyboard_088.jpg,174031,5ca0a1e0ad21c729aa4c3bd5f359c94e7a7874ee8560ada34fb2f7374b1e6b17
product_images,keyboard,Adaptiope/product_images/keyboard/keyboard_066.jpg,keyboard_066.jpg,181340,88a0a6ac59f3ba994062709b54566ba7e5a86722e38023965b4c1700d33ba8bb
product_images,keyboard,Adaptiope/product_images/keyboard/keyboard_090.jpg,keyboard_090.jpg,60349,e031594ef0ad417ed0bd56ae9aefd7847ab778d03b87d13950eb4662ed76c169
product_images,keyboard,Adaptiope/product_images/keyboard/keyboard_094.jpg,keyboard_094.jpg,122400,c1b4c8fcfa4578b6710c9eb41c4af5e9cf1de8ebf277d16cbe42f26a7a357489
product_images,keyboard,Adaptiope/product_images/keyboard/keyboard_070.jpg,keyboard_070.jpg,91983,4dfcc6e91364b8b7d5e545928fd498b3c3ab0cc38599f40472cbfe389f182504
product_images,keyboard,Adaptiope/product_images/keyboard/keyboard_085.jpg,keyboard_085.jpg,102792,0c8214b63f5365630e7475e7ac5c041a04d00a81ce93315eeb906407e4d01145
product_images,keyboard,Adaptiope/product_images/keyboard/keyboard_037.jpg,keyboard_037.jpg,73991,103ae33533e9a32bffb771ae378e0c509f1fbfc1fe33b80fdd33fd8dd379da9c
product_images,keyboard,Adaptiope/product_images/keyboard/keyboard_096.jpg,keyboard_096.jpg,165233,847d7152d73a0c765d9204c9909803a7fa9fc0d126fbfd9a91275fe91950b098
product_images,keyboard,Adaptiope/product_images/keyboard/keyboard_010.jpg,keyboard_010.jpg,30406,a72d4114a6058ed88140e17ed25441b8014943aa307260e4241650f9fbeb7c50
product_images,keyboard,Adaptiope/product_images/keyboard/keyboard_068.jpg,keyboard_068.jpg,82271,f1713b3d215beb25eb7f1813b38e09523f0a16c7572669858f1b0a67bbf0f9f7
product_images,keyboard,Adaptiope/product_images/keyboard/keyboard_055.jpg,keyboard_055.jpg,44634,f656b4127e856949993a7652e66a99ebeda6873a49b1a9695d80074eaca9c81b
product_images,keyboard,Adaptiope/product_images/keyboard/keyboard_014.jpg,keyboard_014.jpg,18904,39ed4f1b53be93582886427ab0156efee5f6fdcf0903942ebdf08be9a20b710e
product_images,keyboard,Adaptiope/product_images/keyboard/keyboard_058.jpg,keyboard_058.jpg,26075,779e55748bd5bc3d78fc4a859ae5aeac25fffe6d7bf695a80e300864a0c69539
product_images,webcam,Adaptiope/product_images/webcam/webcam_074.jpg,webcam_074.jpg,46931,59a167b80496e6a92f6723ad51bcd5ade1c0dc46820bd70aa2ee0cc5e80982dd
product_images,webcam,Adaptiope/product_images/webcam/webcam_051.jpg,webcam_051.jpg,169622,fbe744020c021cab53f412859ce0e7ea1e28ffbcceeb5359e3d2ac6f60c26818
product_images,webcam,Adaptiope/product_images/webcam/webcam_043.jpg,webcam_043.jpg,118309,d13b6e655d304424664138cbe3e415a057a43cc1148620d6aab9c4bb01b3ffbf
product_images,webcam,Adaptiope/product_images/webcam/webcam_007.jpg,webcam_007.jpg,146826,5d48eb9da4f5214ab2fea1afc6d69135fc35a5f6cac22d824ecc7d2d6ad1f267
product_images,webcam,Adaptiope/product_images/webcam/webcam_071.jpg,webcam_071.jpg,66325,8dada7c3f6731c82229ce1242aa153a2d3009b865267a66ff109e9e43388a3c7
product_images,webcam,Adaptiope/product_images/webcam/webcam_046.jpg,webcam_046.jpg,66912,43aee45735d3b216cb3f701c40cffa45ef34aa4788d3fb9169dd62bfbda942bf
product_images,webcam,Adaptiope/product_images/webcam/webcam_060.jpg,webcam_060.jpg,31128,af16b790ddf3859ef7ddc45fd34ca2e4a91721c3c10d599bb888549e31f56239
product_images,webcam,Adaptiope/product_images/webcam/webcam_047.jpg,webcam_047.jpg,143512,f50ffeb90de1709f9d9b314ee418a1f174b5e1bc9bca0400237dbcb53641a351
product_images,webcam,Adaptiope/product_images/webcam/webcam_090.jpg,webcam_090.jpg,36652,8c873086fc763186d4620aaab038ae3c9dcc7304d8580954a25bfb604816b8fb
product_images,webcam,Adaptiope/product_images/webcam/webcam_024.jpg,webcam_024.jpg,34183,e18623fd38da621c5d28c71dbe764173a0b72dec15b8dad9fe160902fd2fb335
product_images,webcam,Adaptiope/product_images/webcam/webcam_093.jpg,webcam_093.jpg,138964,bd73539dbd96b3fe9ba0721c421e7125cdeeb27b6b0b7ab6b4719349f02b8d06
product_images,webcam,Adaptiope/product_images/webcam/webcam_059.jpg,webcam_059.jpg,15773,0c5e98ef3da32fb52366dc58a44379741ee8ac86e229f890321f19851e645387
product_images,webcam,Adaptiope/product_images/webcam/webcam_073.jpg,webcam_073.jpg,108442,36039bd20dc943622882d91c6598fb639947c7709dde984ff152daa4b3aae87a
product_images,webcam,Adaptiope/product_images/webcam/webcam_031.jpg,webcam_031.jpg,69522,9de020ca5a38620aaab45147ff3932f03bcdeeb95a811020cb4bc34224a83016
product_images,webcam,Adaptiope/product_images/webcam/webcam_014.jpg,webcam_014.jpg,44778,b6a90127a4bc3be75c7dad173637b9dee39b4a096e545b15fca8328f9632c06d
product_images,webcam,Adaptiope/product_images/webcam/webcam_040.jpg,webcam_040.jpg,149947,ff890168e8bc5c41154c33ed4c92d74495bac6c06b3b6cb4a433a8f62cf55171
product_images,webcam,Adaptiope/product_images/webcam/webcam_045.jpg,webcam_045.jpg,17957,44b23480cf25578d36b5067c2af91ba313a6cc20783228f609ebf0473f1ed550
product_images,webcam,Adaptiope/product_images/webcam/webcam_087.jpg,webcam_087.jpg,17914,fa52b3fc2d8e0e95e06a92b569e1aefe3b69e3846b315e71d74e3fc57da432f4
product_images,webcam,Adaptiope/product_images/webcam/webcam_021.jpg,webcam_021.jpg,86308,392206e0f80de4d9aaa4c55fb1da3ad06d1f32252f1fd4f89f33580f7d17d99d
product_images,webcam,Adaptiope/product_images/webcam/webcam_033.jpg,webcam_033.jpg,28678,f71bc03b882fb340ef50d3a34ee54025bc5c37cdbb7dc11e278f0f69cb1bfef7
product_images,webcam,Adaptiope/product_images/webcam/webcam_016.jpg,webcam_016.jpg,29532,618d6d0a6981dad6557eee1fac14841656d5d85713d95a0d040782cef5b131f7
product_images,webcam,Adaptiope/product_images/webcam/webcam_058.jpg,webcam_058.jpg,131930,86dbf53a902ae7036a0e5990ff80793682dc7e767fcdffaa08fccd475a84cfc0
product_images,webcam,Adaptiope/product_images/webcam/webcam_070.jpg,webcam_070.jpg,30500,f437bdfff2f5c7d907925a1e2abb84f9ae7104ec7dd6678b63166890f7f089ed
product_images,webcam,Adaptiope/product_images/webcam/webcam_022.jpg,webcam_022.jpg,166506,8692377b09ed7591cce9a3c83b499ed8cb05c9fdc74324a6e29eebffcf2591ce
product_images,webcam,Adaptiope/product_images/webcam/webcam_080.jpg,webcam_080.jpg,120122,36423a97dc561b0097dd7d4f723a5523060eefe81489dde1c3f470bf050a5e2a
product_images,webcam,Adaptiope/product_images/webcam/webcam_065.jpg,webcam_065.jpg,64053,7f2eed6207c732cc9937e6016bbb5664a4518b00ec2707c2e905c0ea2b507697
product_images,webcam,Adaptiope/product_images/webcam/webcam_023.jpg,webcam_023.jpg,46636,185eb63eedbfa7cc5e671eda6ae8fc40c669238e58cc46c1fac7bef5c444740f
product_images,webcam,Adaptiope/product_images/webcam/webcam_082.jpg,webcam_082.jpg,131221,9ef1899215ecf8c68ed9a4b89e1c9009148764d2d15a1c86e983a72805c82fdb
product_images,webcam,Adaptiope/product_images/webcam/webcam_069.jpg,webcam_069.jpg,75282,716556b884f6044c0be993d6b72bfb22bcfe01deace474bde7614726bb31f23d
product_images,webcam,Adaptiope/product_images/webcam/webcam_002.jpg,webcam_002.jpg,115631,89f3ef7e4cd5924d1100187f92bc3dbdb897c1a42f9a556f1ed0624fe6a4e63f
product_images,webcam,Adaptiope/product_images/webcam/webcam_081.jpg,webcam_081.jpg,85392,7ad8f0029832eb34518eedc770d568ce67156efc30a12f7e6d5dc4407f9b1f76
product_images,webcam,Adaptiope/product_images/webcam/webcam_049.jpg,webcam_049.jpg,160405,57d646c6dfb2d2013186964c1c697e5e45e9ab0c5a1e8b1035442a509a468a73
product_images,webcam,Adaptiope/product_images/webcam/webcam_001.jpg,webcam_001.jpg,96632,345b5f6378eb120eee63a8d0a3fa41f36a6a5b647e3f97e22ce6c55dbbf6477b
product_images,webcam,Adaptiope/product_images/webcam/webcam_044.jpg,webcam_044.jpg,205781,b716f46348b3e189ed978fbd30720eabc16341cdd064ddd5017bdbe0e5c93161
product_images,webcam,Adaptiope/product_images/webcam/webcam_091.jpg,webcam_091.jpg,30372,dc393ab6fe962171205eea9cde27706f0c10038e8ae7c6d0d45dc33474ebdf01
product_images,webcam,Adaptiope/product_images/webcam/webcam_019.jpg,webcam_019.jpg,16835,b93ff45c090ace8f033bdcf94fc5d52e28686d1fd2b0aab9eb2eb8cd736b55d8
product_images,webcam,Adaptiope/product_images/webcam/webcam_050.jpg,webcam_050.jpg,127559,bfd5dcea74b95841daa11cd39525c61d220ea09fd0d6feb0b9ea576c8ed2967a
product_images,webcam,Adaptiope/product_images/webcam/webcam_034.jpg,webcam_034.jpg,66505,3e75be901f8eb3f36958c9a0c1f22c7e2c517fface96d43089fef6455556db57
product_images,webcam,Adaptiope/product_images/webcam/webcam_075.jpg,webcam_075.jpg,132923,89373fbe18ed22c3aafbdd2acdf78d2eec0b90f69322fe51c2377a7819388cbc
product_images,webcam,Adaptiope/product_images/webcam/webcam_072.jpg,webcam_072.jpg,34861,28a774b80c28fd23ab6cbd53301966ecf0fbf4d3a252d1f68ccfb0d35cd8a923
product_images,webcam,Adaptiope/product_images/webcam/webcam_067.jpg,webcam_067.jpg,116995,5614449d68c9ff99a64ddc5553a10fcce70183b1a95335f01470697acf1ea676
product_images,webcam,Adaptiope/product_images/webcam/webcam_039.jpg,webcam_039.jpg,130234,de37919d7d61e39a2092b5efb1226876c4f1c3747d67b84b4c5e2de0a4f1a68d
product_images,webcam,Adaptiope/product_images/webcam/webcam_013.jpg,webcam_013.jpg,33351,0fa22b1071566b6d74780d3ef0747b39952a869c91f96e9337f9dc6c2d150412
product_images,webcam,Adaptiope/product_images/webcam/webcam_008.jpg,webcam_008.jpg,31968,a2697294a88ce48918ef8281c78c730efd81365f451d6754d0a2086839a3b5f4
product_images,webcam,Adaptiope/product_images/webcam/webcam_012.jpg,webcam_012.jpg,24370,eedc551e40128990e71aad076a2e0b158414cea35c5ddc81cde6d13291619880
product_images,webcam,Adaptiope/product_images/webcam/webcam_041.jpg,webcam_041.jpg,66732,21ae6861534480eb1d400143f0c29525b650448f4bd72b5fcc4878e653959954
product_images,webcam,Adaptiope/product_images/webcam/webcam_048.jpg,webcam_048.jpg,56237,a50efc7ce99167fef9456747f8b7ef81cc7cfe04dc544a97a42f02a2f1649cef
product_images,webcam,Adaptiope/product_images/webcam/webcam_095.jpg,webcam_095.jpg,43313,d92168db46fe19832df41e5e297c19dc3316a14a67cebfbf3bdccc8c89d8171f
product_images,webcam,Adaptiope/product_images/webcam/webcam_010.jpg,webcam_010.jpg,29769,56cff755de41f6bbd3d45654ffc8c1717fb7df68d37a50e161a68c075feaa361
product_images,webcam,Adaptiope/product_images/webcam/webcam_062.jpg,webcam_062.jpg,22088,dbfa551ae533c40521cbd34bbfdd56fb0531ab13cbd5362978f11fd94f64f5a2
product_images,webcam,Adaptiope/product_images/webcam/webcam_009.jpg,webcam_009.jpg,73550,d941df8825cc129279c1ab40be835936ab83c5f6bfbd2b99f7425cf71b67500c
product_images,webcam,Adaptiope/product_images/webcam/webcam_011.jpg,webcam_011.jpg,33695,8b6f9435f2aa681bd5f07a4b3d5529727a72bae4537662627c0308c2ca7f4661
product_images,webcam,Adaptiope/product_images/webcam/webcam_026.jpg,webcam_026.jpg,31306,c93e5e10d16ab9e815b063aa72adb1d5bb43697a2ba7c2032f2c77fc92b98f8c
product_images,webcam,Adaptiope/product_images/webcam/webcam_079.jpg,webcam_079.jpg,34951,a484a321941ae5a4469fdcd837890b8d248c7cf120f443aec40f066a31f0adaa
product_images,webcam,Adaptiope/product_images/webcam/webcam_056.jpg,webcam_056.jpg,79778,507be3cbc1df951ec3545de206474b3fbbc7b0aad9472b4576ac85439b0f9b1e
product_images,webcam,Adaptiope/product_images/webcam/webcam_042.jpg,webcam_042.jpg,45650,775d6424a2d57f88f46f3c127ca9a595932657fffd64b108a98d25e3a75c17f1
product_images,webcam,Adaptiope/product_images/webcam/webcam_092.jpg,webcam_092.jpg,253700,179c513a91e664948d1922560f1724e50aa50231218580a354a7f206fa9539cf
product_images,webcam,Adaptiope/product_images/webcam/webcam_068.jpg,webcam_068.jpg,28744,22c691bacc5b30e4a8542e2347f9541d9d82f1f630a0c03c88b93c982d4bb207
product_images,webcam,Adaptiope/product_images/webcam/webcam_061.jpg,webcam_061.jpg,64976,6f5b5f7a00b44a76b7cf1537f42434f14e2a565234ae9c987956656fcc142661
product_images,webcam,Adaptiope/product_images/webcam/webcam_057.jpg,webcam_057.jpg,29807,61a845206b82025e8af2a4e8522fe37d90af11fa31ef33e45b79584ed79a66f0
product_images,webcam,Adaptiope/product_images/webcam/webcam_097.jpg,webcam_097.jpg,72818,d2f1838bac7de27d345d0a99d21801a70ee06f2cb4ff51dc7f68b9181ee1317e
product_images,webcam,Adaptiope/product_images/webcam/webcam_036.jpg,webcam_036.jpg,124893,bab55056e05445c16254d20a177da8639305a24628af9e05e404eb58629d6e0e
product_images,webcam,Adaptiope/product_images/webcam/webcam_066.jpg,webcam_066.jpg,11837,2d78a94dcae6d3a37b1a34814de813f0cd71af313be9793165f4935377f41c04
product_images,webcam,Adaptiope/product_images/webcam/webcam_003.jpg,webcam_003.jpg,109484,bf857507f8ef49f9ca7255769bdfea1a0ed2bac65c4d8b009f8399c0ccc0f9ed
product_images,webcam,Adaptiope/product_images/webcam/webcam_096.jpg,webcam_096.jpg,30547,f37ccaca0f72e06aef0531059b5f10d5ad2879431289637df123d42dadc2c00f
product_images,webcam,Adaptiope/product_images/webcam/webcam_028.jpg,webcam_028.jpg,87667,f9d6eb33cb180bae12ec7ab8e4fa22c2a59e5a51db36c2b9d84336f48e8d90dc
product_images,webcam,Adaptiope/product_images/webcam/webcam_025.jpg,webcam_025.jpg,120187,7116a628d9e7a99b08f8d03b40eefc28652ee8bd0a96cff8bd1fec3186361dd9
product_images,webcam,Adaptiope/product_images/webcam/webcam_054.jpg,webcam_054.jpg,74173,acf8d6cfb54e7ec33417aca6c66d69d0df7c9294b220a3df4c1d0a0198cd612c
product_images,webcam,Adaptiope/product_images/webcam/webcam_052.jpg,webcam_052.jpg,74585,c11ce1ca988fd96480eda4f33dddee53cad42194f222d0bc52f27e76753dc023
product_images,webcam,Adaptiope/product_images/webcam/webcam_064.jpg,webcam_064.jpg,134894,a31ad347a8a941fd277bc9d95a4d6357295327c297c5cdfada91fc133f0f5a80
product_images,webcam,Adaptiope/product_images/webcam/webcam_038.jpg,webcam_038.jpg,64949,73e5ff7ea46ca7852f4bd60b8068ecf107c331df69ddf38baee28ef8ea5fd99c
product_images,webcam,Adaptiope/product_images/webcam/webcam_053.jpg,webcam_053.jpg,49114,fa5904df83c2ace06436fb6ee79ca309d936e87766ae86c8874bbd6762fc0d94
product_images,webcam,Adaptiope/product_images/webcam/webcam_083.jpg,webcam_083.jpg,78868,3dc8b2758e1e336ef2fc69604d6684d1f86cdc1effa75bc591348a047930b340
product_images,webcam,Adaptiope/product_images/webcam/webcam_063.jpg,webcam_063.jpg,117114,4b3892640949b334979d6ec01ccc070deef8b39b9cab9245b385f32ef297c852
product_images,webcam,Adaptiope/product_images/webcam/webcam_055.jpg,webcam_055.jpg,58111,61ac7be6f1e2ec6b7979b8ac0cc78fa60f0cda394ac16d2f1d76a49779e75a9c
product_images,webcam,Adaptiope/product_images/webcam/webcam_099.jpg,webcam_099.jpg,84803,1d48682e69377142b568848d6b5a35d13ad1ecdc60c561c7c64225598dfc8144
product_images,webcam,Adaptiope/product_images/webcam/webcam_020.jpg,webcam_020.jpg,28379,fabb00d838e2f4b9253cd9da718596adb6c7d7d18119f956686b8e00bb8ddfb7
product_images,webcam,Adaptiope/product_images/webcam/webcam_032.jpg,webcam_032.jpg,107796,845ed031f3f1671b5eedc95a5dca195733ac0da1d53a8e47a2e776d2bc2d2e13
product_images,webcam,Adaptiope/product_images/webcam/webcam_084.jpg,webcam_084.jpg,25388,90ac2fa7173fc322c7899b2eb61f33f59d6449e236330dc9ccaaa5fd88ac46cb
product_images,webcam,Adaptiope/product_images/webcam/webcam_037.jpg,webcam_037.jpg,28625,d313494ae8d9753cba99c9f1b71de885d84e3413b36211183b93b596ec3590f9
product_images,webcam,Adaptiope/product_images/webcam/webcam_004.jpg,webcam_004.jpg,210087,e04d424d3fda0886f3dc574333c2c1651255ffbe276c61b0b860562fe3f5838b
product_images,webcam,Adaptiope/product_images/webcam/webcam_017.jpg,webcam_017.jpg,42760,331c56761428afbb61b7e3434f94dfa3a7fde7cd104bec7a67ba83ee45c92e19
product_images,webcam,Adaptiope/product_images/webcam/webcam_094.jpg,webcam_094.jpg,31998,9939e9cdb5cd1db4903dc141aa3fcdda3112459b4268d941b1ed668cef3e0a38
product_images,webcam,Adaptiope/product_images/webcam/webcam_015.jpg,webcam_015.jpg,36761,ff4b25f36eee8bdcb125bbd91b1f9a0977ad5fb9ec71c1f116ad84d51ee547ae
product_images,webcam,Adaptiope/product_images/webcam/webcam_035.jpg,webcam_035.jpg,42703,3b1ad3f783508da93a69e750e7190fd5c14d1bb84800dfb2a1eade6830868919
product_images,webcam,Adaptiope/product_images/webcam/webcam_098.jpg,webcam_098.jpg,175037,92ba0ee9f0e30bd68d388aedb952ffffa3b9f68e4401016de95f60ad7a5dcdde
product_images,webcam,Adaptiope/product_images/webcam/webcam_089.jpg,webcam_089.jpg,224493,3cbe4e85b6fadd418ae6c27a25a6a56e9bc4139ab7a002e8be85f8135beada51
product_images,webcam,Adaptiope/product_images/webcam/webcam_005.jpg,webcam_005.jpg,25175,91bb0841b65cca476fc20f70e27bf86d52ac65e3fc80e2d5524ca31a5e247122
product_images,webcam,Adaptiope/product_images/webcam/webcam_006.jpg,webcam_006.jpg,94127,a9e58cd104d2fa61d13da53f67149d08776264d28faca92971ee481329f3cffc
product_images,webcam,Adaptiope/product_images/webcam/webcam_030.jpg,webcam_030.jpg,148674,0541b0a7c379b8913bc95363f2b5b2544d06f7792168fd39c9f522cd6cfe7a17
product_images,webcam,Adaptiope/product_images/webcam/webcam_078.jpg,webcam_078.jpg,98876,ce4e5f57e4c5ac2d6790a54e29be4841470e6d676f43e4407098684528efa02e
product_images,webcam,Adaptiope/product_images/webcam/webcam_076.jpg,webcam_076.jpg,41102,e7937912abb8c2b136f9f6d9d9f71b0d381f887b1cc66ac193aac197c3a8d700
product_images,webcam,Adaptiope/product_images/webcam/webcam_085.jpg,webcam_085.jpg,90965,f2070d076584090a894646ea17b0af74a134e9e94a1c31e49e8d7483f8b5c484
product_images,webcam,Adaptiope/product_images/webcam/webcam_027.jpg,webcam_027.jpg,118825,20ac584f937912cce7b1f24381d8641973b243b5fb6242324869e1ff0adfc22d
product_images,webcam,Adaptiope/product_images/webcam/webcam_086.jpg,webcam_086.jpg,87966,5f21791de9608a2307ad38131f117e97f85e2abb23260b6bed04ccf2348e55c9
product_images,webcam,Adaptiope/product_images/webcam/webcam_088.jpg,webcam_088.jpg,103525,44490a9b44ac72a1d54cd909e9b666e3c96b276ed021d556c24190ac30effb85
product_images,webcam,Adaptiope/product_images/webcam/webcam_000.jpg,webcam_000.jpg,82318,548f2045d931c277d3611850fef83971efc0bf9b1be111ddd3933bc33101f36e
product_images,webcam,Adaptiope/product_images/webcam/webcam_029.jpg,webcam_029.jpg,105159,227c2c7c7dc759a972392ec2c0e654519f80dab170cadc9cc298502358eb656e
product_images,webcam,Adaptiope/product_images/webcam/webcam_018.jpg,webcam_018.jpg,27112,99adb9c155d7689dd624c2110fe7f3c567148bb4a5f117ee9152de76fcd1492d
product_images,webcam,Adaptiope/product_images/webcam/webcam_077.jpg,webcam_077.jpg,120063,6206a92ac4c7895f87bd8d9d60f0feb9924067497000329023aec8081068f0e0
product_images,projector,Adaptiope/product_images/projector/projector_096.jpg,projector_096.jpg,23066,1dab55cd2ab8a3d9bce15bf79f25fbfc1763c10131d07d59f7171c001ec43a18
product_images,projector,Adaptiope/product_images/projector/projector_056.jpg,projector_056.jpg,143404,5c5f843334e1d089384b7835c6821be4f70f3ae7812cda5b1aa824a12c5baa51
product_images,projector,Adaptiope/product_images/projector/projector_045.jpg,projector_045.jpg,65440,df1794b80ffe30784c0e57bb1e519ef0dd81046385323a9a5923b1f4a570e4be
product_images,projector,Adaptiope/product_images/projector/projector_076.jpg,projector_076.jpg,100278,5bac3fd19ffb8453a5894159a64caf05da29710cc1a66b0b85c4f04fa2b9a430
product_images,projector,Adaptiope/product_images/projector/projector_007.jpg,projector_007.jpg,72074,79202ab854b7fa3261c60db2b0ff598379640b3aa5eda09a3f3131e8db7eaa6a
product_images,projector,Adaptiope/product_images/projector/projector_009.jpg,projector_009.jpg,93929,c60e32b860ae0163a2ffd93fd8fbeae66a721b6dd26a5898ef3438e6d1619c89
product_images,projector,Adaptiope/product_images/projector/projector_031.jpg,projector_031.jpg,28757,5f1bd14cf641cc9789a5af820c473a8cf73c5c053ea740057c22b41a6a1a7500
product_images,projector,Adaptiope/product_images/projector/projector_036.jpg,projector_036.jpg,164510,faeb0106f039f8d62c56277b87395df5fd5c5fdf97f4d6e4ec3eef02d87e726e
product_images,projector,Adaptiope/product_images/projector/projector_068.jpg,projector_068.jpg,62955,0e2771f0902e100fa3cad9c00240a94e2985737cd1d32a48be7d8f0384a66ddb
product_images,projector,Adaptiope/product_images/projector/projector_050.jpg,projector_050.jpg,27507,2b21a48bf80eae54f6c899e6c53c48ea22a818ae900c7c7898d2c5ba5ff6e1ce
product_images,projector,Adaptiope/product_images/projector/projector_026.jpg,projector_026.jpg,50892,e9a43f138350918cfac3f2957a6f1eafe935853511b69a608e871fea08ca785f
product_images,projector,Adaptiope/product_images/projector/projector_061.jpg,projector_061.jpg,194656,7d8f1ec152f4893eb48755e06a2c6706b7a1429466d0386feb228088378831d5
product_images,projector,Adaptiope/product_images/projector/projector_069.jpg,projector_069.jpg,188389,f46b8a63e3cfae527b2090344111b1765414bd3374f9591742d304291f073f43
product_images,projector,Adaptiope/product_images/projector/projector_027.jpg,projector_027.jpg,104686,3968e38988647e5065eb02928a93e68024f439c8ff56ec5d36a3c0b079c19162
product_images,projector,Adaptiope/product_images/projector/projector_024.jpg,projector_024.jpg,162611,5f0e70dd6e9191c71416b5ad7e633d9d5d217d7a662da7292089adab87af7f9e
product_images,projector,Adaptiope/product_images/projector/projector_058.jpg,projector_058.jpg,69728,fdf2973d9c87f034da779f6387879459365a2ff88db21dcb454281fef4bfd521
product_images,projector,Adaptiope/product_images/projector/projector_049.jpg,projector_049.jpg,22622,cd01cabb1ceefdf66870c6497715c78d25e18ec0b00db57f74726d33d3f81cc9
product_images,projector,Adaptiope/product_images/projector/projector_006.jpg,projector_006.jpg,89835,495c2d03141e84e739d06717c0e663af446ec14c0337fc9617778ea7a5fed6e2
product_images,projector,Adaptiope/product_images/projector/projector_015.jpg,projector_015.jpg,62119,6e308bf650ac8af6eb51d57a40b72b51ffc6adb307cd77a334ff20d1879de8b6
product_images,projector,Adaptiope/product_images/projector/projector_004.jpg,projector_004.jpg,52315,7637a7c28c1089ccedba4cdfe56f40147ed07c339c673540233ed841591d383e
product_images,projector,Adaptiope/product_images/projector/projector_043.jpg,projector_043.jpg,116674,89703f6f45c38a436e943b5ab91ce6420e7c6d52514b49d4a392998ac784d18f
product_images,projector,Adaptiope/product_images/projector/projector_079.jpg,projector_079.jpg,111021,88d568ff15ebee58d3aca8eeca2c461dbf76b1c77eb90ecb8e4e1948f3ec3996
product_images,projector,Adaptiope/product_images/projector/projector_001.jpg,projector_001.jpg,54630,9bb4f0ef89b812a9ec8bfa78ad517a6f94bb66bd05a2765f8b5b22c8235aeaeb
product_images,projector,Adaptiope/product_images/projector/projector_000.jpg,projector_000.jpg,77776,90c2620767b41ac6ddd7f49f4dc851e952bb4504fdc93c614609cdcb6edf617d
product_images,projector,Adaptiope/product_images/projector/projector_010.jpg,projector_010.jpg,111000,4101f7ed59846ca327f4bf384b4b3fa281cab84d08f8ec7479ee9254428d8ef8
product_images,projector,Adaptiope/product_images/projector/projector_098.jpg,projector_098.jpg,34117,dafe515f5808ef3b7cd41293376215e0813954a39c98c9311dd5a7b6feea5e06
product_images,projector,Adaptiope/product_images/projector/projector_080.jpg,projector_080.jpg,39003,c83cf5535633707378cc9b7815869a0b389793c0c1ebb12201a500537276e0b7
product_images,projector,Adaptiope/product_images/projector/projector_034.jpg,projector_034.jpg,89137,0bea469d16893d99ae2402d69a5a9bc4bd50f9d8c170a1bdf6e02346cfc0e328
product_images,projector,Adaptiope/product_images/projector/projector_099.jpg,projector_099.jpg,35799,8a1672fefe3e902acb47f31453e19095547d9e6e329f2324583ed04794e0f459
product_images,projector,Adaptiope/product_images/projector/projector_032.jpg,projector_032.jpg,106101,1a7bcb94acb2d70694ebf6522fde40fb7a4a65226ad1bf73aa5408b07aa67c39
product_images,projector,Adaptiope/product_images/projector/projector_060.jpg,projector_060.jpg,75949,ab41e72b48670056ae49ecafee570f89c2ff5946cc153cf6e774d6b785b12558
product_images,projector,Adaptiope/product_images/projector/projector_082.jpg,projector_082.jpg,121967,d93288dc0266bc7ca73de9e6230bb8f8845560636485e628af3ce51d990c4cae
product_images,projector,Adaptiope/product_images/projector/projector_054.jpg,projector_054.jpg,48094,890a1cea196a6bc173c137f79bdcdb491399dbc33b61b7b35f329d90b321a48f
product_images,projector,Adaptiope/product_images/projector/projector_093.jpg,projector_093.jpg,21074,9025e200038de632e545eedd9001a883243f5f1b0f8ffb68365db485c4c265cf
product_images,projector,Adaptiope/product_images/projector/projector_030.jpg,projector_030.jpg,45219,69ac94d0b87c6951345063d24ce10cbb5800fb31838929b70f268bee97d0e918
product_images,projector,Adaptiope/product_images/projector/projector_078.jpg,projector_078.jpg,61972,dc8c2fd8a3f0777574772651f860dd0e567b3abfd90c4cc6572b1824d5de38e2
product_images,projector,Adaptiope/product_images/projector/projector_070.jpg,projector_070.jpg,96405,7a14604c2dddc6ddaffd60274b650f996faab11ef525f62488dd8e01c5015fbf
product_images,projector,Adaptiope/product_images/projector/projector_002.jpg,projector_002.jpg,69046,fe6b846502285e77a07930aa111ebda020b5e20422ab2ec0d6222b978502e5ad
product_images,projector,Adaptiope/product_images/projector/projector_066.jpg,projector_066.jpg,85740,82f57ff0382dd22f6e8869e928c7d12fa6ecb68bc79920ad15516e91eddc6b13
product_images,projector,Adaptiope/product_images/projector/projector_091.jpg,projector_091.jpg,107190,8a7adf71470235ca16e0e5e45223504d7510d505133aa4fde27b4cf66e6b5164
product_images,projector,Adaptiope/product_images/projector/projector_089.jpg,projector_089.jpg,104667,4a8ba2931657da5aab49d879a5680d308f821fa45c72feabcde63b350fe2f4c1
product_images,projector,Adaptiope/product_images/projector/projector_016.jpg,projector_016.jpg,124952,05dddf7364cc535b18e1076e5a36571de0065406d814d9809e37c9288eb17aa3
product_images,projector,Adaptiope/product_images/projector/projector_055.jpg,projector_055.jpg,61757,c580a1bac2d6638f7c4cac09367a566d8785c1530d35120f1e34defa12e0a265
product_images,projector,Adaptiope/product_images/projector/projector_075.jpg,projector_075.jpg,129824,93bb17439007dc563f2966b52a2f19c548c18cfefa1fdbe5eeeda502965ee71f
product_images,projector,Adaptiope/product_images/projector/projector_020.jpg,projector_020.jpg,87510,bd45037de02897c089cc6f9c686cf536d6b06901f1051e865cb999f09a6dd928
product_images,projector,Adaptiope/product_images/projector/projector_022.jpg,projector_022.jpg,56765,94fad87990085bd3cd20674b1ce5042e8a975143bf9700053adffff6ec10cb9c
product_images,projector,Adaptiope/product_images/projector/projector_071.jpg,projector_071.jpg,28371,32aac92312e47413bb32e42b0df63eeafdb1d761109cd7f03899a1eee32dc3bb
product_images,projector,Adaptiope/product_images/projector/projector_021.jpg,projector_021.jpg,57575,c85b6ac8ec69b26cc85205af0fd063b843fa8e41dcf331c27feb3e07a02f705c
product_images,projector,Adaptiope/product_images/projector/projector_048.jpg,projector_048.jpg,117913,7259e75674af94a552133ac9d966c11fe839da23fb5a87572423f9744f5be791
product_images,projector,Adaptiope/product_images/projector/projector_084.jpg,projector_084.jpg,19478,4af7873a8e4efca010198fe5ed89ee61ac774a868ec1c002ba82e795494bf1f6
product_images,projector,Adaptiope/product_images/projector/projector_077.jpg,projector_077.jpg,27360,917e078ef4a276e67e2afbc854c46c4d5f858c7f5502c694fef66fb6c94974df
product_images,projector,Adaptiope/product_images/projector/projector_038.jpg,projector_038.jpg,106369,a6b5db4a8a92cdef43e95b32885fe028e58d707c6ff81509891c24c7765eca91
product_images,projector,Adaptiope/product_images/projector/projector_046.jpg,projector_046.jpg,52936,b36a930cb721d8e93cff56dd319559f0df35b37ad84a0ded082e0acba862fb91
product_images,projector,Adaptiope/product_images/projector/projector_028.jpg,projector_028.jpg,168163,57614824c2b94e2a8912833582192c8d7d069e025306e66111d9cbff87cd3e00
product_images,projector,Adaptiope/product_images/projector/projector_039.jpg,projector_039.jpg,36560,a03e71c5ba36d3467ff17aab4f3a1b42dc323bbd9a47b4564a046c0570287b73
product_images,projector,Adaptiope/product_images/projector/projector_090.jpg,projector_090.jpg,198354,332ca458b4ee539dc09722a11e53af52bf5a7302e5be9e476d240ba5fe2a1493
product_images,projector,Adaptiope/product_images/projector/projector_051.jpg,projector_051.jpg,85172,08476156a913a582f2656271499604cfcccff25aee4442a7a2d33298bf17cc7a
product_images,projector,Adaptiope/product_images/projector/projector_092.jpg,projector_092.jpg,83085,54d7800b98180ebd447931ea69fa590fd74141c734f10dd780b56841979db84a
product_images,projector,Adaptiope/product_images/projector/projector_040.jpg,projector_040.jpg,19966,d94afa6baf7b4462e00d7776a98b80e1531156d3da487fd34b3d4258c264bea6
product_images,projector,Adaptiope/product_images/projector/projector_047.jpg,projector_047.jpg,39233,6a5efe1a6f2ccd248e01f29b913ee1682ea8b6d89604493ac86e778dec96568d
product_images,projector,Adaptiope/product_images/projector/projector_025.jpg,projector_025.jpg,83858,e81b2a30fa249dc65dce8f271f4a2cd222f16666bdd7613e1592090eb74c1c53
product_images,projector,Adaptiope/product_images/projector/projector_023.jpg,projector_023.jpg,115754,aaddf07c894ba2f99436ccb1037e9ec3a0984ea719eff2f50bc54b3ec2944e56
product_images,projector,Adaptiope/product_images/projector/projector_044.jpg,projector_044.jpg,139176,e4f481c68d3ab7bcbde96a6c414edc9269740d741235dc9cc41677b745d14200
product_images,projector,Adaptiope/product_images/projector/projector_094.jpg,projector_094.jpg,85684,00acd6e4f53aef0346bfb072cb8fd56113709f8c03e7e127b37e16bf0f440796
product_images,projector,Adaptiope/product_images/projector/projector_086.jpg,projector_086.jpg,84059,22bc91fd182945d05859ff87e30e03640ba63329400d267758a466af818d493b
product_images,projector,Adaptiope/product_images/projector/projector_013.jpg,projector_013.jpg,87949,ccfb7f3164d180a77659ecf5d20540bb3dd58a3566201ddc7aa8cb7d42fe9762
product_images,projector,Adaptiope/product_images/projector/projector_011.jpg,projector_011.jpg,67367,4ec10f3b0c6d2b05a86b7b1645a988b9812fbee1c93ef3be8e17442d12221798
product_images,projector,Adaptiope/product_images/projector/projector_063.jpg,projector_063.jpg,45910,6780cf9d775eb5e16febface7c3f1ec84dae574c52eed7c3ba3af031d9eec838
product_images,projector,Adaptiope/product_images/projector/projector_059.jpg,projector_059.jpg,112234,f979a8af6e4790e3fe0f680bbcd21a14837090e2d19ee331d84b6078170a4651
product_images,projector,Adaptiope/product_images/projector/projector_057.jpg,projector_057.jpg,80266,913e8548eb4a1c480f0282f6b200da0241bdcf242a1488ddd53b7fe00b06bb74
product_images,projector,Adaptiope/product_images/projector/projector_081.jpg,projector_081.jpg,88785,871ee8f83fe9de5c2d9d220f4ece26dbbae14b034f64a52c4379f1561d86d369
product_images,projector,Adaptiope/product_images/projector/projector_073.jpg,projector_073.jpg,58832,a54e971a4848cf9b6310ab283a8f5ec370afe0d22151e1cd2d7f21b3f4bb8238
product_images,projector,Adaptiope/product_images/projector/projector_005.jpg,projector_005.jpg,102506,03349395f4e3e62e37961b2db66bcc72d2980a9368799e5615699537a3f79561
product_images,projector,Adaptiope/product_images/projector/projector_012.jpg,projector_012.jpg,28937,34d344fdf8895ac98c3df84a9b6dbdc66daf733565f067383e7e23017d244897
product_images,projector,Adaptiope/product_images/projector/projector_074.jpg,projector_074.jpg,76449,fe8d70dd5d0f28b88b39635773ce0eae20d39299cc6ed9d1ff9ca821183d27ae
product_images,projector,Adaptiope/product_images/projector/projector_088.jpg,projector_088.jpg,91052,9d9eeb7eed25174d946fd742cf9b8f2da7e82827e4a313576becb9e3046bc88b
product_images,projector,Adaptiope/product_images/projector/projector_053.jpg,projector_053.jpg,35913,1defc60454bcf88e30622de4eeb203839829448b30a828c5d61c52d6298c7354
product_images,projector,Adaptiope/product_images/projector/projector_014.jpg,projector_014.jpg,84692,0d8335aa79f5b6b832c14c7f44fac401a24b61c33118369498b65731ba33089d
product_images,projector,Adaptiope/product_images/projector/projector_042.jpg,projector_042.jpg,45703,b958787a9e8cb65d5e05a5b530aac6dad85f02de84725cf6a4682f58e0589ee0
product_images,projector,Adaptiope/product_images/projector/projector_052.jpg,projector_052.jpg,66137,367e16ab38b41655c240ca1bc39007128ad32eed6ca4abf4003ef5d374d61cce
product_images,projector,Adaptiope/product_images/projector/projector_017.jpg,projector_017.jpg,86946,29e228d745e956781bffd50d584ee88eb70bdee495d157f65e5e323576e30264
product_images,projector,Adaptiope/product_images/projector/projector_085.jpg,projector_085.jpg,82187,1479a6c4499f48552ab39a660e83f9cbe7861275e89389c814ada1f02a7317f2
product_images,projector,Adaptiope/product_images/projector/projector_097.jpg,projector_097.jpg,222049,ab001414bc85d5c21c6edbba7345966a80283a7649a648e60f25e9a552b6aec8
product_images,projector,Adaptiope/product_images/projector/projector_064.jpg,projector_064.jpg,27053,8ebe4d3dcd6f0a149681bf941865d8268a6a1353a00f1cff5f5c371464f5e0c3
product_images,projector,Adaptiope/product_images/projector/projector_003.jpg,projector_003.jpg,76724,ffedbfb3d0e9e273d1eca20bde3fcf24086911774be365fc1fe3e0e70b88ecfa
product_images,projector,Adaptiope/product_images/projector/projector_095.jpg,projector_095.jpg,49509,4590917c9f8857e9d63c65ffe9e3a1cf6c97b8bf26b5ca2e11f453a47a0464cb
product_images,projector,Adaptiope/product_images/projector/projector_065.jpg,projector_065.jpg,139955,467214bc3a9ae866b15183e17bfdc65cb56d8ea1362466a30f88bf112f5d9ce7
product_images,projector,Adaptiope/product_images/projector/projector_072.jpg,projector_072.jpg,102511,0f56232d7cada510a240131b2d0201e3f8977ef15c68230089700e83f7fb663c
product_images,projector,Adaptiope/product_images/projector/projector_083.jpg,projector_083.jpg,172073,8bc3c823db438b1f15eb09209d5c2df8545951c78c4fd452d21e535952c355ad
product_images,projector,Adaptiope/product_images/projector/projector_019.jpg,projector_019.jpg,121297,9f7b3a65fa2d9622aea8275e943b6dc7935684cd2a884d77fb2e7d50e76fb325
product_images,projector,Adaptiope/product_images/projector/projector_087.jpg,projector_087.jpg,57881,d9e8002610f2eb6234fd1d0e95e08b95cee67e0d23d56cc707a22275652ea8b4
product_images,projector,Adaptiope/product_images/projector/projector_008.jpg,projector_008.jpg,24413,f4bc19d5d5fb7bd33cc884b5424f8f5ed268b4db96787e07ca0040059eec680e
product_images,projector,Adaptiope/product_images/projector/projector_037.jpg,projector_037.jpg,80054,6c089d245a3c6881723a7da996a6c7176a1af9cc2c1ea33491c5568f87468ec6
product_images,projector,Adaptiope/product_images/projector/projector_029.jpg,projector_029.jpg,84217,b5c0e32a8879fa6d87e59698922aa6584917938e4a94e1bec7943daa883d6a88
product_images,projector,Adaptiope/product_images/projector/projector_033.jpg,projector_033.jpg,86153,977c8835cc0394fc3d92da8da50a133f423f75f42195537a0e0709dc379489d7
product_images,projector,Adaptiope/product_images/projector/projector_018.jpg,projector_018.jpg,57369,322569b6c7f965bba73e09391a5b35362126e76a01ab28a394649aea5ecb46f9
product_images,projector,Adaptiope/product_images/projector/projector_067.jpg,projector_067.jpg,136160,0b30968591a28c42cacc42f387edc45153277e19bff5cb1457a5708aa31b9fe4
product_images,projector,Adaptiope/product_images/projector/projector_041.jpg,projector_041.jpg,63423,50af03f2076e99c987cea11593f1b47148fe7b21b2df0e0919b4159e3222bc4a
product_images,projector,Adaptiope/product_images/projector/projector_035.jpg,projector_035.jpg,96748,a8d8fc58072f1aa389bc7de1b3d6e8542a1085b68fe508a435de2545559f8520
product_images,projector,Adaptiope/product_images/projector/projector_062.jpg,projector_062.jpg,90599,598db1018036ea8f2034b6bcdba2668d09ae16d4fbb77af586b6cde79678953f
product_images,over-ear headphones,Adaptiope/product_images/over-ear headphones/over-ear headphones_000.jpg,over-ear headphones_000.jpg,29985,7e7006fbe2047929068090c3a879325c54bc5bf45c4340b1ef2d594039768a47
product_images,over-ear headphones,Adaptiope/product_images/over-ear headphones/over-ear headphones_084.jpg,over-ear headphones_084.jpg,17133,0482d0475993d8cf6a8f1746831e74c7104fc99b974ea554f6ca8591b86ffd5e
product_images,over-ear headphones,Adaptiope/product_images/over-ear headphones/over-ear headphones_087.jpg,over-ear headphones_087.jpg,36225,86b567d63e9d4800a7eab68e5491ac4074d6fdee9da0b5109511f1a3dccfaf74
product_images,over-ear headphones,Adaptiope/product_images/over-ear headphones/over-ear headphones_043.jpg,over-ear headphones_043.jpg,32819,e8db8686c1bfe03aa7e6898003c430b7a55592069815405cae45d3c3338b73af
product_images,over-ear headphones,Adaptiope/product_images/over-ear headphones/over-ear headphones_074.jpg,over-ear headphones_074.jpg,18824,398eab4de5192323e73926e3ebac55b987db01a5a7b48cafb83b2a7e6a033f36
product_images,over-ear headphones,Adaptiope/product_images/over-ear headphones/over-ear headphones_051.jpg,over-ear headphones_051.jpg,27249,0dda836a85f4005aeb8db01cb9ed30e5166ed71eaf36b627cfdf584c2590945c
product_images,over-ear headphones,Adaptiope/product_images/over-ear headphones/over-ear headphones_071.jpg,over-ear headphones_071.jpg,30124,a21b60145161c49bdb69307923db465b887477372f4a7b45d2efd46914e75653
product_images,over-ear headphones,Adaptiope/product_images/over-ear headphones/over-ear headphones_028.jpg,over-ear headphones_028.jpg,17983,50b57a1cc8bd2ee8c6eb8077ec7228ce2ab4f7ddf990a09ed3004bcb818ee60e
product_images,over-ear headphones,Adaptiope/product_images/over-ear headphones/over-ear headphones_042.jpg,over-ear headphones_042.jpg,22004,2e018fa1736597dc0b3432b81b7160e5db113e42409f014fb4b5fedcaffedcd4
product_images,over-ear headphones,Adaptiope/product_images/over-ear headphones/over-ear headphones_026.jpg,over-ear headphones_026.jpg,37877,7e7c4f5e515d5b205736ee91632b873e9da011b6d5edab610939ea71e7e06515
product_images,over-ear headphones,Adaptiope/product_images/over-ear headphones/over-ear headphones_012.jpg,over-ear headphones_012.jpg,39498,05e8fd8965165d73a5de3b4a3198798a7e61db689654eafb35d90e5b31772440
product_images,over-ear headphones,Adaptiope/product_images/over-ear headphones/over-ear headphones_061.jpg,over-ear headphones_061.jpg,39781,34e5ba427c342bca1ff94b67adcf116b8c4bc2a190ce5a077b33486ef5da89c5
product_images,over-ear headphones,Adaptiope/product_images/over-ear headphones/over-ear headphones_015.jpg,over-ear headphones_015.jpg,28910,4b8ada442eec83860bb58faa7ec9f545c58b4232c3acc7c32039c52156cb1577
product_images,over-ear headphones,Adaptiope/product_images/over-ear headphones/over-ear headphones_099.jpg,over-ear headphones_099.jpg,35342,246308d661542985fe694e3d675912bfc38071304758844b29c8995abb1e9bda
product_images,over-ear headphones,Adaptiope/product_images/over-ear headphones/over-ear headphones_077.jpg,over-ear headphones_077.jpg,42113,55422c78f9b49fdee1b8d34b9b955f49ced4ba6e80732fbeeec325575340570c
product_images,over-ear headphones,Adaptiope/product_images/over-ear headphones/over-ear headphones_016.jpg,over-ear headphones_016.jpg,40318,e5fefe58fac91258b1cd36df6d0ba21e28c17fa47d27093b357e0f41770b1597
product_images,over-ear headphones,Adaptiope/product_images/over-ear headphones/over-ear headphones_059.jpg,over-ear headphones_059.jpg,28215,2c0beff818d8739b3c4df65e40a64809d19e1c737aa460226c91991f288e3514
product_images,over-ear headphones,Adaptiope/product_images/over-ear headphones/over-ear headphones_073.jpg,over-ear headphones_073.jpg,25922,816e4d4dbccf8dcd812a9bab330129250751e7371437cbba84e9b1527997569d
product_images,over-ear headphones,Adaptiope/product_images/over-ear headphones/over-ear headphones_005.jpg,over-ear headphones_005.jpg,27606,86f5094223c78ec55e0d88bf9cdaf28cdd2cdc73249fc9bbd13e2194539d964e
product_images,over-ear headphones,Adaptiope/product_images/over-ear headphones/over-ear headphones_090.jpg,over-ear headphones_090.jpg,29550,4dcb3b64ae2523da1ea9e5fe900ce48d19be74924d46f0262b6dd65b1c123a25
product_images,over-ear headphones,Adaptiope/product_images/over-ear headphones/over-ear headphones_037.jpg,over-ear headphones_037.jpg,35638,31dcdace73c9785205d100487fe752d457a8af253b04c522a75d4b69311b75a9
product_images,over-ear headphones,Adaptiope/product_images/over-ear headphones/over-ear headphones_095.jpg,over-ear headphones_095.jpg,37934,fc8eb3b64a30469941f85dc57bfb32ca9d6c9a22be4e49702632f4ccf3e4b0cb
product_images,over-ear headphones,Adaptiope/product_images/over-ear headphones/over-ear headphones_062.jpg,over-ear headphones_062.jpg,28999,a7e0f9a5e6e3cd6d0a2b4685e88bb49181a46bb50dad654dcce11ec10c80dfc1
product_images,over-ear headphones,Adaptiope/product_images/over-ear headphones/over-ear headphones_010.jpg,over-ear headphones_010.jpg,40400,006152a3f59903879ef89d346e8d86ca306bec73645cbc0decc3542629869d79
product_images,over-ear headphones,Adaptiope/product_images/over-ear headphones/over-ear headphones_023.jpg,over-ear headphones_023.jpg,30334,67132fa0c5a33d088150f3aeaa79c456999b21c970a3a45d9b3d0591f8234ca3
product_images,over-ear headphones,Adaptiope/product_images/over-ear headphones/over-ear headphones_029.jpg,over-ear headphones_029.jpg,51238,f7816a3d79c0dcef79bf731aefd7438f5f371793eaa2e8f45283fcebda694140
product_images,over-ear headphones,Adaptiope/product_images/over-ear headphones/over-ear headphones_057.jpg,over-ear headphones_057.jpg,33458,097a396d70e844ce49a0004e5c8b5b05ac5799ee8f9f13404b89ac075ffd60b4
product_images,over-ear headphones,Adaptiope/product_images/over-ear headphones/over-ear headphones_032.jpg,over-ear headphones_032.jpg,43277,a765475b8699a247e00784a33fdd754fc692fb3d6f995f9c680ef6da73065607
product_images,over-ear headphones,Adaptiope/product_images/over-ear headphones/over-ear headphones_035.jpg,over-ear headphones_035.jpg,41957,50d77e8eec3429a8c3f9129e7a7e38e9a0fde1ad4aa75301dabd492477ee19bf
product_images,over-ear headphones,Adaptiope/product_images/over-ear headphones/over-ear headphones_085.jpg,over-ear headphones_085.jpg,47296,4fa28c460285b37763645756a3cf8a86df915c796dd6acd25dff3498c77b046f
product_images,over-ear headphones,Adaptiope/product_images/over-ear headphones/over-ear headphones_066.jpg,over-ear headphones_066.jpg,49966,376e29c9004dcadefaa811429364aa929ad6ecb5aa48dc90fe33dd1f1be6bf87
product_images,over-ear headphones,Adaptiope/product_images/over-ear headphones/over-ear headphones_001.jpg,over-ear headphones_001.jpg,34229,3fb603d7a2634a72956a7b419ea354fbf9aa8a50da0d5a3360c1e2e9e6323c2b
product_images,over-ear headphones,Adaptiope/product_images/over-ear headphones/over-ear headphones_004.jpg,over-ear headphones_004.jpg,18522,e0a6b4598acabb006f5e2f91e6d59032732aa0b84a29f85ba4e051ef06efefcc
product_images,over-ear headphones,Adaptiope/product_images/over-ear headphones/over-ear headphones_081.jpg,over-ear headphones_081.jpg,32956,9e1ef130186fd40ff7c66ee2a4a66a807c10048df426085d025c00339a05cb76
product_images,over-ear headphones,Adaptiope/product_images/over-ear headphones/over-ear headphones_096.jpg,over-ear headphones_096.jpg,52398,acb94c68dad205f3e5ffc35abd79112750a4d70777e238d52dfb52806b7f5945
product_images,over-ear headphones,Adaptiope/product_images/over-ear headphones/over-ear headphones_076.jpg,over-ear headphones_076.jpg,22705,3009c9234f1d2cb1cf339c95f02ad988a339a069a4ac432f74efeb2b35831907
product_images,over-ear headphones,Adaptiope/product_images/over-ear headphones/over-ear headphones_009.jpg,over-ear headphones_009.jpg,44659,60b064f51bd0e7eb66c0af57cbbad23d3f1c6b5961e6695b3c14fc4b9c35efaf
product_images,over-ear headphones,Adaptiope/product_images/over-ear headphones/over-ear headphones_041.jpg,over-ear headphones_041.jpg,26116,0a032b3ff51f358685e70cb774a87d37da9d865e89699dda9dfb930ca9db1f90
product_images,over-ear headphones,Adaptiope/product_images/over-ear headphones/over-ear headphones_055.jpg,over-ear headphones_055.jpg,29293,5cbcd0f28fbe17c62bfd2519fe21a6fc2f10a8e4d4e20e8134a79b381af02bc2
product_images,over-ear headphones,Adaptiope/product_images/over-ear headphones/over-ear headphones_022.jpg,over-ear headphones_022.jpg,48069,a91b132a06a1304169b8306456793c8c3254489641ab3656aab186bb3dcbf451
product_images,over-ear headphones,Adaptiope/product_images/over-ear headphones/over-ear headphones_039.jpg,over-ear headphones_039.jpg,66810,e7ca19d303be9c05fbef32d0121534271d12e71b95c66e9f02ca0dc922cac763
product_images,over-ear headphones,Adaptiope/product_images/over-ear headphones/over-ear headphones_088.jpg,over-ear headphones_088.jpg,31724,b62f2291562451aaf8c89b187c265e0f2fd507f13fa57828799376a81ac93171
product_images,over-ear headphones,Adaptiope/product_images/over-ear headphones/over-ear headphones_038.jpg,over-ear headphones_038.jpg,38907,33bc76e9825343eb8e82323aeb33da6f997fef677f36aa65c5a09370d80f7858
product_images,over-ear headphones,Adaptiope/product_images/over-ear headphones/over-ear headphones_046.jpg,over-ear headphones_046.jpg,29139,2c0f7b292f61de3761d4815e07be500b1b28de13a98c229258f4c90189d063ff
product_images,over-ear headphones,Adaptiope/product_images/over-ear headphones/over-ear headphones_027.jpg,over-ear headphones_027.jpg,47317,4bb6f069a7b5d70067ca52aa674d1744b0da51d184b6656e58b882e8231333f3
product_images,over-ear headphones,Adaptiope/product_images/over-ear headphones/over-ear headphones_083.jpg,over-ear headphones_083.jpg,50995,b38595993fa8ab9f2d9dc9af619403e0379881087565b2e82ec906f404c238a3
product_images,over-ear headphones,Adaptiope/product_images/over-ear headphones/over-ear headphones_069.jpg,over-ear headphones_069.jpg,42500,63e05848227e9fbb44296cfbc1b1ceb13dce0da835e8240f8a2a6d7a17b4a960
product_images,over-ear headphones,Adaptiope/product_images/over-ear headphones/over-ear headphones_020.jpg,over-ear headphones_020.jpg,67517,2fd1dbf9832b6beea4373eeb20f7efc21e55530754f1471599d8257c750bfb54
product_images,over-ear headphones,Adaptiope/product_images/over-ear headphones/over-ear headphones_025.jpg,over-ear headphones_025.jpg,32308,a886f7754ad38af004f0316c2be115b5f94f64de7204bab291f0fa38643745e8
product_images,over-ear headphones,Adaptiope/product_images/over-ear headphones/over-ear headphones_091.jpg,over-ear headphones_091.jpg,49490,cdd617ce57bf2252459290c4e48f2b6717cd14940892c9a927b7b272f24caee2
product_images,over-ear headphones,Adaptiope/product_images/over-ear headphones/over-ear headphones_054.jpg,over-ear headphones_054.jpg,38235,552056c838e85e326817ad2a0d6353fc83f5ea887b4f8eadcd4a2659cc822c3b
product_images,over-ear headphones,Adaptiope/product_images/over-ear headphones/over-ear headphones_058.jpg,over-ear headphones_058.jpg,36398,43c71babd74ab6b423e2bd170cec335a34ba018e4a48885e52af1c7def6fd4d8
product_images,over-ear headphones,Adaptiope/product_images/over-ear headphones/over-ear headphones_063.jpg,over-ear headphones_063.jpg,32233,fada28feacfd935d1fff6b64c1c2abe1a11a79c74f4898df1b659ded2e9bdf57
product_images,over-ear headphones,Adaptiope/product_images/over-ear headphones/over-ear headphones_075.jpg,over-ear headphones_075.jpg,42478,b94120fbe922c3611ada148c441503647aed8132435ba4f86e254b1b7f7286ad
product_images,over-ear headphones,Adaptiope/product_images/over-ear headphones/over-ear headphones_089.jpg,over-ear headphones_089.jpg,49466,1c36619e22e590f2ace2a310a89001ee5961f572de9886427c5daa2a939b3e11
product_images,over-ear headphones,Adaptiope/product_images/over-ear headphones/over-ear headphones_006.jpg,over-ear headphones_006.jpg,39065,3fed91500baacebb5edbd9cddced42f309e3baace27e087676aded1401b30d97
product_images,over-ear headphones,Adaptiope/product_images/over-ear headphones/over-ear headphones_052.jpg,over-ear headphones_052.jpg,28878,94f91d5693ba5c6bddd0d6015a82ad1e2b9c0c08ab0e31d33fc65b9b7f0bed89
product_images,over-ear headphones,Adaptiope/product_images/over-ear headphones/over-ear headphones_094.jpg,over-ear headphones_094.jpg,33953,130874a820a3409d7f58748eb3eefe2290021477f7ee10993da752e5813b90f1
product_images,over-ear headphones,Adaptiope/product_images/over-ear headphones/over-ear headphones_047.jpg,over-ear headphones_047.jpg,35766,aa43dbaef324522f35d1153355255b99274314a95de59ebf1f2613e892f7e240
product_images,over-ear headphones,Adaptiope/product_images/over-ear headphones/over-ear headphones_045.jpg,over-ear headphones_045.jpg,24823,c8c773261e54ff5d39e32d729f1844ff5c513b2e3195432650e5a61af1ab8938
product_images,over-ear headphones,Adaptiope/product_images/over-ear headphones/over-ear headphones_060.jpg,over-ear headphones_060.jpg,47450,d19df9dd0c5d0940617c04fbb1d9bc7736a6f169a68d19d092235a9f1c33344f
product_images,over-ear headphones,Adaptiope/product_images/over-ear headphones/over-ear headphones_082.jpg,over-ear headphones_082.jpg,31340,42f09f2fef18a2a4ff922ee2a8fc3ad17125ac5386dede04b718ca956260273f
product_images,over-ear headphones,Adaptiope/product_images/over-ear headphones/over-ear headphones_078.jpg,over-ear headphones_078.jpg,49279,4312b191f80f1d942426f13607b390028a8b788c479e1f2d800f6b32fa731b52
product_images,over-ear headphones,Adaptiope/product_images/over-ear headphones/over-ear headphones_002.jpg,over-ear headphones_002.jpg,30708,48340f14970419273584db4515d6dc0845e743df89048728bf8518c8e074c7c9
product_images,over-ear headphones,Adaptiope/product_images/over-ear headphones/over-ear headphones_070.jpg,over-ear headphones_070.jpg,34521,c6143e956a59bece619bd891783aae85921000a592980f47dae74268d750c129
product_images,over-ear headphones,Adaptiope/product_images/over-ear headphones/over-ear headphones_030.jpg,over-ear headphones_030.jpg,32627,9d64845a09f6d1fafd8cf95836f38a62710374241898ffca6303eb2540c5342c
product_images,over-ear headphones,Adaptiope/product_images/over-ear headphones/over-ear headphones_049.jpg,over-ear headphones_049.jpg,71205,8ac517c02e3ec69ef5c933197be94918e8621e206c890052eac69c6d629a2ccd
product_images,over-ear headphones,Adaptiope/product_images/over-ear headphones/over-ear headphones_036.jpg,over-ear headphones_036.jpg,45690,825a8742148d1db7e0db2e745fe9807809dd4c164198fe945c4cf978b6cf7ed4
product_images,over-ear headphones,Adaptiope/product_images/over-ear headphones/over-ear headphones_072.jpg,over-ear headphones_072.jpg,57402,8bb7d56d3ae30928620fd98aa1c8c1c4084fa7e2047bdbd65c5dccb4da5223f2
product_images,over-ear headphones,Adaptiope/product_images/over-ear headphones/over-ear headphones_048.jpg,over-ear headphones_048.jpg,28958,58106b54c9fc7243f1164577ee0a0d1f989878a61563e9d9cde6211089449a76
product_images,over-ear headphones,Adaptiope/product_images/over-ear headphones/over-ear headphones_014.jpg,over-ear headphones_014.jpg,28939,dba8ae6b1a34bfd9bdc38286ecf6c6cf3c3cd377006898c84b519c836a3a0154
product_images,over-ear headphones,Adaptiope/product_images/over-ear headphones/over-ear headphones_098.jpg,over-ear headphones_098.jpg,36251,2d7272ca28aab985175502604d4656351195b6175deb42065403ce191f920217
product_images,over-ear headphones,Adaptiope/product_images/over-ear headphones/over-ear headphones_008.jpg,over-ear headphones_008.jpg,36325,4e092cc2fed799dca61b2fdebbc2527e099bb3312a18a290be8e951dba262f61
product_images,over-ear headphones,Adaptiope/product_images/over-ear headphones/over-ear headphones_064.jpg,over-ear headphones_064.jpg,37753,fb16f3b2e5cd572d9dfc7d41e2d0a3297ccdeb98ec66c4546bec8e5842190bb1
product_images,over-ear headphones,Adaptiope/product_images/over-ear headphones/over-ear headphones_024.jpg,over-ear headphones_024.jpg,20106,e831d2ccaf4236ecddf099505c9ee9f01ec9259476f29bb229dda8543563f4a5
product_images,over-ear headphones,Adaptiope/product_images/over-ear headphones/over-ear headphones_034.jpg,over-ear headphones_034.jpg,38652,12de573603ff810b14fdab9d55d4465222ab033ea31393f457226444082a0c88
product_images,over-ear headphones,Adaptiope/product_images/over-ear headphones/over-ear headphones_018.jpg,over-ear headphones_018.jpg,26100,55c2010b16336214d36f803c7e57bb404225ae6ac7041e67c4b931bc65adae8a
product_images,over-ear headphones,Adaptiope/product_images/over-ear headphones/over-ear headphones_086.jpg,over-ear headphones_086.jpg,60519,fd6cfdd3f90d9d408e4498a9aba7b0b9e10a5942558398c8c9619e0e5d8148fa
product_images,over-ear headphones,Adaptiope/product_images/over-ear headphones/over-ear headphones_080.jpg,over-ear headphones_080.jpg,19273,2736b6f05b03203d5c5918450c5e6066bb8652b5a4f33733ccd1a631399b98b4
product_images,over-ear headphones,Adaptiope/product_images/over-ear headphones/over-ear headphones_007.jpg,over-ear headphones_007.jpg,36965,8b84a4fa71e658946f5caff1d840f89cf69ec05e8652d7eefd1b1196991d1006
product_images,over-ear headphones,Adaptiope/product_images/over-ear headphones/over-ear headphones_068.jpg,over-ear headphones_068.jpg,55202,6fd3f36ea14b37fbf9d8627f000af6ebcc1eb4b9bcd5a0633d728ff79c66c160
product_images,over-ear headphones,Adaptiope/product_images/over-ear headphones/over-ear headphones_021.jpg,over-ear headphones_021.jpg,50432,cb1d57c714b6748c2d41752f33242977fa952eea45a549c87b07bae24049c83b
product_images,over-ear headphones,Adaptiope/product_images/over-ear headphones/over-ear headphones_019.jpg,over-ear headphones_019.jpg,37538,f64816c55f98e9ccebcdc8b7805a7291f6d5ed5ea01c435af845b0a825a30c63
product_images,over-ear headphones,Adaptiope/product_images/over-ear headphones/over-ear headphones_017.jpg,over-ear headphones_017.jpg,18581,7f757db1866e5c5f11e3dae1df378d1b3c32eb8c8557cc2f84cdcedd53447f3f
product_images,over-ear headphones,Adaptiope/product_images/over-ear headphones/over-ear headphones_067.jpg,over-ear headphones_067.jpg,46908,613edd1e76a3d6c8c3767ef796b7a4d997599a3a7041f43df178383fa6a5e1b9
product_images,over-ear headphones,Adaptiope/product_images/over-ear headphones/over-ear headphones_033.jpg,over-ear headphones_033.jpg,19212,4f18a0fbb57787c1e9d6c86337f7925545ae3fc7fdffbdbb924c9d6e81f7bb20
product_images,over-ear headphones,Adaptiope/product_images/over-ear headphones/over-ear headphones_013.jpg,over-ear headphones_013.jpg,27295,b9518c5311ec7f3683a0aeabcd9f74226a3ea9500a8d38b7c797c2936cf603c5
product_images,over-ear headphones,Adaptiope/product_images/over-ear headphones/over-ear headphones_031.jpg,over-ear headphones_031.jpg,43974,8d77250736b53a6c925ff3cff73572bcf629252c90e6a3960ae29b07cd7a487b
product_images,over-ear headphones,Adaptiope/product_images/over-ear headphones/over-ear headphones_093.jpg,over-ear headphones_093.jpg,40535,9779c79a3334133b6135c48ff6c9cf6af829533c62be0aa530a555373c190cc4
product_images,over-ear headphones,Adaptiope/product_images/over-ear headphones/over-ear headphones_079.jpg,over-ear headphones_079.jpg,52491,1cb586bbae9b7c3f2d1dd92383ac65e0a70140344c06886f021e3d048780e13b
product_images,over-ear headphones,Adaptiope/product_images/over-ear headphones/over-ear headphones_065.jpg,over-ear headphones_065.jpg,68920,b1ce1f7aea255d5616ae204f1eb5e524114d06b2325c28a3c06467a85273e6c3
product_images,over-ear headphones,Adaptiope/product_images/over-ear headphones/over-ear headphones_050.jpg,over-ear headphones_050.jpg,22329,3a076df21728505671d4f5b2df7f472411942b714b113c2ed86ed660ef8bf243
product_images,over-ear headphones,Adaptiope/product_images/over-ear headphones/over-ear headphones_097.jpg,over-ear headphones_097.jpg,25261,5dadbd4087eb80caed56414990f1cdd44df37aa2e00420aed7f11c2d6a850815
product_images,over-ear headphones,Adaptiope/product_images/over-ear headphones/over-ear headphones_011.jpg,over-ear headphones_011.jpg,41067,e0b31f2354f6bd3b8d2d752a8a811fde5036a3159e7c8ba62d8fff59fe45ef26
product_images,over-ear headphones,Adaptiope/product_images/over-ear headphones/over-ear headphones_092.jpg,over-ear headphones_092.jpg,23094,d6d7d74e933aeebf4037e96077377566c799cc18fe5c347eb536c783a483c7c4
product_images,over-ear headphones,Adaptiope/product_images/over-ear headphones/over-ear headphones_003.jpg,over-ear headphones_003.jpg,45890,5fb57c97746f353a470085b2cabacc39f97d7ceddcf4c0eed9aa1354e017439b
product_images,over-ear headphones,Adaptiope/product_images/over-ear headphones/over-ear headphones_056.jpg,over-ear headphones_056.jpg,17847,845b2fe2bf466bdcab4d106d6eeabd2fd8f797e9fa3566a928b90e8836f6511e
product_images,over-ear headphones,Adaptiope/product_images/over-ear headphones/over-ear headphones_044.jpg,over-ear headphones_044.jpg,25752,e9af17b27c9d1f8e64771477dc00210463bb8389b3cc3452d9f982e4e39722c9
product_images,over-ear headphones,Adaptiope/product_images/over-ear headphones/over-ear headphones_040.jpg,over-ear headphones_040.jpg,42225,4063a68e15883dc6b60c6624bacf97370b430415841ab603af53c403499f23d0
product_images,over-ear headphones,Adaptiope/product_images/over-ear headphones/over-ear headphones_053.jpg,over-ear headphones_053.jpg,46773,19387276faf206882b009175305c65fc6e1649cc56b97f6c9bc6e16025d4d14b
product_images,computer,Adaptiope/product_images/computer/computer_005.jpg,computer_005.jpg,41331,55d0ddf945ac9b9da2f072eb66143b91866af0fd22ee31a179037503c70d1b69
product_images,computer,Adaptiope/product_images/computer/computer_015.jpg,computer_015.jpg,175620,6a618b9c45e76414eef6604b2ef1214456cc4788478abc44ebcc76c528942344
product_images,computer,Adaptiope/product_images/computer/computer_066.jpg,computer_066.jpg,73895,c70d3bd7c09c3115072ae4e6109e61a6a732969ec079cfd8e6128aab27ff92b8
product_images,computer,Adaptiope/product_images/computer/computer_037.jpg,computer_037.jpg,59580,9256fdf234d145ed3cb667573a65a43caf946354e842a4c1c0f5a394a0b2c34c
product_images,computer,Adaptiope/product_images/computer/computer_026.jpg,computer_026.jpg,30255,2d622c81d8201d6c717d4da380ccce8f5bb0b3e4f067a29f863530836a5203a8
product_images,computer,Adaptiope/product_images/computer/computer_097.jpg,computer_097.jpg,34003,4b2a628ccb7248473302e7b34393b8804e7792496986a5382f950a17c7bf0159
product_images,computer,Adaptiope/product_images/computer/computer_035.jpg,computer_035.jpg,11018,89dda25f99dd3e4aa2d10ce1a5e8840bca19f587c1a60192f0412a656dd93b2f
product_images,computer,Adaptiope/product_images/computer/computer_090.jpg,computer_090.jpg,49754,e4b1934975ee4bcb3c76695c93f87fb0924653cff882d447526ea12bfe647614
product_images,computer,Adaptiope/product_images/computer/computer_095.jpg,computer_095.jpg,41834,10f38dade9ce13574524033d750b35638c0c61f0c953c01bd2bcf1b1c5fc07e7
product_images,computer,Adaptiope/product_images/computer/computer_040.jpg,computer_040.jpg,36403,1651c2cb63d427bb4f72ac4e1eef8cdd88eb5d10fe71c1abb6c4986ef871383d
product_images,computer,Adaptiope/product_images/computer/computer_076.jpg,computer_076.jpg,151025,ae69e7054fd99196ebc56ccbcfa6d531b8ce24b1637240298080abaa32e0ec1a
product_images,computer,Adaptiope/product_images/computer/computer_003.jpg,computer_003.jpg,32948,4c9fe536eb731961f37e119eb930b1d2e5448f07e2056afe6abce5a7b4be89a4
product_images,computer,Adaptiope/product_images/computer/computer_065.jpg,computer_065.jpg,20314,ace81823664f005c9b8aee88330cb8e53a3d8ca944a6bd26e65af5513f3541e6
product_images,computer,Adaptiope/product_images/computer/computer_062.jpg,computer_062.jpg,35230,0c845e85dc6ae8e6ab122ce5219cd6c6b2e8d3938b505078bf7148a075cccb99
product_images,computer,Adaptiope/product_images/computer/computer_083.jpg,computer_083.jpg,32318,cbbcc2f7a960f9400b56e58f145a6c782fb2573cc485100eed36d9304f358722
product_images,computer,Adaptiope/product_images/computer/computer_054.jpg,computer_054.jpg,23324,0a45b8fd2e5eee36f710986c71e8261a99ac35681d6e8db3e3f88255a6dd8693
product_images,computer,Adaptiope/product_images/computer/computer_059.jpg,computer_059.jpg,47553,90f888abe2b4ca199b1a180421a8e3aefcbafbacd8ab5a0bf569dea4ddedd8c9
product_images,computer,Adaptiope/product_images/computer/computer_010.jpg,computer_010.jpg,61124,759acaae87505c9a43a8c3c0b647de4431c3a5c64897cb783d6be23c32e702a6
product_images,computer,Adaptiope/product_images/computer/computer_072.jpg,computer_072.jpg,57388,47a4ce251a84a72448f4a943b116fa8eb3bc9c53e68d676eb65797045ddccd18
product_images,computer,Adaptiope/product_images/computer/computer_082.jpg,computer_082.jpg,61384,db85dec67d11dbbd142407b987b1f97d0fca8478a8f96a2ced626047ce6ff925
product_images,computer,Adaptiope/product_images/computer/computer_027.jpg,computer_027.jpg,29015,823d1d0b7f9ae54517500f27674938387c0c9068aec2b11f480d30538af5e4f1
product_images,computer,Adaptiope/product_images/computer/computer_080.jpg,computer_080.jpg,108643,864825079063652bf4cbffa48fe021f87e9c3bedf155c32106b910234b1b1a7f
product_images,computer,Adaptiope/product_images/computer/computer_022.jpg,computer_022.jpg,25017,a11abf244ec4649f99bdf84e4531d93906b7c18dd9218fffd4da86deb79354aa
product_images,computer,Adaptiope/product_images/computer/computer_078.jpg,computer_078.jpg,88393,80bd9e9f9fb200beca5c33e5821a126b93dbd75f944fc5462050625e63e0d056
product_images,computer,Adaptiope/product_images/computer/computer_094.jpg,computer_094.jpg,63686,e3db5a7e3e28a0a9cd319660d63ba0266f33bf78604d8dac195d3c41f771cd3e
product_images,computer,Adaptiope/product_images/computer/computer_056.jpg,computer_056.jpg,43763,ca298ff16a329b0b4d1faf67c616b36a37725640b852d18b8a283d152c5f4583
product_images,computer,Adaptiope/product_images/computer/computer_074.jpg,computer_074.jpg,38586,41870e224ced25e16fdcde4347f6efeafa9c956cf4f3f5f06b168ce561f5fa1f
product_images,computer,Adaptiope/product_images/computer/computer_031.jpg,computer_031.jpg,23987,45b42e415fff76ccd554ca857b13e303e60b6483d589aa3f819bbaf8a7a541dd
product_images,computer,Adaptiope/product_images/computer/computer_096.jpg,computer_096.jpg,17565,d58bdb47b3c58eb02019ac0d6db7cc7cb343b95880153bb99352d7aaff3fc22e
product_images,computer,Adaptiope/product_images/computer/computer_068.jpg,computer_068.jpg,27140,17402fd2ff4eab259713e3c57e9ecf99fb487918f7803310751697da56d7b2f1
product_images,computer,Adaptiope/product_images/computer/computer_001.jpg,computer_001.jpg,37224,fd4c07e7a99858ac63d6500de6c2bea5999b4e6417858de28c0aeea74f1c4340
product_images,computer,Adaptiope/product_images/computer/computer_050.jpg,computer_050.jpg,41127,1fdeabed09aed731f45336174e49c60a250dbd0022b97a3bb7bd0b4da0c25a1e
product_images,computer,Adaptiope/product_images/computer/computer_099.jpg,computer_099.jpg,49475,b1bb53cdf7c88fcde124bb34554d5ff304d47b31bd2ae0906ab9c72d815cedb9
product_images,computer,Adaptiope/product_images/computer/computer_060.jpg,computer_060.jpg,52501,1b33e2c77e5e6367d16ea675e7daa26fd29fbf16c3c5a71c11bec96dc02287f5
product_images,computer,Adaptiope/product_images/computer/computer_009.jpg,computer_009.jpg,82405,cfa6d51abc9045e5aa7ca3e87ec723a3656b43cd8e22a7d6661b7ed163e8521f
product_images,computer,Adaptiope/product_images/computer/computer_025.jpg,computer_025.jpg,53051,d02207603df94ff855e977f228df812172cf38eae02e63c406cdb0e197938729
product_images,computer,Adaptiope/product_images/computer/computer_020.jpg,computer_020.jpg,24276,bc109e4b40d5d3e413dc0bbbdee5f79b3c32003c685d50903e69b2658d99519a
product_images,computer,Adaptiope/product_images/computer/computer_043.jpg,computer_043.jpg,33505,1dc2a0b941546cd577645440b55c671fc2ebcdcd2853a8ae87f63e0464247d0a
product_images,computer,Adaptiope/product_images/computer/computer_017.jpg,computer_017.jpg,95830,6379cf61bad67019579297c548a7c4c5bece9edce42ddcd3342671071e70f921
product_images,computer,Adaptiope/product_images/computer/computer_079.jpg,computer_079.jpg,65697,ab9a33a2620a055207151771960da77e3899457a93c7d70844aa300af93e93bd
product_images,computer,Adaptiope/product_images/computer/computer_061.jpg,computer_061.jpg,93243,5fa7af3c82d286a57269cecb914ddf910250fdecb56cf39d9aac448b0caf41d5
product_images,computer,Adaptiope/product_images/computer/computer_038.jpg,computer_038.jpg,37507,777fc145b7ffc9bc057e6334e53506aa91538e8a9e20fae144de94a54d6b300f
product_images,computer,Adaptiope/product_images/computer/computer_077.jpg,computer_077.jpg,82239,0de4cb403459f2bdf3b292f7353ac403a316e1acbc5e9f983295b1531022e7d4
product_images,computer,Adaptiope/product_images/computer/computer_030.jpg,computer_030.jpg,28555,dbf42bdbf70e3c3f03925ff6423f33bd05bce8620143281c00908077e6ec6cba
product_images,computer,Adaptiope/product_images/computer/computer_093.jpg,computer_093.jpg,39844,7c8e4122b291b10ab0299237e11813a6f215f8fe73896c35d2a3856d4d5d6940
product_images,computer,Adaptiope/product_images/computer/computer_055.jpg,computer_055.jpg,9237,b8119797ea20e850599cf6d2a9b263884edabd54e603a45fa70614761f15d5db
product_images,computer,Adaptiope/product_images/computer/computer_012.jpg,computer_012.jpg,171096,940cf0cae73a3a7ee522a34a567a1488e09f897ad9e30d98925c60f1642d1931
product_images,computer,Adaptiope/product_images/computer/computer_067.jpg,computer_067.jpg,53053,0459c6221ab60eff2e42452d24fea64de15bb2cddb64d4cb19690506321bac63
product_images,computer,Adaptiope/product_images/computer/computer_070.jpg,computer_070.jpg,50716,505399efbb855c1b06bfcd3f6b5db6c61b9f7dfe1ecd636eb7225ce4f8603f19
product_images,computer,Adaptiope/product_images/computer/computer_071.jpg,computer_071.jpg,16577,41552f5422cf240df607a8e9aeaac74c6b6758ac19c183baac9b9828a6feab8c
product_images,computer,Adaptiope/product_images/computer/computer_032.jpg,computer_032.jpg,60803,592b35e7c5e8d873dcec9561fa1b45e1cd793bd0908715de7ecff393a2872187
product_images,computer,Adaptiope/product_images/computer/computer_048.jpg,computer_048.jpg,194927,8aeede790e45e2315ecfe3cf60f0dcde496caf5439332b1b849eda1695bda161
product_images,computer,Adaptiope/product_images/computer/computer_018.jpg,computer_018.jpg,69469,fce47037d4b30f0cc8fa4cb8dd008227992e6b2ff7971cbb2b2ec5ccc51eb91f
product_images,computer,Adaptiope/product_images/computer/computer_008.jpg,computer_008.jpg,63469,9e80c7aedb39184382ae975172dc22ac8d195dd7d363fecef5f0589083610d8d
product_images,computer,Adaptiope/product_images/computer/computer_004.jpg,computer_004.jpg,261108,cd9171dad1e69688a948f7c71467f023e6ddeef1bb83a2253aafe2f40bd0c942
product_images,computer,Adaptiope/product_images/computer/computer_013.jpg,computer_013.jpg,38282,a8a21780a61ba515e598a7915e4549a53a3ebe2eec35d4307058fc43da4a3ea4
product_images,computer,Adaptiope/product_images/computer/computer_081.jpg,computer_081.jpg,38623,8f45fce9e1e648f532fee7964912073237b4bb4965756358cbe5800efec22c16
product_images,computer,Adaptiope/product_images/computer/computer_023.jpg,computer_023.jpg,58732,e68465da526c44cffca6c6ca9d2d5121c0bcd26c1e1d4647ab2bdfa44a7b7909
product_images,computer,Adaptiope/product_images/computer/computer_036.jpg,computer_036.jpg,44654,1a3912c69cc884c70330621c757428dc8551d6e36b3f2ecdbc25d6ca27a62b14
product_images,computer,Adaptiope/product_images/computer/computer_000.jpg,computer_000.jpg,23731,e136d0c0faf233b1c192d68e264bd3154303dd2ed2c397b9113a67da1f50a25b
product_images,computer,Adaptiope/product_images/computer/computer_084.jpg,computer_084.jpg,64697,bb52e3ae5938fd202a678915b75f0d43007355a49aba9e9e2e2f98e657922820
product_images,computer,Adaptiope/product_images/computer/computer_033.jpg,computer_033.jpg,17529,5b6a6998f4cf4fc6b6b94e0e15b9c16c2f8d611e08a5054bf8d9ce5e85890bc6
product_images,computer,Adaptiope/product_images/computer/computer_049.jpg,computer_049.jpg,46147,30beca03fdb5d9499d0cdfa6a7dfd201e5fe1e27d2c85757e05c090970b42563
product_images,computer,Adaptiope/product_images/computer/computer_057.jpg,computer_057.jpg,81911,891a3b9de72bfb3108eb5c5978dd14fd3aca2082282fec70f707cf3c80ff379e
product_images,computer,Adaptiope/product_images/computer/computer_088.jpg,computer_088.jpg,41647,94857846b70676ba56ef3f655570da02201c942f4628e5483b0f9a3e4d043edf
product_images,computer,Adaptiope/product_images/computer/computer_044.jpg,computer_044.jpg,24356,9cf15ac4e8455382da289f8424acc6cd2ed12645d4687df6e6c0f24fcf1e50a4
product_images,computer,Adaptiope/product_images/computer/computer_075.jpg,computer_075.jpg,50339,44bee8836a3e09ab849ab45f541365d814397cf4f25c5dbc1f7af6cf652d459e
product_images,computer,Adaptiope/product_images/computer/computer_069.jpg,computer_069.jpg,57023,7fe3cd95736149a29d003426ae5f7cd18cc0aaddaa54ebfc5bb27d5883a8cdf9
product_images,computer,Adaptiope/product_images/computer/computer_042.jpg,computer_042.jpg,61263,50dbec3f38860f7459565f970e05b7485c6c55b08a52f2c393dfa715aa8e35d6
product_images,computer,Adaptiope/product_images/computer/computer_011.jpg,computer_011.jpg,55387,b5361cdb117c0736bbc5c5858d720a0b861fc277704f628627d42c53abc0e587
product_images,computer,Adaptiope/product_images/computer/computer_053.jpg,computer_053.jpg,32094,ab97d91ab2388e03f6a0ce5c8aa2a2136eced4a821d871128eabe6c80682344c
product_images,computer,Adaptiope/product_images/computer/computer_087.jpg,computer_087.jpg,11796,52124fb908c30681e8a92cc9ef94ab17f5eb5e197ba325856f5d5781e82d2df8
product_images,computer,Adaptiope/product_images/computer/computer_046.jpg,computer_046.jpg,23865,0e3c11ac24b5da7fcde2291060fe1a4c4bcb115e518ba96c4b6e3d8e2456632e
product_images,computer,Adaptiope/product_images/computer/computer_058.jpg,computer_058.jpg,76429,334e3c563bb6a0da12db0c1b38ea089e9f37427d13ece91923d8f8711cce56f4
product_images,computer,Adaptiope/product_images/computer/computer_006.jpg,computer_006.jpg,245217,0b10001642479e21ae7f25cc87a80d11df529a60851d8ef5fd0eaa869ded1ced
product_images,computer,Adaptiope/product_images/computer/computer_045.jpg,computer_045.jpg,33587,822404efc3e70d4704a251d369c2f590791d2958df4d0e1950e3b6b7556fa5d7
product_images,computer,Adaptiope/product_images/computer/computer_051.jpg,computer_051.jpg,25135,d5164cbfd84963ccb65d1a1efe5d547be0b190ce5578b5f7d52975c67dce16c0
product_images,computer,Adaptiope/product_images/computer/computer_019.jpg,computer_019.jpg,32802,e6ced0e9afe52858f400e0cc1774a30ea7a8295d4913c310c952f28ab0975b8a
product_images,computer,Adaptiope/product_images/computer/computer_085.jpg,computer_085.jpg,36056,e7a49e9b586f65c001f9e483c6fd6b6a6a652787cfaeba25e2e366ca8f54e692
product_images,computer,Adaptiope/product_images/computer/computer_028.jpg,computer_028.jpg,57651,2a966b502656d838a120bb1ea4ad0fed3ca4b7a3188cdd557c425b4ab380cd62
product_images,computer,Adaptiope/product_images/computer/computer_039.jpg,computer_039.jpg,55431,de2d18ee8a1b05668c9743bffad4742632020f77ae0a680dabc70eb1fa8f3f21
product_images,computer,Adaptiope/product_images/computer/computer_029.jpg,computer_029.jpg,61236,be72deb74c1fee06e135439295fe989a8e54151c75d48e684f86d0f355be71ba
product_images,computer,Adaptiope/product_images/computer/computer_047.jpg,computer_047.jpg,48321,198b357d65d4d9195994c0a0c19a31d8fc3ea0944799f2f87ba86a96815c3546
product_images,computer,Adaptiope/product_images/computer/computer_052.jpg,computer_052.jpg,42397,dc78aec86e0cfc1e410ae534de6bed25bd9271137657b053346f7e7a2c181b44
product_images,computer,Adaptiope/product_images/computer/computer_073.jpg,computer_073.jpg,34926,2dd7c8adaa2fac3e6bc25d050cffd5e1268cd1aec28e76112e2afdb1edd67bcf
product_images,computer,Adaptiope/product_images/computer/computer_016.jpg,computer_016.jpg,35755,0c9e9206df1ab77e17b291a1514e0028ef6905cd8a0c102ad14551fa9376f1cd
product_images,computer,Adaptiope/product_images/computer/computer_002.jpg,computer_002.jpg,82946,a707e7433d0e21ee1eb17e5acbc6a5b05d603b21e96561984e3cc2de113e4073
product_images,computer,Adaptiope/product_images/computer/computer_041.jpg,computer_041.jpg,44713,8e673eccb68d8da14897927eb3fa25b74a5b28925d5ea3a58fc14bb5c22fa750
product_images,computer,Adaptiope/product_images/computer/computer_014.jpg,computer_014.jpg,36959,aa3fa0b571e4d984bdaff29c1b20246eeb9bb618b34444665342529ec7ea021b
product_images,computer,Adaptiope/product_images/computer/computer_089.jpg,computer_089.jpg,53488,66ab3ca36170d24437411f321dd4260bf177ad181eeeec82e71210852ea46eb2
product_images,computer,Adaptiope/product_images/computer/computer_064.jpg,computer_064.jpg,61407,38aa6077c18765e9e1592570d658276cb6ac88d8f789dead6376d8c2d3b1d55f
product_images,computer,Adaptiope/product_images/computer/computer_091.jpg,computer_091.jpg,22889,b232973ae413f7b8c30c7eed4baddb10f5b760edb8660438951563a80d2fa201
product_images,computer,Adaptiope/product_images/computer/computer_024.jpg,computer_024.jpg,49033,3c9ac20051b2bfc45fe462faf84e8d0f0d42f89ff592796ef793591084486497
product_images,computer,Adaptiope/product_images/computer/computer_092.jpg,computer_092.jpg,65490,1429f545e79a2a6d3d43486bd6120e8ee2e9cc081a67e87f444d1eaa750ddc4c
product_images,computer,Adaptiope/product_images/computer/computer_098.jpg,computer_098.jpg,58376,73a17de7ebbffc5290c9c9c2fe5d2ca9e14065edbf674073a4a76ba5b83a59aa
product_images,computer,Adaptiope/product_images/computer/computer_063.jpg,computer_063.jpg,25671,90b92f298d573b4201b27250bff5c8683d0a319fe3091d6c6e033df69fb6e14b
product_images,computer,Adaptiope/product_images/computer/computer_086.jpg,computer_086.jpg,59429,69bbd6fc3863302ff7bffd1e9bd4db35ba8db9a4ca2c023c42b741743951bf7c
product_images,computer,Adaptiope/product_images/computer/computer_034.jpg,computer_034.jpg,53541,733f5ad5a5f65dae22d0082853246468c3cd09b3314a29658317cb668aab8096
product_images,computer,Adaptiope/product_images/computer/computer_007.jpg,computer_007.jpg,29654,2f166e3a3939e1a8939385254839b2af008f4b4112f16d7c1410d6515cb180c3
product_images,computer,Adaptiope/product_images/computer/computer_021.jpg,computer_021.jpg,58217,0a620a873b53708b7fb85e2659477e60b1fb066ce49b8d14f9656adfb9664a27
product_images,cordless fixed phone,Adaptiope/product_images/cordless fixed phone/cordless fixed phone_094.jpg,cordless fixed phone_094.jpg,26477,2be6ce44caf6bb73ea0f4f07c5a4051a63b45097762821efaa0cc48adf496099
product_images,cordless fixed phone,Adaptiope/product_images/cordless fixed phone/cordless fixed phone_030.jpg,cordless fixed phone_030.jpg,39613,04b8d3d029dc389d68858e7f622bfba4179dc3e2b7d2e5ae260dbde003a60991
product_images,cordless fixed phone,Adaptiope/product_images/cordless fixed phone/cordless fixed phone_071.jpg,cordless fixed phone_071.jpg,20787,e7e451df25f4c03b996668731dd0280428b9ae7c7254bfd29aeced92f3ac4fff
product_images,cordless fixed phone,Adaptiope/product_images/cordless fixed phone/cordless fixed phone_031.jpg,cordless fixed phone_031.jpg,30697,f2af279e3f66d83d6a54a916984022e5b0f3d31a407184d04fb95f731141083e
product_images,cordless fixed phone,Adaptiope/product_images/cordless fixed phone/cordless fixed phone_038.jpg,cordless fixed phone_038.jpg,40947,f04dfca2de2d8c36f43707b68ce583d8edfa0a2050e14299676ffa4e6fc51a84
product_images,cordless fixed phone,Adaptiope/product_images/cordless fixed phone/cordless fixed phone_023.jpg,cordless fixed phone_023.jpg,25364,3c32e075feda4ac3d10e96759d12127e43b4375ad0d7de7b49488643e80227bd
product_images,cordless fixed phone,Adaptiope/product_images/cordless fixed phone/cordless fixed phone_026.jpg,cordless fixed phone_026.jpg,170716,5bd4169048e5da3b100edc14fe462b82d49088cab8e6c2ebb392705ba38aae9a
product_images,cordless fixed phone,Adaptiope/product_images/cordless fixed phone/cordless fixed phone_008.jpg,cordless fixed phone_008.jpg,54540,5bfe19fbff4077d611b725d0e5aa8afdb3f34eeefa452e57df9c5cfaff582783
product_images,cordless fixed phone,Adaptiope/product_images/cordless fixed phone/cordless fixed phone_060.jpg,cordless fixed phone_060.jpg,170886,7e62fa310489c5e1e87da2567f7e1f084f1180922eb157715f86421d9235f749
product_images,cordless fixed phone,Adaptiope/product_images/cordless fixed phone/cordless fixed phone_004.jpg,cordless fixed phone_004.jpg,46391,ded61431a7f7d287e158f0df051c3a2b981096b36e1654dff4161ea1e694a8d2
product_images,cordless fixed phone,Adaptiope/product_images/cordless fixed phone/cordless fixed phone_099.jpg,cordless fixed phone_099.jpg,228776,2c31c172f2d202e260e608e0d42953fcbe95bce9c93d29e5bfdd6c12f061579a
product_images,cordless fixed phone,Adaptiope/product_images/cordless fixed phone/cordless fixed phone_025.jpg,cordless fixed phone_025.jpg,55936,6a5e0bdebca3bcc29624421b1aa0539798ee067e795648745f19a37783f77742
product_images,cordless fixed phone,Adaptiope/product_images/cordless fixed phone/cordless fixed phone_014.jpg,cordless fixed phone_014.jpg,90484,44327851fef620f0700ef10080a96a3207b90a7ba03ff4ebd3a29995680b37c7
product_images,cordless fixed phone,Adaptiope/product_images/cordless fixed phone/cordless fixed phone_013.jpg,cordless fixed phone_013.jpg,47480,06b4e8b9a2015d20bd73c809b41c4bc4831d176fd15cdfd331d70c1eb43c4994
product_images,cordless fixed phone,Adaptiope/product_images/cordless fixed phone/cordless fixed phone_063.jpg,cordless fixed phone_063.jpg,26561,df3e39f0111ee38152809a01c63f12166de866ec52192dc977cd329223348d70
product_images,cordless fixed phone,Adaptiope/product_images/cordless fixed phone/cordless fixed phone_003.jpg,cordless fixed phone_003.jpg,34352,d377d50578ce9bfe807a4ab44a688fda3dcafcb4b0d10619c95d4dcae9545a7b
product_images,cordless fixed phone,Adaptiope/product_images/cordless fixed phone/cordless fixed phone_007.jpg,cordless fixed phone_007.jpg,144864,4924f50064fb3a702e991e34e98c0003c6f3c0b9ac84c708f5e3af97689be852
product_images,cordless fixed phone,Adaptiope/product_images/cordless fixed phone/cordless fixed phone_012.jpg,cordless fixed phone_012.jpg,316225,ef752122ebb995e5e99d222c4d832372872936e18b462cc7882eee0c28f769c8
product_images,cordless fixed phone,Adaptiope/product_images/cordless fixed phone/cordless fixed phone_076.jpg,cordless fixed phone_076.jpg,51321,ffdf6f6679df52210af86c106af2ae66453573d30c6f9afa1487627bcadb0092
product_images,cordless fixed phone,Adaptiope/product_images/cordless fixed phone/cordless fixed phone_057.jpg,cordless fixed phone_057.jpg,302572,915156e9ece4cfe5cbe9bdbb0dd9c918548b57859dd825e60dc2c786f588dbcb
product_images,cordless fixed phone,Adaptiope/product_images/cordless fixed phone/cordless fixed phone_005.jpg,cordless fixed phone_005.jpg,61421,ac5302b6a0abce2420a2907050922d68a95279d18e95d9788e2c7b45fa6f9a0a
product_images,cordless fixed phone,Adaptiope/product_images/cordless fixed phone/cordless fixed phone_001.jpg,cordless fixed phone_001.jpg,35588,19e6f2b1c8e9fefc559dde2598e51e42eb772fa2883edd2c00a12242ec160203
product_images,cordless fixed phone,Adaptiope/product_images/cordless fixed phone/cordless fixed phone_078.jpg,cordless fixed phone_078.jpg,64811,c3472e954c3be5c83ad69d66da9e3606315168bc181c5a47983fc2c24cf2716d
product_images,cordless fixed phone,Adaptiope/product_images/cordless fixed phone/cordless fixed phone_018.jpg,cordless fixed phone_018.jpg,192189,e22f8101bd4d3f5a1d86ff566a77819ca19d368a28f901404e5eb4b29604db2d
product_images,cordless fixed phone,Adaptiope/product_images/cordless fixed phone/cordless fixed phone_072.jpg,cordless fixed phone_072.jpg,152321,d64f1ea4cbae0d379d920b93c0fd18099afc7f93cee10bca27e9185c572bf1a7
product_images,cordless fixed phone,Adaptiope/product_images/cordless fixed phone/cordless fixed phone_067.jpg,cordless fixed phone_067.jpg,53030,1c9b99f09446f8d8c250f14a9e691be64bc2dbb1352a412e0b18ec8c2dee8fab
product_images,cordless fixed phone,Adaptiope/product_images/cordless fixed phone/cordless fixed phone_083.jpg,cordless fixed phone_083.jpg,29559,ef16e5b35cc0ba2ba2b4cf38c0d0ab6762c2258193424f00c871cb52f56a594d
product_images,cordless fixed phone,Adaptiope/product_images/cordless fixed phone/cordless fixed phone_045.jpg,cordless fixed phone_045.jpg,100880,c67def2061d7f0aba52a65abfd772bd1c24ade360ab3099fb990f77aa8aa4387
product_images,cordless fixed phone,Adaptiope/product_images/cordless fixed phone/cordless fixed phone_032.jpg,cordless fixed phone_032.jpg,62271,5b89f6150cc5cba72ab2e1692af7ff2540dffe18c951c6377eeb7254fb1a5cd6
product_images,cordless fixed phone,Adaptiope/product_images/cordless fixed phone/cordless fixed phone_036.jpg,cordless fixed phone_036.jpg,41185,3083b3ada0458b531b213b069171211b4e3949d56e43808b387cc5867d5a2f09
product_images,cordless fixed phone,Adaptiope/product_images/cordless fixed phone/cordless fixed phone_081.jpg,cordless fixed phone_081.jpg,171189,cc6d8c13b867cab9daeeebe4fd4185685e2b0d82f6ea0cd29220c07534a8042b
product_images,cordless fixed phone,Adaptiope/product_images/cordless fixed phone/cordless fixed phone_021.jpg,cordless fixed phone_021.jpg,38173,bb27eb877148dd0ef64ab5f2d0055d0f657d8983c9cff13714f9b628aceb230b
product_images,cordless fixed phone,Adaptiope/product_images/cordless fixed phone/cordless fixed phone_020.jpg,cordless fixed phone_020.jpg,205910,c4ebc3124ab09fd7c1e5c88d24fc3912909801232728230378741d0c98b5aa65
product_images,cordless fixed phone,Adaptiope/product_images/cordless fixed phone/cordless fixed phone_087.jpg,cordless fixed phone_087.jpg,31008,9f6d78b7341d133f83600ea9c8c5a9113d95d43dc277797b967aced210ad2298
product_images,cordless fixed phone,Adaptiope/product_images/cordless fixed phone/cordless fixed phone_084.jpg,cordless fixed phone_084.jpg,71403,3a97fde9003cfc7402f9626880b9d83ec5677e9ded2adaa2b0340c405adb0078
product_images,cordless fixed phone,Adaptiope/product_images/cordless fixed phone/cordless fixed phone_042.jpg,cordless fixed phone_042.jpg,50904,0ad11b6def1f726feab45455c1ae12725e87e1c00c71d4f864bd30db717fcbce
product_images,cordless fixed phone,Adaptiope/product_images/cordless fixed phone/cordless fixed phone_082.jpg,cordless fixed phone_082.jpg,54514,69f808cb3c742d3d8072af9e5721789a0c9c4295346406e645f69bd85564be78
product_images,cordless fixed phone,Adaptiope/product_images/cordless fixed phone/cordless fixed phone_064.jpg,cordless fixed phone_064.jpg,186008,97e0ebb25f66dd578f521cb302d8f4233463b6867f8f84ad7819415ad3a49a7d
product_images,cordless fixed phone,Adaptiope/product_images/cordless fixed phone/cordless fixed phone_065.jpg,cordless fixed phone_065.jpg,104164,ebaf6edf805808878ebc39e445cf4af0944c2ff7a9e150176db0004920c2720c
product_images,cordless fixed phone,Adaptiope/product_images/cordless fixed phone/cordless fixed phone_046.jpg,cordless fixed phone_046.jpg,76026,9036cb866ab68f95c712d0a710bece33016c4965d1fde4edd628c6d043a328e8
product_images,cordless fixed phone,Adaptiope/product_images/cordless fixed phone/cordless fixed phone_062.jpg,cordless fixed phone_062.jpg,108662,4f555ec44610a5af4b7af10d9ad2d4d6727bd0a8f5451488e86e86fd1847e5aa
product_images,cordless fixed phone,Adaptiope/product_images/cordless fixed phone/cordless fixed phone_077.jpg,cordless fixed phone_077.jpg,26531,4031a948403706ccf7a11df682594e8d33ba5a55d2b6f5c08716a5114497f35f
product_images,cordless fixed phone,Adaptiope/product_images/cordless fixed phone/cordless fixed phone_029.jpg,cordless fixed phone_029.jpg,42497,1af411722e31d840b4f84eec318b8c4021045deed7777277d7c30064ceaf44bb
product_images,cordless fixed phone,Adaptiope/product_images/cordless fixed phone/cordless fixed phone_061.jpg,cordless fixed phone_061.jpg,32515,d79af4127dd496a6a28843dec5bfb80348957115ce28c4ef7d3fd10d86774704
product_images,cordless fixed phone,Adaptiope/product_images/cordless fixed phone/cordless fixed phone_070.jpg,cordless fixed phone_070.jpg,32737,631fe5800b51d11af0e41d2b8244afb4551c5292bd6f93f0415df7fbf2374811
product_images,cordless fixed phone,Adaptiope/product_images/cordless fixed phone/cordless fixed phone_033.jpg,cordless fixed phone_033.jpg,43798,e609929f8487ad95338f7a07ab4985e042443e2d00fb367f0882bacdbbb9cb18
product_images,cordless fixed phone,Adaptiope/product_images/cordless fixed phone/cordless fixed phone_041.jpg,cordless fixed phone_041.jpg,46488,879da434fee017b3cc4391328350dd053a71c0fd1922abfc80cb03ac004b3470
product_images,cordless fixed phone,Adaptiope/product_images/cordless fixed phone/cordless fixed phone_058.jpg,cordless fixed phone_058.jpg,91320,ad1287ff4d2f84a17c48ed57508a1b15b60cb43ab44be666f514c1488a40cdb1
product_images,cordless fixed phone,Adaptiope/product_images/cordless fixed phone/cordless fixed phone_044.jpg,cordless fixed phone_044.jpg,36161,9f0b9749d8ac5305c46453f4a433c4c647cf891ef5bd444585db17bf465c6753
product_images,cordless fixed phone,Adaptiope/product_images/cordless fixed phone/cordless fixed phone_039.jpg,cordless fixed phone_039.jpg,202748,969e442d3f739ccd0371a91e9d39c4d71c49122624da0d604ae0a9aa58e5894d
product_images,cordless fixed phone,Adaptiope/product_images/cordless fixed phone/cordless fixed phone_086.jpg,cordless fixed phone_086.jpg,125076,fc886e12e9b6296fdd3ca348e120c0c9b65fcf9235ec3dd0f32f1bc76917a517
product_images,cordless fixed phone,Adaptiope/product_images/cordless fixed phone/cordless fixed phone_010.jpg,cordless fixed phone_010.jpg,195497,9babe4d59d3ecf090ef7734094be72ce18ca2acbb7a841f6390510cfd94e5306
product_images,cordless fixed phone,Adaptiope/product_images/cordless fixed phone/cordless fixed phone_011.jpg,cordless fixed phone_011.jpg,222893,165a5bfaa83218dd3a62ada39539bed69064fb7e4a154243173c1d7f561c590f
product_images,cordless fixed phone,Adaptiope/product_images/cordless fixed phone/cordless fixed phone_019.jpg,cordless fixed phone_019.jpg,150900,ef5ed7b72f550e42cd7fe89146dd77803623bdd77a2383959d62c96228c02fee
product_images,cordless fixed phone,Adaptiope/product_images/cordless fixed phone/cordless fixed phone_015.jpg,cordless fixed phone_015.jpg,82782,0ce26c558cb77f5112d7b0b856bbedff08184a82995bcc916676f8c58cc91d91
product_images,cordless fixed phone,Adaptiope/product_images/cordless fixed phone/cordless fixed phone_089.jpg,cordless fixed phone_089.jpg,47273,ba5fa315d1deaed63a4d7e5346eb7bd28110937d213eb784a0046042dd1796dd
product_images,cordless fixed phone,Adaptiope/product_images/cordless fixed phone/cordless fixed phone_000.jpg,cordless fixed phone_000.jpg,24060,05a1287e17755609d147a91e2423c1a88920391963f90ea112b13d404425734c
product_images,cordless fixed phone,Adaptiope/product_images/cordless fixed phone/cordless fixed phone_017.jpg,cordless fixed phone_017.jpg,56280,a36f72f7d6721dfe15da2f2228728912d7465e1ef08b5f20d493eee6f1d6f8c5
product_images,cordless fixed phone,Adaptiope/product_images/cordless fixed phone/cordless fixed phone_085.jpg,cordless fixed phone_085.jpg,136625,d6fb430622acc6dbd541cb481c08dc062305e2a8682576ba2137c75b8a74a559
product_images,cordless fixed phone,Adaptiope/product_images/cordless fixed phone/cordless fixed phone_049.jpg,cordless fixed phone_049.jpg,23146,089825667c212387246be3368ab96e52184bdc1d9339a13ff6aac3d516ce539b
product_images,cordless fixed phone,Adaptiope/product_images/cordless fixed phone/cordless fixed phone_056.jpg,cordless fixed phone_056.jpg,60782,bc293edff40121be538b0f775b12c06397c65adf62b4cc9ddf72e77950ba9679
product_images,cordless fixed phone,Adaptiope/product_images/cordless fixed phone/cordless fixed phone_054.jpg,cordless fixed phone_054.jpg,125438,0f1c807f37f335354960bfc2b8f764f353a771df1154155ce1939e8c3ddc135d
product_images,cordless fixed phone,Adaptiope/product_images/cordless fixed phone/cordless fixed phone_002.jpg,cordless fixed phone_002.jpg,26764,aeac7a50faf47a601af8a9f4363e72363326f50afb9e75e2716808c1a86203ef
product_images,cordless fixed phone,Adaptiope/product_images/cordless fixed phone/cordless fixed phone_024.jpg,cordless fixed phone_024.jpg,57816,185ff278e5c472217d3320a49508568e28c95c27e695695c1f8c81abdcd02a38
product_images,cordless fixed phone,Adaptiope/product_images/cordless fixed phone/cordless fixed phone_043.jpg,cordless fixed phone_043.jpg,58006,78e36c00bf33dbce94b3c77c76646a11e84eb72df00a5b89670e6bad9fe9f7bc
product_images,cordless fixed phone,Adaptiope/product_images/cordless fixed phone/cordless fixed phone_051.jpg,cordless fixed phone_051.jpg,225149,dc22ef44200c8d3261142c0676d32a7b82d9085075d12b9431ad2b00f3682a81
product_images,cordless fixed phone,Adaptiope/product_images/cordless fixed phone/cordless fixed phone_053.jpg,cordless fixed phone_053.jpg,88768,6d3f47735a7abed0ecf8200eab540020be686f8b0ee2700fa7ed24c5865a1cb8
product_images,cordless fixed phone,Adaptiope/product_images/cordless fixed phone/cordless fixed phone_050.jpg,cordless fixed phone_050.jpg,45414,2b8ef07a5418b6a1fcdb6c59d74e9d71a231f646612a540f15ac57cec3f89365
product_images,cordless fixed phone,Adaptiope/product_images/cordless fixed phone/cordless fixed phone_091.jpg,cordless fixed phone_091.jpg,179775,a8682a63ba1c105496e2baff688758c2c074ab6375d9f1fff20b95109fbdd7a4
product_images,cordless fixed phone,Adaptiope/product_images/cordless fixed phone/cordless fixed phone_096.jpg,cordless fixed phone_096.jpg,79301,b0fd0780bb89fcb7762482f8982149d12f10a12c535ac0cfdd3076d745e0681f
product_images,cordless fixed phone,Adaptiope/product_images/cordless fixed phone/cordless fixed phone_028.jpg,cordless fixed phone_028.jpg,52641,4ec3c8e73d11f44363f34997177aa1b06a429b71e979427ddee6124ddbdaa8c2
product_images,cordless fixed phone,Adaptiope/product_images/cordless fixed phone/cordless fixed phone_093.jpg,cordless fixed phone_093.jpg,148867,d03281d74fa36c48af6d67c255a6052ff4e716409c38f93aa847e66759564e60
product_images,cordless fixed phone,Adaptiope/product_images/cordless fixed phone/cordless fixed phone_055.jpg,cordless fixed phone_055.jpg,119296,dc901c05124136d7883b2ca042a43b6504177d127a013ccf0645307d91276ab1
product_images,cordless fixed phone,Adaptiope/product_images/cordless fixed phone/cordless fixed phone_074.jpg,cordless fixed phone_074.jpg,60299,a2bb9070bae889f71f479ad5bf2dc3a1c65d2199371b085f94d764938544c1ce
product_images,cordless fixed phone,Adaptiope/product_images/cordless fixed phone/cordless fixed phone_066.jpg,cordless fixed phone_066.jpg,157615,f6d9cc80ea5d8092b934896f3ffd3b7d80c0eb0b78839692ec1d8b32b8ec7484
product_images,cordless fixed phone,Adaptiope/product_images/cordless fixed phone/cordless fixed phone_052.jpg,cordless fixed phone_052.jpg,123847,27cf76d9a7981cb2f73f95b4e45f1f879abe1eaa3b8fc278ffa27acd446c6146
product_images,cordless fixed phone,Adaptiope/product_images/cordless fixed phone/cordless fixed phone_016.jpg,cordless fixed phone_016.jpg,85257,0298a40763cc27f714eed132c5821c6d4b9a29fcb3e02a4f5963a0221247369b
product_images,cordless fixed phone,Adaptiope/product_images/cordless fixed phone/cordless fixed phone_092.jpg,cordless fixed phone_092.jpg,45636,b501ecd998d815258359145820c8a648a60a1fad24f33f0f709372efb81bc307
product_images,cordless fixed phone,Adaptiope/product_images/cordless fixed phone/cordless fixed phone_098.jpg,cordless fixed phone_098.jpg,32744,f5abe25f2a6096ba56921a8e4bac953c5cc57d41cc6e030c248eff5cedba9c7e
product_images,cordless fixed phone,Adaptiope/product_images/cordless fixed phone/cordless fixed phone_027.jpg,cordless fixed phone_027.jpg,182324,efdcd94f2cf4b7a3a281aae888404ad52f3904325d116377833fc923bb4f7a34
product_images,cordless fixed phone,Adaptiope/product_images/cordless fixed phone/cordless fixed phone_059.jpg,cordless fixed phone_059.jpg,26680,8634213ac2eb42694c674fb2046ca80b5cd2588801e4cee08e95c7a74b61683f
product_images,cordless fixed phone,Adaptiope/product_images/cordless fixed phone/cordless fixed phone_079.jpg,cordless fixed phone_079.jpg,61744,289af5043de40302fb279ca6d114663799d5439f7086e8dce0ea44d76acd63fe
product_images,cordless fixed phone,Adaptiope/product_images/cordless fixed phone/cordless fixed phone_009.jpg,cordless fixed phone_009.jpg,203132,c92a8301793b89ec940d3d2e48b5168a2c3628c2238397ab840255f243237d79
product_images,cordless fixed phone,Adaptiope/product_images/cordless fixed phone/cordless fixed phone_088.jpg,cordless fixed phone_088.jpg,71008,e5d391e79ebc95be718c415d45cf4c327e2a53f33a4c9ca8f18a8a92afedffac
product_images,cordless fixed phone,Adaptiope/product_images/cordless fixed phone/cordless fixed phone_022.jpg,cordless fixed phone_022.jpg,44202,a45c2886ce78bb70e8b86154114cb1143fc467c094a36a569f724e93b3448efd
product_images,cordless fixed phone,Adaptiope/product_images/cordless fixed phone/cordless fixed phone_048.jpg,cordless fixed phone_048.jpg,25523,ca417857828f39d3afd1c081b6596229b0833d6e7f1bd809d7738dfb85b2b440
product_images,cordless fixed phone,Adaptiope/product_images/cordless fixed phone/cordless fixed phone_075.jpg,cordless fixed phone_075.jpg,87099,ed536d15d49cd62d5620dab74725b4d3abf5bcda5a84a3a35184ff571190b914
product_images,cordless fixed phone,Adaptiope/product_images/cordless fixed phone/cordless fixed phone_069.jpg,cordless fixed phone_069.jpg,34573,828c8781953c606119672117454d2dc6fcdb65f5ecf509d879df3c6fe1df73e9
product_images,cordless fixed phone,Adaptiope/product_images/cordless fixed phone/cordless fixed phone_068.jpg,cordless fixed phone_068.jpg,118442,ae9338c59d2db6b9a68a34038de379241b4db0c0bb32d11e8a7d32603c918df0
product_images,cordless fixed phone,Adaptiope/product_images/cordless fixed phone/cordless fixed phone_097.jpg,cordless fixed phone_097.jpg,90548,25d0b2ae3503ad3b87982e91933241041b9bf4a2cca5ff866041aa31a1da4a63
product_images,cordless fixed phone,Adaptiope/product_images/cordless fixed phone/cordless fixed phone_006.jpg,cordless fixed phone_006.jpg,41846,b4be9d0adfcc8b11208edb853b64f299cddd3ecd781c89377c3aa7a978099333
product_images,cordless fixed phone,Adaptiope/product_images/cordless fixed phone/cordless fixed phone_095.jpg,cordless fixed phone_095.jpg,47487,0a261621b8865a4f9668771c877d7342caf61894476ed5ad724145b4efd13bc3
product_images,cordless fixed phone,Adaptiope/product_images/cordless fixed phone/cordless fixed phone_037.jpg,cordless fixed phone_037.jpg,124561,feab92b7759dad32bac078fd49d623852764bf0efbbff80f892f56298dd0305d
product_images,cordless fixed phone,Adaptiope/product_images/cordless fixed phone/cordless fixed phone_080.jpg,cordless fixed phone_080.jpg,51891,36b5ac06c63f3d67ef232f0e7c8ca303a8df03a6e2aac138db35e1f5d930abde
product_images,cordless fixed phone,Adaptiope/product_images/cordless fixed phone/cordless fixed phone_090.jpg,cordless fixed phone_090.jpg,27866,0f3184aa662a123f481e8f79d224bf81ac6a3edf6ad7c9b8ce8af130ae632e06
product_images,cordless fixed phone,Adaptiope/product_images/cordless fixed phone/cordless fixed phone_034.jpg,cordless fixed phone_034.jpg,175769,42f3d5d0957d0bab625310535907cb4b12d9e7576744b4a068c082ade7577dcf
product_images,cordless fixed phone,Adaptiope/product_images/cordless fixed phone/cordless fixed phone_047.jpg,cordless fixed phone_047.jpg,71414,72d7998a1eab25d95c2ac3cbab5cf89262ba92b010ebb94ff64d4b2f4fd66ccc
product_images,cordless fixed phone,Adaptiope/product_images/cordless fixed phone/cordless fixed phone_035.jpg,cordless fixed phone_035.jpg,54077,e029bf5a1be8c08e0a4c3526ed414f8e5d02c38340d0d588a9c8787b513e9764
product_images,cordless fixed phone,Adaptiope/product_images/cordless fixed phone/cordless fixed phone_073.jpg,cordless fixed phone_073.jpg,146419,6599f8b185bd329b8d000bc9a34d01b3c1f7933d4e8d328bca877c1674ffce67
product_images,cordless fixed phone,Adaptiope/product_images/cordless fixed phone/cordless fixed phone_040.jpg,cordless fixed phone_040.jpg,15753,0e64167fd48b639406a5cb757dd2bde189bbb00ac74f899daed9c552d848d9e7
product_images,hard-wired fixed phone,Adaptiope/product_images/hard-wired fixed phone/hard-wired fixed phone_008.jpg,hard-wired fixed phone_008.jpg,131757,b0de64f60e8e05bf9447b898938ea721a689e2bae73dc4cde77aa91acafe22ff
product_images,hard-wired fixed phone,Adaptiope/product_images/hard-wired fixed phone/hard-wired fixed phone_016.jpg,hard-wired fixed phone_016.jpg,46430,c44d538027fe936681a72f5835eb6cf8104d994cbd252b2ae77618d2f65d37ec
product_images,hard-wired fixed phone,Adaptiope/product_images/hard-wired fixed phone/hard-wired fixed phone_023.jpg,hard-wired fixed phone_023.jpg,37286,75a156e5e2e5835faf86bfbfdebb8190c26b68c7e93c06bdc7b3cef681e969b1
product_images,hard-wired fixed phone,Adaptiope/product_images/hard-wired fixed phone/hard-wired fixed phone_070.jpg,hard-wired fixed phone_070.jpg,88362,a1513520bc789ad98999bf3d248e507b5e1a7291bb5c8fefe7036e7f537612d1
product_images,hard-wired fixed phone,Adaptiope/product_images/hard-wired fixed phone/hard-wired fixed phone_073.jpg,hard-wired fixed phone_073.jpg,94525,83210d1f8612c589fa3432d4dcec0513a1a4877423fb96db66002f279af6ff00
product_images,hard-wired fixed phone,Adaptiope/product_images/hard-wired fixed phone/hard-wired fixed phone_056.jpg,hard-wired fixed phone_056.jpg,57348,b2c7b0df6c1ca50a577cac7995832126c4ad848d72dd11f91d05ec263ebe55d2
product_images,hard-wired fixed phone,Adaptiope/product_images/hard-wired fixed phone/hard-wired fixed phone_065.jpg,hard-wired fixed phone_065.jpg,104228,62f2e81301fa4dac3efcbe6c4fce30091cccc7b8b7f8684d3099c2f7165ee699
product_images,hard-wired fixed phone,Adaptiope/product_images/hard-wired fixed phone/hard-wired fixed phone_010.jpg,hard-wired fixed phone_010.jpg,29522,706b6fb5071b2ea5f325500202bd55768b3ea535f7c73c4752d875e033a564f4
product_images,hard-wired fixed phone,Adaptiope/product_images/hard-wired fixed phone/hard-wired fixed phone_002.jpg,hard-wired fixed phone_002.jpg,189678,e212a459be0d93312e24cfd69a7f70bdd3c444b0ba077740477b95d47d6ec0f0
product_images,hard-wired fixed phone,Adaptiope/product_images/hard-wired fixed phone/hard-wired fixed phone_038.jpg,hard-wired fixed phone_038.jpg,117821,28c3ebf020bb5f07d1215f76eacdeff0d147fac0180d6d17386aa304cc09f519
product_images,hard-wired fixed phone,Adaptiope/product_images/hard-wired fixed phone/hard-wired fixed phone_066.jpg,hard-wired fixed phone_066.jpg,46121,286c0e0c2d2f93cb5c1dcdd337bd95c71448a25a32c36cc0c1492fccb113da2c
product_images,hard-wired fixed phone,Adaptiope/product_images/hard-wired fixed phone/hard-wired fixed phone_068.jpg,hard-wired fixed phone_068.jpg,32953,c2614c7f5d95d5b2c56741a1dab38c27731239891580d9e283014bed681f7ac1
product_images,hard-wired fixed phone,Adaptiope/product_images/hard-wired fixed phone/hard-wired fixed phone_017.jpg,hard-wired fixed phone_017.jpg,20262,e4a8afc07aa89949e768f126e97f6301afa94256117453a37774be6107e5f327
product_images,hard-wired fixed phone,Adaptiope/product_images/hard-wired fixed phone/hard-wired fixed phone_093.jpg,hard-wired fixed phone_093.jpg,167830,dd5d354fb6215bb941c11d5c4613e87770a176697295670097e3d6d77fc4378b
product_images,hard-wired fixed phone,Adaptiope/product_images/hard-wired fixed phone/hard-wired fixed phone_094.jpg,hard-wired fixed phone_094.jpg,38768,ded11dc07e24193b9428fa51207c0e50fe802ddb8ec3b5ec5fedb939703352e5
product_images,hard-wired fixed phone,Adaptiope/product_images/hard-wired fixed phone/hard-wired fixed phone_095.jpg,hard-wired fixed phone_095.jpg,155126,c57a39da4ca3451eb79d920b8147029ce985181a31af9456b8b4522c38333774
product_images,hard-wired fixed phone,Adaptiope/product_images/hard-wired fixed phone/hard-wired fixed phone_000.jpg,hard-wired fixed phone_000.jpg,75342,d706731754209009329bcdf740e0bcab00edfab245d9faac58fbb15a74bf681e
product_images,hard-wired fixed phone,Adaptiope/product_images/hard-wired fixed phone/hard-wired fixed phone_036.jpg,hard-wired fixed phone_036.jpg,13831,e84916db125e5aaf7f0e59d9d53b38b942f300fe1f083174ac04005c6af99a43
product_images,hard-wired fixed phone,Adaptiope/product_images/hard-wired fixed phone/hard-wired fixed phone_039.jpg,hard-wired fixed phone_039.jpg,142721,619c3da46595934a2b21afa9b552723d77c2d2bb9c5b15c0929502cdfbaf5ba7
product_images,hard-wired fixed phone,Adaptiope/product_images/hard-wired fixed phone/hard-wired fixed phone_058.jpg,hard-wired fixed phone_058.jpg,34144,1ba90215bf5f0b5860983079daad623c660ec5f0af5dd3036f2e7e3aadf7fe42
product_images,hard-wired fixed phone,Adaptiope/product_images/hard-wired fixed phone/hard-wired fixed phone_086.jpg,hard-wired fixed phone_086.jpg,76199,e45d872f6c2c0094334f18ec54fc77fd645d5187e4ef3fe395b32b205d27f802
product_images,hard-wired fixed phone,Adaptiope/product_images/hard-wired fixed phone/hard-wired fixed phone_031.jpg,hard-wired fixed phone_031.jpg,12806,c7d1e70bf6cc036f567f4abb6e431ec0e25ece390c2853352da978a0cde84680
product_images,hard-wired fixed phone,Adaptiope/product_images/hard-wired fixed phone/hard-wired fixed phone_080.jpg,hard-wired fixed phone_080.jpg,171879,3f8432d0c7472e5f1ae5726df2f90992b6ae8e1af62db065f942f69454b9216f
product_images,hard-wired fixed phone,Adaptiope/product_images/hard-wired fixed phone/hard-wired fixed phone_034.jpg,hard-wired fixed phone_034.jpg,137998,0350920223520466614d6e3552096e33359b13c9480b9ba21a32ed2c77a1f214
product_images,hard-wired fixed phone,Adaptiope/product_images/hard-wired fixed phone/hard-wired fixed phone_053.jpg,hard-wired fixed phone_053.jpg,29777,c1bb83d0c0ca537c14e940ebd5abb7a1f75f57b9cfbaf30b56e0e89e9f95076a
product_images,hard-wired fixed phone,Adaptiope/product_images/hard-wired fixed phone/hard-wired fixed phone_061.jpg,hard-wired fixed phone_061.jpg,41291,b46f0a9951ec22e8046c8c31becc3783a70473cc6a0a1c841e9e1207235cc089
product_images,hard-wired fixed phone,Adaptiope/product_images/hard-wired fixed phone/hard-wired fixed phone_011.jpg,hard-wired fixed phone_011.jpg,96331,1c33d3ab562cb4bc20849b6af6be38445929e78e0de26542cf6a5c8a847ef186
product_images,hard-wired fixed phone,Adaptiope/product_images/hard-wired fixed phone/hard-wired fixed phone_054.jpg,hard-wired fixed phone_054.jpg,39645,4fed1121cd76d29341e7d6623968c68053d835cd155751a42d7f437609fc58d6
product_images,hard-wired fixed phone,Adaptiope/product_images/hard-wired fixed phone/hard-wired fixed phone_013.jpg,hard-wired fixed phone_013.jpg,61341,e6efed0054daf35384165a67e71857c159aa9b24e6ae4d581e900ab6fe6ff7a2
product_images,hard-wired fixed phone,Adaptiope/product_images/hard-wired fixed phone/hard-wired fixed phone_083.jpg,hard-wired fixed phone_083.jpg,49806,f9667073e7383233bc6d773c9817ef444ea3d39b7c43e8d083b088010fb39346
product_images,hard-wired fixed phone,Adaptiope/product_images/hard-wired fixed phone/hard-wired fixed phone_022.jpg,hard-wired fixed phone_022.jpg,226071,f818bd0c991253754651d6b0e06261cc6982db10f3faa974a32a45ce92e8be00
product_images,hard-wired fixed phone,Adaptiope/product_images/hard-wired fixed phone/hard-wired fixed phone_096.jpg,hard-wired fixed phone_096.jpg,276643,b98c2a0012605c7c9ea0f8942d84233dda926aabfd6149d71aa05f871b356141
product_images,hard-wired fixed phone,Adaptiope/product_images/hard-wired fixed phone/hard-wired fixed phone_062.jpg,hard-wired fixed phone_062.jpg,55889,0e5252a0d8efe363430f607cbe6689717818f9c4ccb0a13fadbebfafd6ddd563
product_images,hard-wired fixed phone,Adaptiope/product_images/hard-wired fixed phone/hard-wired fixed phone_021.jpg,hard-wired fixed phone_021.jpg,242249,928409fdf63ec01f6079edc42b085e52d1fff8ff82cd71f12f5fde6758e06119
product_images,hard-wired fixed phone,Adaptiope/product_images/hard-wired fixed phone/hard-wired fixed phone_005.jpg,hard-wired fixed phone_005.jpg,48267,9fda01741a4264f0161a429fa4b8e2585dc848b6643f11623c4b702abee072cd
product_images,hard-wired fixed phone,Adaptiope/product_images/hard-wired fixed phone/hard-wired fixed phone_055.jpg,hard-wired fixed phone_055.jpg,79212,f36202bba6e34566ceefc85cb8a19edf597c8cf38c1d7a8d23d9e85405446848
product_images,hard-wired fixed phone,Adaptiope/product_images/hard-wired fixed phone/hard-wired fixed phone_001.jpg,hard-wired fixed phone_001.jpg,65815,24c776200a086824a7d52aa502c9a4f792b220c38f2ce5a78e3a388f38323b10
product_images,hard-wired fixed phone,Adaptiope/product_images/hard-wired fixed phone/hard-wired fixed phone_081.jpg,hard-wired fixed phone_081.jpg,120308,d0d834b611ba642743916c092d8f949e59336e52e5b1a28a56e5360867df895c
product_images,hard-wired fixed phone,Adaptiope/product_images/hard-wired fixed phone/hard-wired fixed phone_026.jpg,hard-wired fixed phone_026.jpg,135620,7a6c69d2c74aeb872c7ab6d96637590bd878df444d6705a4ea395f20d0d1fef7
product_images,hard-wired fixed phone,Adaptiope/product_images/hard-wired fixed phone/hard-wired fixed phone_074.jpg,hard-wired fixed phone_074.jpg,63419,c63b38cdfcecbd59ace0195aec1e5ac3f107e7419d543905b0311c0fb4a3775f
product_images,hard-wired fixed phone,Adaptiope/product_images/hard-wired fixed phone/hard-wired fixed phone_069.jpg,hard-wired fixed phone_069.jpg,29879,d5d326d8235af8cb7738235994648df8dfa3b7bddb3b0a1cf5f39f3afce414f5
product_images,hard-wired fixed phone,Adaptiope/product_images/hard-wired fixed phone/hard-wired fixed phone_060.jpg,hard-wired fixed phone_060.jpg,53524,a7ef43f7bccce3696321d0f3517c8e5a48355e66b999efc8ddaeebb779dbd37f
product_images,hard-wired fixed phone,Adaptiope/product_images/hard-wired fixed phone/hard-wired fixed phone_044.jpg,hard-wired fixed phone_044.jpg,168546,0cb9cec0c77228d0c13e1c3590c981e88bcd55d4373a2df5cc442f9d91161aa7
product_images,hard-wired fixed phone,Adaptiope/product_images/hard-wired fixed phone/hard-wired fixed phone_091.jpg,hard-wired fixed phone_091.jpg,119312,3f19ad59d829325a002f62f3e6eb4b018c63a5e5f6627040d5e4371c83d98934
product_images,hard-wired fixed phone,Adaptiope/product_images/hard-wired fixed phone/hard-wired fixed phone_012.jpg,hard-wired fixed phone_012.jpg,68367,c2e5350de7fb59cfa5ed6fd342b3696aa0254608a2fafc1001c9da15cb16d6a6
product_images,hard-wired fixed phone,Adaptiope/product_images/hard-wired fixed phone/hard-wired fixed phone_098.jpg,hard-wired fixed phone_098.jpg,22894,9c9cd11766dcc026370432675147568d5704b19cc17335391e936df4706558c0
product_images,hard-wired fixed phone,Adaptiope/product_images/hard-wired fixed phone/hard-wired fixed phone_045.jpg,hard-wired fixed phone_045.jpg,194912,d2572ba84c531d68862569658819fd69836f087e417ba59a954bb63af6d0f14f
product_images,hard-wired fixed phone,Adaptiope/product_images/hard-wired fixed phone/hard-wired fixed phone_037.jpg,hard-wired fixed phone_037.jpg,111448,82012074919bee979ba6b038d0354e9341ebd301715cc06bf2922b7e9300a201
product_images,hard-wired fixed phone,Adaptiope/product_images/hard-wired fixed phone/hard-wired fixed phone_033.jpg,hard-wired fixed phone_033.jpg,74956,175574060d7464d0b38611a1bd75a3d58f5940cdd86ecb87762ccb183ab559e3
product_images,hard-wired fixed phone,Adaptiope/product_images/hard-wired fixed phone/hard-wired fixed phone_040.jpg,hard-wired fixed phone_040.jpg,93830,94d68cd85b4dacc33fffe3c1e4002ba909f68b7c6a8df1881232b7a6bb211794
product_images,hard-wired fixed phone,Adaptiope/product_images/hard-wired fixed phone/hard-wired fixed phone_024.jpg,hard-wired fixed phone_024.jpg,48891,797d478ea9c3db353108e7505b112479821c66ecf668fca26bd36bed7cec84eb
product_images,hard-wired fixed phone,Adaptiope/product_images/hard-wired fixed phone/hard-wired fixed phone_032.jpg,hard-wired fixed phone_032.jpg,67220,d9eed1bb8357380828be3d2d7f5241c7ffb7f4741dbe52b6bf0a54246575f865
product_images,hard-wired fixed phone,Adaptiope/product_images/hard-wired fixed phone/hard-wired fixed phone_015.jpg,hard-wired fixed phone_015.jpg,39917,a758d20cae8b80f5ab7997a2e6f936f556a88a57510da7603ccb3ad6e9d27c8b
product_images,hard-wired fixed phone,Adaptiope/product_images/hard-wired fixed phone/hard-wired fixed phone_041.jpg,hard-wired fixed phone_041.jpg,175818,970a131b9053dab0375fe2b6f9f23ded825f3909fe6eba02c40b0d2ed386b767
product_images,hard-wired fixed phone,Adaptiope/product_images/hard-wired fixed phone/hard-wired fixed phone_028.jpg,hard-wired fixed phone_028.jpg,76871,36a84052882b0bc15439257a35c9880900cb59def3f2716d3a839ca4a6592f37
product_images,hard-wired fixed phone,Adaptiope/product_images/hard-wired fixed phone/hard-wired fixed phone_007.jpg,hard-wired fixed phone_007.jpg,129677,1540d1a120a3a8921671ae32d57c59a483cba33b73b73559fda879d910c6b248
product_images,hard-wired fixed phone,Adaptiope/product_images/hard-wired fixed phone/hard-wired fixed phone_076.jpg,hard-wired fixed phone_076.jpg,47337,4a7128a1fa4578ee326056c7f0c1edc8b08c75fa0432bdd10f62004ba2ec3648
product_images,hard-wired fixed phone,Adaptiope/product_images/hard-wired fixed phone/hard-wired fixed phone_075.jpg,hard-wired fixed phone_075.jpg,107668,5b3476fd8d9f660b48c43f309e1ecbd9e641cbe55e1b88d8bd5231bc62da2211
product_images,hard-wired fixed phone,Adaptiope/product_images/hard-wired fixed phone/hard-wired fixed phone_046.jpg,hard-wired fixed phone_046.jpg,77735,0cbc5ca1cdfc90f00ff411d9c8c9e3a0b885117e3b5ae0a57a8f813d1967b59c
product_images,hard-wired fixed phone,Adaptiope/product_images/hard-wired fixed phone/hard-wired fixed phone_019.jpg,hard-wired fixed phone_019.jpg,41461,35d7d50635bc4b683c25efeb3d8ea176115c279a4b520ea03f24cb6517422bea
product_images,hard-wired fixed phone,Adaptiope/product_images/hard-wired fixed phone/hard-wired fixed phone_082.jpg,hard-wired fixed phone_082.jpg,60635,dafa5f18a4f1eccd5d93f07e2164be365757fc377effadc3099671cca6aba05a
product_images,hard-wired fixed phone,Adaptiope/product_images/hard-wired fixed phone/hard-wired fixed phone_099.jpg,hard-wired fixed phone_099.jpg,19024,057887f895382a66a4dc4ecff32099dda4e6b3f37d484e58766907ec66bd2f33
product_images,hard-wired fixed phone,Adaptiope/product_images/hard-wired fixed phone/hard-wired fixed phone_030.jpg,hard-wired fixed phone_030.jpg,40794,7dfa523e90b5ae064a7bcb0448576cd6fedad4d5b70f3a3370b2413044c2e745
product_images,hard-wired fixed phone,Adaptiope/product_images/hard-wired fixed phone/hard-wired fixed phone_067.jpg,hard-wired fixed phone_067.jpg,38030,4ae27b54904b9e418556beda83fdb597321db9bcba102a1765b8f1b2d3db2b68
product_images,hard-wired fixed phone,Adaptiope/product_images/hard-wired fixed phone/hard-wired fixed phone_027.jpg,hard-wired fixed phone_027.jpg,177622,ff7943183d72e96b072a5de2b658a75ef41e213aacc6c2892fd096c1bb088b91
product_images,hard-wired fixed phone,Adaptiope/product_images/hard-wired fixed phone/hard-wired fixed phone_059.jpg,hard-wired fixed phone_059.jpg,110000,0c47e54d3f7fe6261a4a2c481047b22e4175868c9b0dbbd5e667e6dd4e53819b
product_images,hard-wired fixed phone,Adaptiope/product_images/hard-wired fixed phone/hard-wired fixed phone_048.jpg,hard-wired fixed phone_048.jpg,34023,8d8f6198b1a2aa93af01858fdd359adb258edc9001f0cd6477ccf24086ae15ec
product_images,hard-wired fixed phone,Adaptiope/product_images/hard-wired fixed phone/hard-wired fixed phone_092.jpg,hard-wired fixed phone_092.jpg,18687,c3adffeaf81937ca56319cd3e7c061bd623ee8ba4f5d2a1a2cc000209a47990c
product_images,hard-wired fixed phone,Adaptiope/product_images/hard-wired fixed phone/hard-wired fixed phone_052.jpg,hard-wired fixed phone_052.jpg,124381,19749b3b2237c3b4dc0341b03630ed4ef35d9998f32efc6f426637ab0b8cfcba
product_images,hard-wired fixed phone,Adaptiope/product_images/hard-wired fixed phone/hard-wired fixed phone_063.jpg,hard-wired fixed phone_063.jpg,90928,d0bdd0b1ddfbefea23a33faa44b05f7b47233793e37c2ffbe59126b1e4982e01
product_images,hard-wired fixed phone,Adaptiope/product_images/hard-wired fixed phone/hard-wired fixed phone_097.jpg,hard-wired fixed phone_097.jpg,23550,0a9ecfe371353434988fc4e2da68cb6782e39c3d33b97ef85bbdcf79ca225aca
product_images,hard-wired fixed phone,Adaptiope/product_images/hard-wired fixed phone/hard-wired fixed phone_050.jpg,hard-wired fixed phone_050.jpg,73979,ede17db20461e8c0d075faff1957b87cbd46dbb2e035a1e6eb477b1f417fb46a
product_images,hard-wired fixed phone,Adaptiope/product_images/hard-wired fixed phone/hard-wired fixed phone_072.jpg,hard-wired fixed phone_072.jpg,105757,1310fe7778ac56626486532e10d81775e34a5f761a7d5143cfef1a9fbc22b8c3
product_images,hard-wired fixed phone,Adaptiope/product_images/hard-wired fixed phone/hard-wired fixed phone_078.jpg,hard-wired fixed phone_078.jpg,71391,00e943bcd2124cadf93e9b0142d82f92266e174ec4721d5178389479cbbeb525
product_images,hard-wired fixed phone,Adaptiope/product_images/hard-wired fixed phone/hard-wired fixed phone_047.jpg,hard-wired fixed phone_047.jpg,43283,0c8e93b34cdba822949d4b319475c945846dd0cc8cc0d1e3b178591aacfe120e
product_images,hard-wired fixed phone,Adaptiope/product_images/hard-wired fixed phone/hard-wired fixed phone_090.jpg,hard-wired fixed phone_090.jpg,42448,780ec5e990526d90d67df6bf6ba35a097b4a4fe809221cf1166e3c5075ace28c
product_images,hard-wired fixed phone,Adaptiope/product_images/hard-wired fixed phone/hard-wired fixed phone_084.jpg,hard-wired fixed phone_084.jpg,51636,3a85a4489173d5a58dc6ee432114b574ade4e129850067b8504c15a8bbfffdcc
product_images,hard-wired fixed phone,Adaptiope/product_images/hard-wired fixed phone/hard-wired fixed phone_003.jpg,hard-wired fixed phone_003.jpg,106087,78a7aeddb85e506de928ee7f9596eaf9a88cf5ceae6eb7fa574997200dfc835c
product_images,hard-wired fixed phone,Adaptiope/product_images/hard-wired fixed phone/hard-wired fixed phone_009.jpg,hard-wired fixed phone_009.jpg,48062,ae768da811d9254a6ec26bd9df16d050eafbc93e5edd84c6d6b84c688d5c529c
product_images,hard-wired fixed phone,Adaptiope/product_images/hard-wired fixed phone/hard-wired fixed phone_089.jpg,hard-wired fixed phone_089.jpg,74560,21fc2401514979c7560fb25a38d1406a86c5e6f5b8f593f4f91cd09825bcbb4e
product_images,hard-wired fixed phone,Adaptiope/product_images/hard-wired fixed phone/hard-wired fixed phone_029.jpg,hard-wired fixed phone_029.jpg,139379,7b3bb83a444b7e70276cd31d1de049833b70b1075e6dd33264ad4985678c9912
product_images,hard-wired fixed phone,Adaptiope/product_images/hard-wired fixed phone/hard-wired fixed phone_014.jpg,hard-wired fixed phone_014.jpg,65157,b41392c5ac8994e1084f0f9c2d485356c26c1c9e36d2ba1369d81faa7804a738
product_images,hard-wired fixed phone,Adaptiope/product_images/hard-wired fixed phone/hard-wired fixed phone_049.jpg,hard-wired fixed phone_049.jpg,43969,9fe0ac97f182b65a67bec5eff04a1f52d41c6287dbf2bf76eb313193ed79df44
product_images,hard-wired fixed phone,Adaptiope/product_images/hard-wired fixed phone/hard-wired fixed phone_079.jpg,hard-wired fixed phone_079.jpg,53037,0c7cc107fc5fc5ed047330c0e5a4a4efe9ba0f635d537f217c53ee7c2c98c6a9
product_images,hard-wired fixed phone,Adaptiope/product_images/hard-wired fixed phone/hard-wired fixed phone_042.jpg,hard-wired fixed phone_042.jpg,40676,c8b6171bb6c9e682694103b5b012fc403925e426617bae49df6dcc28373430ac
product_images,hard-wired fixed phone,Adaptiope/product_images/hard-wired fixed phone/hard-wired fixed phone_035.jpg,hard-wired fixed phone_035.jpg,185444,347785886cda70cfffd6e9065316388aed25a07e40a4f7e3f47163a25a3e9a14
product_images,hard-wired fixed phone,Adaptiope/product_images/hard-wired fixed phone/hard-wired fixed phone_025.jpg,hard-wired fixed phone_025.jpg,212205,35892c0ad1daaddc8e64250ae0866c55f2b7e3448233da03b972ff319a5c7e94
product_images,hard-wired fixed phone,Adaptiope/product_images/hard-wired fixed phone/hard-wired fixed phone_051.jpg,hard-wired fixed phone_051.jpg,41452,fa7fb92e1308c775d6fba5b9a794b9c8f0e3747c23bfcf541da0d965f37d3cfe
product_images,hard-wired fixed phone,Adaptiope/product_images/hard-wired fixed phone/hard-wired fixed phone_087.jpg,hard-wired fixed phone_087.jpg,35520,08cbdb0780212ba0fb0202577250ba4bd40f33368377b16eed7a71a50490b9e2
product_images,hard-wired fixed phone,Adaptiope/product_images/hard-wired fixed phone/hard-wired fixed phone_018.jpg,hard-wired fixed phone_018.jpg,88742,fdcd2c364f14d8d1ed263cc527be485ebe8f05bc2a5b035e6517003b2ed290b9
product_images,hard-wired fixed phone,Adaptiope/product_images/hard-wired fixed phone/hard-wired fixed phone_071.jpg,hard-wired fixed phone_071.jpg,120866,8376f2eeef28903760ea3b64fad2c41260583a0a8f19bdc51236d907a4f8685c
product_images,hard-wired fixed phone,Adaptiope/product_images/hard-wired fixed phone/hard-wired fixed phone_006.jpg,hard-wired fixed phone_006.jpg,96923,3d1ea002ca0688b584be3102623389a5cc3495b59b047f04a2964c536a78e4f1
product_images,hard-wired fixed phone,Adaptiope/product_images/hard-wired fixed phone/hard-wired fixed phone_077.jpg,hard-wired fixed phone_077.jpg,18629,a4afb3d7ccf5eba08c9693318ecc473d19cc1a5da53849cd868633e0a7ebe62a
product_images,hard-wired fixed phone,Adaptiope/product_images/hard-wired fixed phone/hard-wired fixed phone_085.jpg,hard-wired fixed phone_085.jpg,25894,2baa8242cafc7926f7ca6ffb5ebfc9fa8487e6146ab7739c50d5c8efd22ac30a
product_images,hard-wired fixed phone,Adaptiope/product_images/hard-wired fixed phone/hard-wired fixed phone_004.jpg,hard-wired fixed phone_004.jpg,144891,d905e119eac7eff2126559b0d10bca36ae3b4e6772b153ee82453c09bf472ca4
product_images,hard-wired fixed phone,Adaptiope/product_images/hard-wired fixed phone/hard-wired fixed phone_064.jpg,hard-wired fixed phone_064.jpg,172502,28741885fc47c0adddcbf8b837061bfa3f893f8643eb749f91881c9058801e51
product_images,hard-wired fixed phone,Adaptiope/product_images/hard-wired fixed phone/hard-wired fixed phone_043.jpg,hard-wired fixed phone_043.jpg,87393,dbc578375f292556cbc8604cb69f414c8ab64df005c968326d71e7fe25f48ecd
product_images,hard-wired fixed phone,Adaptiope/product_images/hard-wired fixed phone/hard-wired fixed phone_088.jpg,hard-wired fixed phone_088.jpg,103040,19764a79c14fd7d523291881a5f4d7aa89225198c2321575955fe7ad7bdfba8e
product_images,hard-wired fixed phone,Adaptiope/product_images/hard-wired fixed phone/hard-wired fixed phone_057.jpg,hard-wired fixed phone_057.jpg,121816,8fe09f21c83fd02112227de949a6275509be03fa81790fa572627946fea67ed5
product_images,hard-wired fixed phone,Adaptiope/product_images/hard-wired fixed phone/hard-wired fixed phone_020.jpg,hard-wired fixed phone_020.jpg,55370,2e0100aa12fda30afe2ea0549739711ea48afc41f9b9e1f6bf877c18d79bd8f1
product_images,computer mouse,Adaptiope/product_images/computer mouse/computer mouse_062.jpg,computer mouse_062.jpg,99044,806196a8a8393abe1ed8627e7dcebdc05dd145358419653f0ae979a32ac35180
product_images,computer mouse,Adaptiope/product_images/computer mouse/computer mouse_074.jpg,computer mouse_074.jpg,56742,a39d0d5e04e6cd6eebed37dcb600f706d1eb320aa01fc39ff3a4472b92804ea0
product_images,computer mouse,Adaptiope/product_images/computer mouse/computer mouse_094.jpg,computer mouse_094.jpg,69792,39bbbdfe7bfaec06fe23de97104082d13a46f9cc3c513987f558fe157dd512fe
product_images,computer mouse,Adaptiope/product_images/computer mouse/computer mouse_084.jpg,computer mouse_084.jpg,76496,49c0da1c1c652e21c34f48375ffe1b88b841ec9332bfb99ee88e774662bf0867
product_images,computer mouse,Adaptiope/product_images/computer mouse/computer mouse_020.jpg,computer mouse_020.jpg,58066,8030e867a351dd29ba968d6880dbfa2f30dac56d693e0b0ff84a6d4ae351680b
product_images,computer mouse,Adaptiope/product_images/computer mouse/computer mouse_019.jpg,computer mouse_019.jpg,60037,8cf323d27f1b8c177914e3f7768f33837bf629b3a2fb21fe742673db6840b335
product_images,computer mouse,Adaptiope/product_images/computer mouse/computer mouse_004.jpg,computer mouse_004.jpg,36415,166775b5a3161273e50a36a260b5bcf21273417555b2df391f388d3eafd0a10a
product_images,computer mouse,Adaptiope/product_images/computer mouse/computer mouse_057.jpg,computer mouse_057.jpg,97628,744c09705326e9996edbaed7c38036a752819c28fc3120103c6a767626d352c1
product_images,computer mouse,Adaptiope/product_images/computer mouse/computer mouse_072.jpg,computer mouse_072.jpg,149089,50617daa34e13b6fc8da24e1168bf034b888190994bb55be497fa42708456ca6
product_images,computer mouse,Adaptiope/product_images/computer mouse/computer mouse_085.jpg,computer mouse_085.jpg,84207,545cb41a3c8691ac439441cfac0df2d62c695ced4be313cd7b48c1cedd0347b7
product_images,computer mouse,Adaptiope/product_images/computer mouse/computer mouse_021.jpg,computer mouse_021.jpg,95340,a694bb20c06af539b2f0fad2c9113340cfb1d25806014561baadf664ec2a53f7
product_images,computer mouse,Adaptiope/product_images/computer mouse/computer mouse_041.jpg,computer mouse_041.jpg,57772,2faca615a66afae513f2416ba792f227904bac2d34e4fa79b6aa743dd5a7baae
product_images,computer mouse,Adaptiope/product_images/computer mouse/computer mouse_007.jpg,computer mouse_007.jpg,119668,d872703cb7329f044555f839985e2f7c9346a4b12cb1a41b7b50cdcc53c9a2de
product_images,computer mouse,Adaptiope/product_images/computer mouse/computer mouse_047.jpg,computer mouse_047.jpg,23229,b7c276a288dfbc223a573e8b702da69c95f598586f11763b93f3f9ee410d6181
product_images,computer mouse,Adaptiope/product_images/computer mouse/computer mouse_032.jpg,computer mouse_032.jpg,20527,3c6d26c3aa11b14b24c2ae854a045a32ea7ed090f4bf59396a9ae3d47d5d555e
product_images,computer mouse,Adaptiope/product_images/computer mouse/computer mouse_069.jpg,computer mouse_069.jpg,63738,d7edc3a6c4d5706420bbcb400401ecfb920d7f2f766cf497eaf35c4faead1ddf
product_images,computer mouse,Adaptiope/product_images/computer mouse/computer mouse_028.jpg,computer mouse_028.jpg,58755,13cbb9ea87fa7d0e7f09e06794e3e437a4fa22d2ead567bf902115b946b7cbc6
product_images,computer mouse,Adaptiope/product_images/computer mouse/computer mouse_060.jpg,computer mouse_060.jpg,89754,e33972a17a97df897c73a93e10dc09dffa4c3d3734cc2699ee5457c1528e34b1
product_images,computer mouse,Adaptiope/product_images/computer mouse/computer mouse_063.jpg,computer mouse_063.jpg,102487,624b61c90d43526519f8bd4c4df05c60f66b79e2a831dec5292300c106672e44
product_images,computer mouse,Adaptiope/product_images/computer mouse/computer mouse_066.jpg,computer mouse_066.jpg,44812,bae477e3251c28ab33cdedaa8981f8873f05353f1de011703218677b536253ce
product_images,computer mouse,Adaptiope/product_images/computer mouse/computer mouse_067.jpg,computer mouse_067.jpg,107328,cdd3d90e3c4534b9e7535f6f9de314a6608de7be13123e3f6a5b39422fb8c5e5
product_images,computer mouse,Adaptiope/product_images/computer mouse/computer mouse_064.jpg,computer mouse_064.jpg,160232,422938d37387b2d161443e939ebd7ca9c7d4de460ed121e3cc0cc4988b29d3ae
product_images,computer mouse,Adaptiope/product_images/computer mouse/computer mouse_089.jpg,computer mouse_089.jpg,91555,969ae8ff51971c67e1fc361c9dcd46342b8f6bfde83fe971107b487b32280d46
product_images,computer mouse,Adaptiope/product_images/computer mouse/computer mouse_023.jpg,computer mouse_023.jpg,98167,53a08bd2e637a67bf2be9669171afdf578d1a6cd5e6f7a1c8dc8025d440b7cc2
product_images,computer mouse,Adaptiope/product_images/computer mouse/computer mouse_043.jpg,computer mouse_043.jpg,194037,341bfad05e87c0ece68364593d138c7cd047c48c7d6032791dd6155c9297db89
product_images,computer mouse,Adaptiope/product_images/computer mouse/computer mouse_055.jpg,computer mouse_055.jpg,61696,99b81213f61a41c8bda51ad6934ecffcf8a91da061100cc6621f2e460522ca47
product_images,computer mouse,Adaptiope/product_images/computer mouse/computer mouse_035.jpg,computer mouse_035.jpg,78165,e2e2c6331943c180c375a362344b566b1381bbc664b0699fedbd08271f12d408
product_images,computer mouse,Adaptiope/product_images/computer mouse/computer mouse_079.jpg,computer mouse_079.jpg,110735,0347e8dfecef1ba704e5a30182fe606ff65c156e4b61cf2cb738f27a6cab6357
product_images,computer mouse,Adaptiope/product_images/computer mouse/computer mouse_033.jpg,computer mouse_033.jpg,63366,190106f20c093b8b80dd8824d2dc27a96dc986f8ec484a0534797bf5ec4e0bb9
product_images,computer mouse,Adaptiope/product_images/computer mouse/computer mouse_025.jpg,computer mouse_025.jpg,81957,94d88edbddaa8c72c88678524922bdd8430ce4995016dbfb5dbca4a038987ca1
product_images,computer mouse,Adaptiope/product_images/computer mouse/computer mouse_053.jpg,computer mouse_053.jpg,58228,02b78bb9da7443901cbbe403317b74a0e20cae579057d3731cce30b4cc01bd96
product_images,computer mouse,Adaptiope/product_images/computer mouse/computer mouse_052.jpg,computer mouse_052.jpg,88839,8b46d7b4ad2719e1e8021e50425868da8ec29f09c94347751935e4eab8513d27
product_images,computer mouse,Adaptiope/product_images/computer mouse/computer mouse_058.jpg,computer mouse_058.jpg,40142,b12692bbfebf8062df24a9c3488698cb300e2689d46503a0257c71ed6b54c262
product_images,computer mouse,Adaptiope/product_images/computer mouse/computer mouse_097.jpg,computer mouse_097.jpg,28318,6ffe0ebf7c9807399585a6164e3e2a0eff9afbd76b77265538e84ceed29287b0
product_images,computer mouse,Adaptiope/product_images/computer mouse/computer mouse_003.jpg,computer mouse_003.jpg,48449,f2fc21f853d1c908ec61774160ba46f68294928e486976c5c0a3abcab50d2587
product_images,computer mouse,Adaptiope/product_images/computer mouse/computer mouse_077.jpg,computer mouse_077.jpg,114456,1fba78b7d9c06d83365d59d065629205e72261f31c27e94bf98ed6ea19dba82d
product_images,computer mouse,Adaptiope/product_images/computer mouse/computer mouse_011.jpg,computer mouse_011.jpg,64454,11bd7459d6f1ad3cabce56de46f1d5f812cf440c8342d911c79190ff03f8ceca
product_images,computer mouse,Adaptiope/product_images/computer mouse/computer mouse_022.jpg,computer mouse_022.jpg,127557,e50ebfdfed62120b56aef756f76ad7909031a4a26a5398ede65fe096dfcebfeb
product_images,computer mouse,Adaptiope/product_images/computer mouse/computer mouse_012.jpg,computer mouse_012.jpg,38253,09fe7dce84604d159b317b606b53b28d7e5670699f7d965fc451c8529f91e301
product_images,computer mouse,Adaptiope/product_images/computer mouse/computer mouse_034.jpg,computer mouse_034.jpg,32763,8ef8090638a5cff78db34959ccda79cce1c044fc1cfaf9dd1d53a92c8a7b7e2b
product_images,computer mouse,Adaptiope/product_images/computer mouse/computer mouse_010.jpg,computer mouse_010.jpg,83535,e94f7303ba5da98888e3f83495b498d4106b4d8b55078d3b11db6a98f5f4797e
product_images,computer mouse,Adaptiope/product_images/computer mouse/computer mouse_083.jpg,computer mouse_083.jpg,133134,a4cf01635d1a7c301ef0f7c6ee01f1e0ef9acb1fe7497032d824d50eb47ba052
product_images,computer mouse,Adaptiope/product_images/computer mouse/computer mouse_014.jpg,computer mouse_014.jpg,29251,662da7dfaa3d206460d7ff72ccb13f1162cbdbaec8f5e94d3032e2aa25a28f06
product_images,computer mouse,Adaptiope/product_images/computer mouse/computer mouse_073.jpg,computer mouse_073.jpg,74578,c175d6ce78aac54e47271352b8f724e1e382305ac0e04c0bd19d4c04ab6f6ba7
product_images,computer mouse,Adaptiope/product_images/computer mouse/computer mouse_008.jpg,computer mouse_008.jpg,54265,4dbf59efa221d76e68728af3d1d71b3d61d15c661e3552f0b3407479fd11c688
product_images,computer mouse,Adaptiope/product_images/computer mouse/computer mouse_005.jpg,computer mouse_005.jpg,47855,7c67790251e77c690fb9096cd2eea15633a14688ee58857a8645dc38cad9c4ad
product_images,computer mouse,Adaptiope/product_images/computer mouse/computer mouse_049.jpg,computer mouse_049.jpg,123428,85c2d966cfd9e8454c59b77e7869f87fa53d933515755231f52cfdfc62b34440
product_images,computer mouse,Adaptiope/product_images/computer mouse/computer mouse_048.jpg,computer mouse_048.jpg,34628,7fb1f3611401ae55adbc0034c27e19b0f054e1dc90ab42345c799a2fd2623d4b
product_images,computer mouse,Adaptiope/product_images/computer mouse/computer mouse_091.jpg,computer mouse_091.jpg,71730,edf66ddd44de5ba24323e7bc04f74290620930fa4670c90bbfbde7c8deb7928b
product_images,computer mouse,Adaptiope/product_images/computer mouse/computer mouse_065.jpg,computer mouse_065.jpg,123469,14cf02cc8d5a65c51c552d64a5187a1ef8a3fb99d640350ee585fadce77ea482
product_images,computer mouse,Adaptiope/product_images/computer mouse/computer mouse_093.jpg,computer mouse_093.jpg,31370,695cf236f2c938d39faf0a8f8a3c210750ba70b7066c060568132e996d819013
product_images,computer mouse,Adaptiope/product_images/computer mouse/computer mouse_029.jpg,computer mouse_029.jpg,131047,c98e783e799bc55953607f4fe9b529a56ac2dffb9ecca9ef71a925664d470488
product_images,computer mouse,Adaptiope/product_images/computer mouse/computer mouse_096.jpg,computer mouse_096.jpg,107608,e8a935149d814de08701f8d0e083996132349bf60924921609eda13021083954
product_images,computer mouse,Adaptiope/product_images/computer mouse/computer mouse_013.jpg,computer mouse_013.jpg,15055,782bb979a5370ae4e033555af6b04f0892200b5df5ecadd514b1c34a5a9f18bf
product_images,computer mouse,Adaptiope/product_images/computer mouse/computer mouse_076.jpg,computer mouse_076.jpg,130694,ccc547dafe3603f6641bd47dac6a46a1214eb0160c00dc09f5d0f8c17a6c69e8
product_images,computer mouse,Adaptiope/product_images/computer mouse/computer mouse_046.jpg,computer mouse_046.jpg,21899,6581b3f5e3532a2e7b8d9589e58a8c69fc08a158cd2830293339b5092c5269d4
product_images,computer mouse,Adaptiope/product_images/computer mouse/computer mouse_099.jpg,computer mouse_099.jpg,80173,79d0050f06a1b1feb7f13a7a2ae8a0f5bd34c11590eca5546c5769cdd9811922
product_images,computer mouse,Adaptiope/product_images/computer mouse/computer mouse_068.jpg,computer mouse_068.jpg,88608,ed70225adb2ec6c6d6b2dd4f116a72f4210b73084929c10642f9e533045954cb
product_images,computer mouse,Adaptiope/product_images/computer mouse/computer mouse_088.jpg,computer mouse_088.jpg,76401,14dcb4e7a48e46087265ae78cd15fb1246f1af1420b0ec64874fd2766676a760
product_images,computer mouse,Adaptiope/product_images/computer mouse/computer mouse_051.jpg,computer mouse_051.jpg,94071,b604c612e3e333620acf7379b78acc51cd0b464d93fad00123e731d67bce3b54
product_images,computer mouse,Adaptiope/product_images/computer mouse/computer mouse_024.jpg,computer mouse_024.jpg,77468,e645e6fff4717c9e08cdcf287947823c837b94c251aad198171ed6ec85c3bd67
product_images,computer mouse,Adaptiope/product_images/computer mouse/computer mouse_045.jpg,computer mouse_045.jpg,23191,000ca189b071d8c590f2b893704caa21033bf6fbfe76096f700ebb18fc50b989
product_images,computer mouse,Adaptiope/product_images/computer mouse/computer mouse_059.jpg,computer mouse_059.jpg,86770,e498621f4d53bd58a2b1121f560ab8c0c85b5bf454c3fbebe237857182603001
product_images,computer mouse,Adaptiope/product_images/computer mouse/computer mouse_002.jpg,computer mouse_002.jpg,95945,3fe948c0702974451c4e31ce00be5f32e8070788b31d0050be8cb40c37ce4399
product_images,computer mouse,Adaptiope/product_images/computer mouse/computer mouse_080.jpg,computer mouse_080.jpg,68455,c059dab37efca53409dc096c1c55143dc69d93bc44ed8e0182e55764440a75c4
product_images,computer mouse,Adaptiope/product_images/computer mouse/computer mouse_039.jpg,computer mouse_039.jpg,197487,d6105008d88270b9aef0f3b53514cb58803b2ec1c85709490b5aeac6d376da28
product_images,computer mouse,Adaptiope/product_images/computer mouse/computer mouse_017.jpg,computer mouse_017.jpg,41583,44d34fa91256b4f1bf2856169c5c1a50b218336f9e57e827e1866fa2a136403e
product_images,computer mouse,Adaptiope/product_images/computer mouse/computer mouse_000.jpg,computer mouse_000.jpg,42937,c1a8e786566f513b12ccf6b9153ad9e7d12117d01e2289d1d618216fef3d8a9d
product_images,computer mouse,Adaptiope/product_images/computer mouse/computer mouse_087.jpg,computer mouse_087.jpg,73380,7c62b3fc998f4fb132de9ba207160776c0b059c9bf336c174f07bc9c0c3f5773
product_images,computer mouse,Adaptiope/product_images/computer mouse/computer mouse_050.jpg,computer mouse_050.jpg,55308,e2cc55acf394449894f29367a585fc4f6689b1c378615cb613123d4c8952ceb9
product_images,computer mouse,Adaptiope/product_images/computer mouse/computer mouse_040.jpg,computer mouse_040.jpg,78379,c87cb2da3bc3d4873a4f37759ab564063f91947d7b3992097b28e7ec6eaccb6a
product_images,computer mouse,Adaptiope/product_images/computer mouse/computer mouse_016.jpg,computer mouse_016.jpg,132062,e1035cb82ea8e99370c9fa0cbbc1d7ee1687034af6d344e113c39d0d7bdae43f
product_images,computer mouse,Adaptiope/product_images/computer mouse/computer mouse_027.jpg,computer mouse_027.jpg,71223,4232012abb162742bb44d22e7045ed9f70f7adf1abc7d2d8dfa7bdad1ce98946
product_images,computer mouse,Adaptiope/product_images/computer mouse/computer mouse_026.jpg,computer mouse_026.jpg,145926,5c87aea8dba4ed15037e91f2f2b443a8ddac60f7c3b186ffae6477797693177a
product_images,computer mouse,Adaptiope/product_images/computer mouse/computer mouse_095.jpg,computer mouse_095.jpg,12394,84b8b654c9017d919dfd15515545d6c8497cea7123bd1be9918aac8943d4089c
product_images,computer mouse,Adaptiope/product_images/computer mouse/computer mouse_078.jpg,computer mouse_078.jpg,68253,fdcc20cc954ec902f56745b026167632015e4aaef24cca06cec3761902b47394
product_images,computer mouse,Adaptiope/product_images/computer mouse/computer mouse_086.jpg,computer mouse_086.jpg,54244,d340e255901d4b3f88af0f30098b6480466a019b2be203231b1d77ff3111f803
product_images,computer mouse,Adaptiope/product_images/computer mouse/computer mouse_018.jpg,computer mouse_018.jpg,115069,fc11a90176d765f63b11482b5faabee9c6bbc21a595fa6f8c8eee7798b6bcf9c
product_images,computer mouse,Adaptiope/product_images/computer mouse/computer mouse_006.jpg,computer mouse_006.jpg,171860,62520708718766752b1d6d17d9afa80c7ce568b672b65594e7191dd241bee19a
product_images,computer mouse,Adaptiope/product_images/computer mouse/computer mouse_082.jpg,computer mouse_082.jpg,54616,b0012477a900f41dd6a9512a17ce963dfaad12cedbca6c2ed2b50cfbb70fa430
product_images,computer mouse,Adaptiope/product_images/computer mouse/computer mouse_038.jpg,computer mouse_038.jpg,40379,e6dbf09231106ac0ae2c0598cb6399eecf20fe8a95663991cd6590e5e221f2af
product_images,computer mouse,Adaptiope/product_images/computer mouse/computer mouse_001.jpg,computer mouse_001.jpg,17404,1683c16bba329c6960fe880921f9f4ef99eb1b57f1b3173a0875860ed0bc9e1e
product_images,computer mouse,Adaptiope/product_images/computer mouse/computer mouse_036.jpg,computer mouse_036.jpg,68964,9f44b646ced94eb03792081b5c7c8118bcb6401d69e7d976fab177f392c79553
product_images,computer mouse,Adaptiope/product_images/computer mouse/computer mouse_092.jpg,computer mouse_092.jpg,69481,4e54b6c67a4fc2305b71f2b04bfda6ea8cbd38e34fe8bd3cbd99b7c9010b3296
product_images,computer mouse,Adaptiope/product_images/computer mouse/computer mouse_090.jpg,computer mouse_090.jpg,93639,1889bc76ef536f4d3a4aa30725a13904be12fcd8cb0a2a5d9dc675690faa9959
product_images,computer mouse,Adaptiope/product_images/computer mouse/computer mouse_015.jpg,computer mouse_015.jpg,71182,2730bbd4b71fe1d9e042749aa28d7d7dc42d7de6c655fc5875c7dc4ede958c57
product_images,computer mouse,Adaptiope/product_images/computer mouse/computer mouse_075.jpg,computer mouse_075.jpg,184274,2b6d39228ebc074b1432f4387ee9350ece873bb485e5b00ff7a4e0b1bd38b250
product_images,computer mouse,Adaptiope/product_images/computer mouse/computer mouse_071.jpg,computer mouse_071.jpg,34107,1634305f94526aa971922171f806d6d5456d29944fe6ed891efc3c01065a134c
product_images,computer mouse,Adaptiope/product_images/computer mouse/computer mouse_056.jpg,computer mouse_056.jpg,21442,28d4b54f622a1660164ffb2e768559102457ec0df6675146b9397535bc5eaa7e
product_images,computer mouse,Adaptiope/product_images/computer mouse/computer mouse_037.jpg,computer mouse_037.jpg,49966,6301c74a0ed276bb866c873333d1833f0695a3f10425f5f87a242817835520dc
product_images,computer mouse,Adaptiope/product_images/computer mouse/computer mouse_030.jpg,computer mouse_030.jpg,63680,78a2fef0c3531fd1937de80d4c8839a4833fb75f54022e8d49b39568eb1c0c79
product_images,computer mouse,Adaptiope/product_images/computer mouse/computer mouse_061.jpg,computer mouse_061.jpg,92127,fc81b52ce7b42cb62f1555f65d381b339685c118e5425912ac6522ae484fbc4e
product_images,computer mouse,Adaptiope/product_images/computer mouse/computer mouse_054.jpg,computer mouse_054.jpg,108552,07b93b8f89bb6b2c3329225930628e3b51d5ee20d16ae633b7b9ce386cb0a8a8
product_images,computer mouse,Adaptiope/product_images/computer mouse/computer mouse_098.jpg,computer mouse_098.jpg,69698,4fce03858bfae38deb6d16ff50e851368f763da2a69e0bba3354a4e633e98cc1
product_images,computer mouse,Adaptiope/product_images/computer mouse/computer mouse_009.jpg,computer mouse_009.jpg,29897,555dcd95248620799102b57addb478946d7bfa6416d4d112951f00335083869c
product_images,computer mouse,Adaptiope/product_images/computer mouse/computer mouse_031.jpg,computer mouse_031.jpg,69429,662889bc9e83d8a858c3d235950e2fd6537de83ea74e4d711d768680b482c892
product_images,computer mouse,Adaptiope/product_images/computer mouse/computer mouse_081.jpg,computer mouse_081.jpg,126567,c6ce29a649f863a8018d4ccbe4c6a8caa17742fca9ca1686eac95dcd89ef98c6
product_images,computer mouse,Adaptiope/product_images/computer mouse/computer mouse_044.jpg,computer mouse_044.jpg,86048,59c12bdffa8af86bb2a6cbd242cb10ba19de7acb98cc89d0d4d47cf6e1657d5c
product_images,computer mouse,Adaptiope/product_images/computer mouse/computer mouse_070.jpg,computer mouse_070.jpg,77723,2f5339aef83d83bb9cb35d518767811386614d1c46e172c44f82f6333b55900d
product_images,computer mouse,Adaptiope/product_images/computer mouse/computer mouse_042.jpg,computer mouse_042.jpg,97291,dd1fa5d0422c3f134d3b1b287b70438e22cf46b989dec1fb51315f63604f7f4b
product_images,vr goggles,Adaptiope/product_images/vr goggles/vr goggles_027.jpg,vr goggles_027.jpg,67998,927aed4bb9245a64b567144248c734e028ece59cb0712a1c9dd90afea9fef74a
product_images,vr goggles,Adaptiope/product_images/vr goggles/vr goggles_074.jpg,vr goggles_074.jpg,41657,98e0511b6de28de0e4f84a87029840199c0453f698523ceb8924776b69640124
product_images,vr goggles,Adaptiope/product_images/vr goggles/vr goggles_056.jpg,vr goggles_056.jpg,50650,fa3b5578758c38db0eb11c5d1e434acfc22d219de81884f58dbe30b5dad6d7a5
product_images,vr goggles,Adaptiope/product_images/vr goggles/vr goggles_022.jpg,vr goggles_022.jpg,109314,92061b64635f9a7629a9354c05e9486643a0db8f128fb06122e7db9ceed5dacb
product_images,vr goggles,Adaptiope/product_images/vr goggles/vr goggles_058.jpg,vr goggles_058.jpg,188030,6b23a1a2b40d678edadf7eedf8b7cf594f4ea3be85c709ae05a02cf3339c2b47
product_images,vr goggles,Adaptiope/product_images/vr goggles/vr goggles_035.jpg,vr goggles_035.jpg,57697,2ecb50236c74e42598ff8280b1fd73a3f47ed7a0832306f65117c8c4809e0688
product_images,vr goggles,Adaptiope/product_images/vr goggles/vr goggles_031.jpg,vr goggles_031.jpg,122875,93b21fbcf50d1f789e0dd36be3b4d4df3f06b473966e856421de668b461bfcee
product_images,vr goggles,Adaptiope/product_images/vr goggles/vr goggles_080.jpg,vr goggles_080.jpg,91722,c8d1cca7ce53beab4380eeb722bea0d3e9c95eceb25603dabd4a6e47d1487a80
product_images,vr goggles,Adaptiope/product_images/vr goggles/vr goggles_036.jpg,vr goggles_036.jpg,227715,5b87fcb9c9784a548dfda0709d444540eccdc4eb978c19c113d355ffec141213
product_images,vr goggles,Adaptiope/product_images/vr goggles/vr goggles_006.jpg,vr goggles_006.jpg,27169,9ed70e52546c3e3279de7f7379b4a850556d4e30804e2411af68f67c371245fc
product_images,vr goggles,Adaptiope/product_images/vr goggles/vr goggles_075.jpg,vr goggles_075.jpg,127098,74fa13be720a83f3b6e48cb1adca0b907d0c7cabaa669e7cccb53368147fcb10
product_images,vr goggles,Adaptiope/product_images/vr goggles/vr goggles_048.jpg,vr goggles_048.jpg,66761,f5e698c22a3c77ca5aec6628d712acd55ea7cd62e0002a8b57cddb05e4cd75b7
product_images,vr goggles,Adaptiope/product_images/vr goggles/vr goggles_060.jpg,vr goggles_060.jpg,18453,126775fcb9433c3fc4c05fb76c8fffe64b52ebc560f7b770917007e33b61c627
product_images,vr goggles,Adaptiope/product_images/vr goggles/vr goggles_067.jpg,vr goggles_067.jpg,17856,a23c9ff74b784b8d372fb995cbb5829bb693c4935e70b74d9700d55bd082af8f
product_images,vr goggles,Adaptiope/product_images/vr goggles/vr goggles_070.jpg,vr goggles_070.jpg,38414,f27139fc8f14de0f3ec50f46cb3f70f876efb85bd599e9505100cb0a97654190
product_images,vr goggles,Adaptiope/product_images/vr goggles/vr goggles_018.jpg,vr goggles_018.jpg,88217,d6ef5f8b9dee57df53c3b5a73305c6eaaa334d6dd7917981fb9595f461700b88
product_images,vr goggles,Adaptiope/product_images/vr goggles/vr goggles_037.jpg,vr goggles_037.jpg,47642,080b8b25978c0cb7580bea5e08fc1ffaed92dce0f46811e7c877ebfff156547b
product_images,vr goggles,Adaptiope/product_images/vr goggles/vr goggles_084.jpg,vr goggles_084.jpg,168681,16af25abfc3cc36c14bd26c108ee8ae11640f45dbb13e132328a6fe3460bcc2a
product_images,vr goggles,Adaptiope/product_images/vr goggles/vr goggles_033.jpg,vr goggles_033.jpg,33758,65757581811b40a6f35a95899914850afbbe12836a1d0c142e46d8d792851bce
product_images,vr goggles,Adaptiope/product_images/vr goggles/vr goggles_002.jpg,vr goggles_002.jpg,32888,97f1df481b925253221e7e640c0fef8fd49956e7efbb37a4944fe7bb879fb833
product_images,vr goggles,Adaptiope/product_images/vr goggles/vr goggles_016.jpg,vr goggles_016.jpg,78399,9f14ef4d95399bb2b0a82300064a52da8a6e7278b48c4b25408b6734b3e0ff9f
product_images,vr goggles,Adaptiope/product_images/vr goggles/vr goggles_032.jpg,vr goggles_032.jpg,157229,6b7e64976b235e00a420656cfe5efbd247e405bb6896208030310192cb4d49f6
product_images,vr goggles,Adaptiope/product_images/vr goggles/vr goggles_083.jpg,vr goggles_083.jpg,87742,5d4ed862a2a174f1d85607cb3e3dfc0423450e32df1545b5a02812f37ae2d0db
product_images,vr goggles,Adaptiope/product_images/vr goggles/vr goggles_053.jpg,vr goggles_053.jpg,73980,0c10d1d4b4720d8f5feaac7f9f5381c5c3fae6083fc3c4e597033de035f0caa2
product_images,vr goggles,Adaptiope/product_images/vr goggles/vr goggles_012.jpg,vr goggles_012.jpg,60427,e07a2612c4e3ff1b372862aeb15e78aed0216777d20cb0b94b43a75f403a4597
product_images,vr goggles,Adaptiope/product_images/vr goggles/vr goggles_001.jpg,vr goggles_001.jpg,86669,793ef1e6c539f8c7cf9856d435a1721b1d5778e417a4d06509d366360f2881ef
product_images,vr goggles,Adaptiope/product_images/vr goggles/vr goggles_091.jpg,vr goggles_091.jpg,24654,b2d4148009ba6a5d5d55895953ebba2ebc90430c133b36d313ffc820a39103ba
product_images,vr goggles,Adaptiope/product_images/vr goggles/vr goggles_007.jpg,vr goggles_007.jpg,33215,de4b26e7249be8b4eda18af5ef9a447f74f1108f9e62daaa44bfda97904ded1a
product_images,vr goggles,Adaptiope/product_images/vr goggles/vr goggles_017.jpg,vr goggles_017.jpg,27651,3aa837668cc3a6e59e7ec3e95c54a407af515bef443933d0647e194af299ef1e
product_images,vr goggles,Adaptiope/product_images/vr goggles/vr goggles_026.jpg,vr goggles_026.jpg,65408,404c75610feae7e76826e57c40157f7d9564688410fe71d257d773bcd0a6ecd2
product_images,vr goggles,Adaptiope/product_images/vr goggles/vr goggles_041.jpg,vr goggles_041.jpg,133009,7911ec30564965fac9e6312eeb780402db458087534b4cb253a06d0f74ae57c4
product_images,vr goggles,Adaptiope/product_images/vr goggles/vr goggles_069.jpg,vr goggles_069.jpg,31478,96f75ecf7b4ba55de9df2d52be75284fa8eeb3cd710f9bb91489247255a3824d
product_images,vr goggles,Adaptiope/product_images/vr goggles/vr goggles_047.jpg,vr goggles_047.jpg,52668,8001ca2b64aac95e294592029d3200e42b7cfacc4518c3b416717f8a551b0e74
product_images,vr goggles,Adaptiope/product_images/vr goggles/vr goggles_079.jpg,vr goggles_079.jpg,128612,96e26be05cefc695f10a663efb40c0d71899964d5e90569acaabe5fe4ac8f08d
product_images,vr goggles,Adaptiope/product_images/vr goggles/vr goggles_078.jpg,vr goggles_078.jpg,58662,77c84551164866d3cc49f8858e95b9152397eac7f19b341acc092b766a6d19c6
product_images,vr goggles,Adaptiope/product_images/vr goggles/vr goggles_085.jpg,vr goggles_085.jpg,91106,7074470bddb55082896c839a1007137bc9562eecb672c36bcb694d5948810cf3
product_images,vr goggles,Adaptiope/product_images/vr goggles/vr goggles_064.jpg,vr goggles_064.jpg,75795,218fda0e92a2bdf83c72dd8500180f5f5005aff0da7347dd1a701f95e9a0d098
product_images,vr goggles,Adaptiope/product_images/vr goggles/vr goggles_014.jpg,vr goggles_014.jpg,41808,d7ef60ce3bcc3cef159a2456a8807e87f62c2f46d4c84a2cb20b6faa08ae29ea
product_images,vr goggles,Adaptiope/product_images/vr goggles/vr goggles_003.jpg,vr goggles_003.jpg,151214,dda42f70d111ee3a0533c33850678906e8b34ca13c159370308df551f3218bc3
product_images,vr goggles,Adaptiope/product_images/vr goggles/vr goggles_068.jpg,vr goggles_068.jpg,83197,7c0ffbf80ced674cd4ba7086ab1fa19a252f85bff9ea1b459b030263dffbe678
product_images,vr goggles,Adaptiope/product_images/vr goggles/vr goggles_044.jpg,vr goggles_044.jpg,120238,3bfdd4172d3730d49b073f173fb7639d76afaa9caab0f494aac437c241703955
product_images,vr goggles,Adaptiope/product_images/vr goggles/vr goggles_065.jpg,vr goggles_065.jpg,104551,956acd4c6224e1f19e6305d0c4bcd88104e31381f2785ddfdc96a73195460278
product_images,vr goggles,Adaptiope/product_images/vr goggles/vr goggles_004.jpg,vr goggles_004.jpg,31644,f8ba484bd3e9ff46d01cc746c247a5b7a89122e37b7ff4c0b3afcd0c8bd809ea
product_images,vr goggles,Adaptiope/product_images/vr goggles/vr goggles_015.jpg,vr goggles_015.jpg,85706,a8d3f6fc86c8b38fa349d1cb30df5f034f37ff3d9a2977281260aa4605f9513d
product_images,vr goggles,Adaptiope/product_images/vr goggles/vr goggles_072.jpg,vr goggles_072.jpg,66650,a4d390851a09312cad0e83d9343638a534a977c0bd08743614932e2dc5539ba1
product_images,vr goggles,Adaptiope/product_images/vr goggles/vr goggles_042.jpg,vr goggles_042.jpg,110540,865b5012f6cb261425ded60898e8ffd3c7618de8a03bcf1592e53bdd234762fa
product_images,vr goggles,Adaptiope/product_images/vr goggles/vr goggles_008.jpg,vr goggles_008.jpg,74276,5e74a7852fbbbc139dff0408eaad8f8e1eaeecbc6be7ceae477338f32e6f2c7e
product_images,vr goggles,Adaptiope/product_images/vr goggles/vr goggles_077.jpg,vr goggles_077.jpg,102662,dcdf8ed96b510b18d6aa8197a276dbc482cbd00b155739b5edacb359f4260139
product_images,vr goggles,Adaptiope/product_images/vr goggles/vr goggles_087.jpg,vr goggles_087.jpg,71443,fcba54ff20ba0b23dd8307dc6d83d6104c295c6a5b1ae7db09b2710f4827e7f1
product_images,vr goggles,Adaptiope/product_images/vr goggles/vr goggles_023.jpg,vr goggles_023.jpg,222556,fb3ab64482830d39f7ee907ecf9021a9dbb8e759aac2aa917ff2aa5138cb9379
product_images,vr goggles,Adaptiope/product_images/vr goggles/vr goggles_040.jpg,vr goggles_040.jpg,36113,0a3e3edb1ddfe1d201e9706460df0421e2634c2f14bb38d10ce85650abfe1055
product_images,vr goggles,Adaptiope/product_images/vr goggles/vr goggles_000.jpg,vr goggles_000.jpg,201517,e3c8fb6eead08c46d0cdd452377c2134830a48f5532c26169a204a73a18d8b31
product_images,vr goggles,Adaptiope/product_images/vr goggles/vr goggles_066.jpg,vr goggles_066.jpg,26843,58ac4683da7cf2a5ee0787c00735bbc6ef912eea3a7316d5ee9d19bf38e1b62a
product_images,vr goggles,Adaptiope/product_images/vr goggles/vr goggles_011.jpg,vr goggles_011.jpg,86001,51420fced31a7a335f521fb2812c06709aeefca3f7f84fe751dd14125dd70c18
product_images,vr goggles,Adaptiope/product_images/vr goggles/vr goggles_081.jpg,vr goggles_081.jpg,72172,0cae81fb82187f744c39fef31e2b930f5db9d508a32e18ece9b184e3b277e8f0
product_images,vr goggles,Adaptiope/product_images/vr goggles/vr goggles_038.jpg,vr goggles_038.jpg,73570,ca8a5795dbfe1cf7d2af4e52b0f0334e64319d8ec33e6fe4a3be7f954a3cb562
product_images,vr goggles,Adaptiope/product_images/vr goggles/vr goggles_089.jpg,vr goggles_089.jpg,160511,b6a5a1ed2d69fd7cf8601f7d3b492e086fa6297d6d33bcb2dab6160c5fb3082e
product_images,vr goggles,Adaptiope/product_images/vr goggles/vr goggles_073.jpg,vr goggles_073.jpg,153402,0174c2ab04816978266eb78a35983f5f7813e10a7ba5b22c26fdaa0784a12176
product_images,vr goggles,Adaptiope/product_images/vr goggles/vr goggles_076.jpg,vr goggles_076.jpg,157099,79d443f9b24fed41320c3a976bdbd1a8303ef1ce6e22b6633b0ba0372bc58e55
product_images,vr goggles,Adaptiope/product_images/vr goggles/vr goggles_010.jpg,vr goggles_010.jpg,148629,1d8ff516d5f5cfa596775a159351ec5cd0e183c19544fc9f2e53e06c96ad8ee3
product_images,vr goggles,Adaptiope/product_images/vr goggles/vr goggles_039.jpg,vr goggles_039.jpg,285512,95b75f5505c99e25ec1072d2182b336ae8f28535c3f1c5d98df9d513ebcd7ef8
product_images,vr goggles,Adaptiope/product_images/vr goggles/vr goggles_071.jpg,vr goggles_071.jpg,67523,6b01b18475a8b73ea4f04c6475c79694df3e24aa1028b70d17177252cdef7928
product_images,vr goggles,Adaptiope/product_images/vr goggles/vr goggles_025.jpg,vr goggles_025.jpg,251861,14694b708cd5135dfd85777f0f6dde6d75af6485676b9ee992527745a18bf002
product_images,vr goggles,Adaptiope/product_images/vr goggles/vr goggles_098.jpg,vr goggles_098.jpg,39719,7b32c5ce611067eb06bea41f740a1d7a122aae0e92dafc07a6570ae893694ccb
product_images,vr goggles,Adaptiope/product_images/vr goggles/vr goggles_050.jpg,vr goggles_050.jpg,50956,0aee7600ec80b15d8f9f1435331d40f02d415e93fb6a9b6e76c6c37a25aee415
product_images,vr goggles,Adaptiope/product_images/vr goggles/vr goggles_046.jpg,vr goggles_046.jpg,18453,7b7167ce8f72a08588fad27ab35c237218ed814f8edb57ec3368de8e0e6090fb
product_images,vr goggles,Adaptiope/product_images/vr goggles/vr goggles_019.jpg,vr goggles_019.jpg,185754,8c9e3a624f945c86b11eca84d3896c87e94c6ba83c596ab0dfe989abc5472ddd
product_images,vr goggles,Adaptiope/product_images/vr goggles/vr goggles_024.jpg,vr goggles_024.jpg,96671,b76ea747f57ca04c29dd021cc64c29edf61f39651019c1d047788b4aceef1257
product_images,vr goggles,Adaptiope/product_images/vr goggles/vr goggles_090.jpg,vr goggles_090.jpg,89605,eb7b1c7b544fa33a03b5c7f668113e20b145a7b30d4bc120d2eee13b84d082b7
product_images,vr goggles,Adaptiope/product_images/vr goggles/vr goggles_055.jpg,vr goggles_055.jpg,99966,2d38c2fba2f87980c95ee4e84adde363a70b2ee588e30f4b3a309b52a0391221
product_images,vr goggles,Adaptiope/product_images/vr goggles/vr goggles_049.jpg,vr goggles_049.jpg,23632,dcde7cc0afd3b7b37017ba384c8d5963724769435756801b06ad99fe50305c0c
product_images,vr goggles,Adaptiope/product_images/vr goggles/vr goggles_061.jpg,vr goggles_061.jpg,50585,8d30fc9bcc1ed112c99921760fe0216a7695459a83c9df43ea14e514c5f0c5d8
product_images,vr goggles,Adaptiope/product_images/vr goggles/vr goggles_009.jpg,vr goggles_009.jpg,65500,74e32779088fdb221a67aae00d04d3f116fcf5e72b152b9ab55a5d57d926826e
product_images,vr goggles,Adaptiope/product_images/vr goggles/vr goggles_096.jpg,vr goggles_096.jpg,37930,a5f28de5b95cdd3ac1225cc65e28414bae3ad72c388ebc141ae852fb45086c0a
product_images,vr goggles,Adaptiope/product_images/vr goggles/vr goggles_097.jpg,vr goggles_097.jpg,113028,05f2c11a81d9b561b5b0b6fc0d8006aef8e6362f66213793bafd77f4e3170700
product_images,vr goggles,Adaptiope/product_images/vr goggles/vr goggles_092.jpg,vr goggles_092.jpg,70693,ca0107fd5bfce3d1c383e983b9515bedbbdf9d107374b77c93dd5472cbc93e84
product_images,vr goggles,Adaptiope/product_images/vr goggles/vr goggles_045.jpg,vr goggles_045.jpg,65452,fd96c67cc6d8248c8b98cb7a0d612d4d324d093e565a0e860aab67c1a63b7c29
product_images,vr goggles,Adaptiope/product_images/vr goggles/vr goggles_062.jpg,vr goggles_062.jpg,185083,4e10a5aac2ee4baae7b99aee58ae4f98bf8397e2387ea8d71d3eb3a598e6afaa
product_images,vr goggles,Adaptiope/product_images/vr goggles/vr goggles_063.jpg,vr goggles_063.jpg,200001,d05a78dea4ba99b332f549a0f1880ca2cf1d5ecf20659e71ab852527ab948e9b
product_images,vr goggles,Adaptiope/product_images/vr goggles/vr goggles_086.jpg,vr goggles_086.jpg,26247,cfbcf6c88054a3371a2ec3b645ca5a37e720aeb235e3aebdb65cdb6e1067a991
product_images,vr goggles,Adaptiope/product_images/vr goggles/vr goggles_052.jpg,vr goggles_052.jpg,49479,463506b0668a5fe00497f1a1f581f9c6635238f5329049f72588ef53bd0a181f
product_images,vr goggles,Adaptiope/product_images/vr goggles/vr goggles_034.jpg,vr goggles_034.jpg,32029,d0bcec0e2b0d858b642fa25c591da4f6594429f69e1b7ac60139969602128c5d
product_images,vr goggles,Adaptiope/product_images/vr goggles/vr goggles_005.jpg,vr goggles_005.jpg,259569,580d70aeb4f00967356c73507c94dcc7044158cd652635d151566a5a78bfb96e
product_images,vr goggles,Adaptiope/product_images/vr goggles/vr goggles_094.jpg,vr goggles_094.jpg,58892,48e33ad10d87fa13923d6660e78ed3667f8fa74d4767c2ef362d10395e283b3a
product_images,vr goggles,Adaptiope/product_images/vr goggles/vr goggles_020.jpg,vr goggles_020.jpg,55698,e775335ab5330764a53eb3a2c4caf6ad756a0b71d56f7f3bd679e73b6a929b04
product_images,vr goggles,Adaptiope/product_images/vr goggles/vr goggles_051.jpg,vr goggles_051.jpg,76402,6d0f2ab531f1189f87369ecac29668df2433bd63a986723da89987a74245314d
product_images,vr goggles,Adaptiope/product_images/vr goggles/vr goggles_013.jpg,vr goggles_013.jpg,138877,812e261990ab4296586159f2f681fed098143a1043bde51ea116aa32a03213fd
product_images,vr goggles,Adaptiope/product_images/vr goggles/vr goggles_030.jpg,vr goggles_030.jpg,49756,38396d86ff5835fcdfcaed37ae607c93f6bc7445e16a1b9198c8f3f41255452d
product_images,vr goggles,Adaptiope/product_images/vr goggles/vr goggles_099.jpg,vr goggles_099.jpg,31290,a4dec843a8db4e7e6c0b153e2851af0c14bef2aec594c531fcf1e83895a74164
product_images,vr goggles,Adaptiope/product_images/vr goggles/vr goggles_082.jpg,vr goggles_082.jpg,138220,c9db045690706c53e612d15898bd717d67a4c24a08b60a2bf009a0bc0c9c983f
product_images,vr goggles,Adaptiope/product_images/vr goggles/vr goggles_054.jpg,vr goggles_054.jpg,114667,f5bcbdd429c59a0f3c56d373c9f4cd1d6c129c58b530702b2beda21483f06139
product_images,vr goggles,Adaptiope/product_images/vr goggles/vr goggles_029.jpg,vr goggles_029.jpg,73868,1da5631e222f0b7d665a04d46de837e0fe58ea953542270de8978386e23f4cab
product_images,vr goggles,Adaptiope/product_images/vr goggles/vr goggles_028.jpg,vr goggles_028.jpg,24796,3c9f9dce8fe750830a4928f4b8e1111e935f5da957af9de98266e04ad757812b
product_images,vr goggles,Adaptiope/product_images/vr goggles/vr goggles_059.jpg,vr goggles_059.jpg,107863,df2c6597891545610818ab0266f4185c805b763a5dde7f47320a991a13582510
product_images,vr goggles,Adaptiope/product_images/vr goggles/vr goggles_088.jpg,vr goggles_088.jpg,116317,61ebf4c3416f6db4dd4516e134390a574ceef693f8120911cf983876955fdac9
product_images,vr goggles,Adaptiope/product_images/vr goggles/vr goggles_093.jpg,vr goggles_093.jpg,119540,ecd0f90877d8c160ec919813ed5a53883523a046ce39e669dc401f8b641187ea
product_images,vr goggles,Adaptiope/product_images/vr goggles/vr goggles_057.jpg,vr goggles_057.jpg,168775,6dd8644f7842d668e18f65d027afb359efd2fbdb37cf3d0dcc0ddc7fc9a3026e
product_images,vr goggles,Adaptiope/product_images/vr goggles/vr goggles_021.jpg,vr goggles_021.jpg,34516,c4eb21fa853829d4676612ff4fd37947c11f1cc3f7e081971b0dbe8064f54e39
product_images,vr goggles,Adaptiope/product_images/vr goggles/vr goggles_043.jpg,vr goggles_043.jpg,116616,f3689af1714198a021be6e8f6181785d01c6a07a34ebbe07d4217887b22deabd
product_images,vr goggles,Adaptiope/product_images/vr goggles/vr goggles_095.jpg,vr goggles_095.jpg,160725,6a1b82bb5b0c0c6cb190f8c86b61b6deb8f7178fcea78eb0d52230d4fa746cee
product_images,speakers,Adaptiope/product_images/speakers/speakers_076.jpg,speakers_076.jpg,135394,a298f9688b09a2d416a51b9f25157cf3af053d79cf5551fba3c07f2bc5265eed
product_images,speakers,Adaptiope/product_images/speakers/speakers_058.jpg,speakers_058.jpg,33579,ed2374fde73f31f57b30d44a484bc01fd2cd14398a83239943df37a6fe24f055
product_images,speakers,Adaptiope/product_images/speakers/speakers_009.jpg,speakers_009.jpg,87941,ff3f5a203a6e2ae55d084a0974e1b3bee211a80978df606a0d3b04da85fb45ec
product_images,speakers,Adaptiope/product_images/speakers/speakers_015.jpg,speakers_015.jpg,70188,47de7d83912f4330998ef94c646ab18a1b90d09ef04b5ab72d5ff8687c49e613
product_images,speakers,Adaptiope/product_images/speakers/speakers_003.jpg,speakers_003.jpg,66212,b085a52ed9b53e888aae90181ab016fbe2d6b833d6d303e2e5318161218b3d8b
product_images,speakers,Adaptiope/product_images/speakers/speakers_087.jpg,speakers_087.jpg,80759,44d5535b684e7d14f530882f66e115ad62f358d04acb881578744900a061b7b1
product_images,speakers,Adaptiope/product_images/speakers/speakers_012.jpg,speakers_012.jpg,58360,b4226837fbc06bf98f0c5ec76bb890a38a3f383762da3203f282826ade9df98f
product_images,speakers,Adaptiope/product_images/speakers/speakers_083.jpg,speakers_083.jpg,105929,c1a18ce2e530c83e6fe0573bb37edac9e492655e879cea3b526dfd5d7c836495
product_images,speakers,Adaptiope/product_images/speakers/speakers_025.jpg,speakers_025.jpg,131714,6afc8bbf152dec29fae2b200b211e68557a17945c484e5255de862645f2bc200
product_images,speakers,Adaptiope/product_images/speakers/speakers_069.jpg,speakers_069.jpg,26063,00b651fe79b9436cce51bd8eaec29cadde415d44a8e35b9b6f465294f211c921
product_images,speakers,Adaptiope/product_images/speakers/speakers_075.jpg,speakers_075.jpg,368585,69cdaba733a4ed30d16adafe55939f53470cd75a34fc8069ed682849de99cfcf
product_images,speakers,Adaptiope/product_images/speakers/speakers_028.jpg,speakers_028.jpg,78134,b76c7c4600e753707b893e53eb90b5b6b3f2063ced071fe1bae9d72a1af21997
product_images,speakers,Adaptiope/product_images/speakers/speakers_029.jpg,speakers_029.jpg,46980,2034cb03461d369a49b69d18214fe19ca47153ba586b6114537fc773569f3950
product_images,speakers,Adaptiope/product_images/speakers/speakers_008.jpg,speakers_008.jpg,19863,fa317cfd9f6ea409b68327465c3ad5d34bdb190741501a8e7068be82b714ac95
product_images,speakers,Adaptiope/product_images/speakers/speakers_095.jpg,speakers_095.jpg,20379,24f885037755f078b46ecc16657b3396a1fcc905383b54334d98d7c668a19a15
product_images,speakers,Adaptiope/product_images/speakers/speakers_036.jpg,speakers_036.jpg,272217,0a17cee69948eca7c380e74924835ca83b04c8b460f49dc084bb5fd40beee389
product_images,speakers,Adaptiope/product_images/speakers/speakers_016.jpg,speakers_016.jpg,31371,e6ecc32780bc6d475dd0c10652874106dd44bdbae4e18ab62c577efee10edb11
product_images,speakers,Adaptiope/product_images/speakers/speakers_011.jpg,speakers_011.jpg,65067,b4574923028f05732cbf69ea66f57f1548b08638d268d48e8f8e640016146833
product_images,speakers,Adaptiope/product_images/speakers/speakers_021.jpg,speakers_021.jpg,25555,128a90ca9afb3bb0a33fff3c48160f179cf0d426cc3be500949de8c935cb75fd
product_images,speakers,Adaptiope/product_images/speakers/speakers_034.jpg,speakers_034.jpg,108488,06c3412ada40145058e72f142d78ef8ef13b0e0d6f33923eb585c82cc49ff8ce
product_images,speakers,Adaptiope/product_images/speakers/speakers_005.jpg,speakers_005.jpg,78845,cb1c124d545eb99a2749d567f87ca139c0cace5d7bec548691715b5db3ff48ec
product_images,speakers,Adaptiope/product_images/speakers/speakers_057.jpg,speakers_057.jpg,40349,54a3913752461755e410702dc6f778be3838ab809ec9d4e1f952d523d2fd6a5e
product_images,speakers,Adaptiope/product_images/speakers/speakers_014.jpg,speakers_014.jpg,28467,f4828de0630ad2715e3a76729c8105a72b07a888d3f2c7d3a3a61e4dfc2c46ab
product_images,speakers,Adaptiope/product_images/speakers/speakers_061.jpg,speakers_061.jpg,160505,b630d1ba1b9e4f7b24b0a83fa5b7d961d61f7bff0a89f4e715f27def52619602
product_images,speakers,Adaptiope/product_images/speakers/speakers_089.jpg,speakers_089.jpg,56112,a67b057aa5e69281c60484e73a30c3229792aa460086d4519fb2327005db6791
product_images,speakers,Adaptiope/product_images/speakers/speakers_017.jpg,speakers_017.jpg,75128,14c94b0960827d7039fee0b6e489e6366b04f4619e552a8b073a9cd9b3a2b003
product_images,speakers,Adaptiope/product_images/speakers/speakers_007.jpg,speakers_007.jpg,194229,b1404dd3702bcc4ab90537c322962d02e48725103f69e9f7b3bdde89d76805c5
product_images,speakers,Adaptiope/product_images/speakers/speakers_056.jpg,speakers_056.jpg,339826,75aa2852c50c42c8fd20da66d1720c6ef7be7d92d9fcd6aec69cdec5e29f3a51
product_images,speakers,Adaptiope/product_images/speakers/speakers_049.jpg,speakers_049.jpg,24194,e6ba81f9cbd8b7a3e64fca25074472fd6e26de11b825fb06939e59752c39244c
product_images,speakers,Adaptiope/product_images/speakers/speakers_037.jpg,speakers_037.jpg,139805,f797021ffb5f13a1811bea3bbe89597d70f1e40b65530bccf06e93519d1a0825
product_images,speakers,Adaptiope/product_images/speakers/speakers_074.jpg,speakers_074.jpg,100186,903e365108ca05b326b829321a1096d39f5413598be802cff75c831aefa42360
product_images,speakers,Adaptiope/product_images/speakers/speakers_063.jpg,speakers_063.jpg,104242,4e985c4cc6264847c6b28b628425ba29c955964a32c317d66441452c5d1be736
product_images,speakers,Adaptiope/product_images/speakers/speakers_066.jpg,speakers_066.jpg,314638,776a6309f3ebdc22c9fcb510f002ee6459fd998f4d3baf325dc865d7a41aef67
product_images,speakers,Adaptiope/product_images/speakers/speakers_024.jpg,speakers_024.jpg,115061,d7edc72ca296b7101c91c8cbcf3fef5e1de4d9b199d876a9623504067b51121c
product_images,speakers,Adaptiope/product_images/speakers/speakers_054.jpg,speakers_054.jpg,197468,87083bed2e6b34e2d2b9a5607c29e33c0fc5c4bfdf3e3c91d7d83f6deea6f647
product_images,speakers,Adaptiope/product_images/speakers/speakers_051.jpg,speakers_051.jpg,51194,8d57b4d00202e15d4ea3702d3b82506df2888e2604283366a4201213ef7ee38b
product_images,speakers,Adaptiope/product_images/speakers/speakers_081.jpg,speakers_081.jpg,43995,8009df189ba3ec20322a2515253dc7cb5c5abf5ca7ff96c796803cf527a7fd5f
product_images,speakers,Adaptiope/product_images/speakers/speakers_099.jpg,speakers_099.jpg,107328,b8e0d2dd214f59f7a394b27bcfce38e8e73534310cdf5b5dd8327dc36aa6bd42
product_images,speakers,Adaptiope/product_images/speakers/speakers_085.jpg,speakers_085.jpg,78072,85f5dca5c0ce21f0b60552e6cbe69812984aad71f45fd7dec36fd6134cee08f6
product_images,speakers,Adaptiope/product_images/speakers/speakers_038.jpg,speakers_038.jpg,29737,7debfced69cb73d884de86e2e346012bf9214964d87ac4bae6f8ae905b9dac95
product_images,speakers,Adaptiope/product_images/speakers/speakers_071.jpg,speakers_071.jpg,43630,5302039864ac0212f05889de98fe70497d8cdc98c7b07b7b31f0a5981356a17c
product_images,speakers,Adaptiope/product_images/speakers/speakers_067.jpg,speakers_067.jpg,82925,7f54fc373445bedef3feb2f4fda30f6145add23f707cfc3fab203f86ec5b18af
product_images,speakers,Adaptiope/product_images/speakers/speakers_032.jpg,speakers_032.jpg,161584,95f0b63c73a42c27d75556ed6783bd865ccb4416d5f2668f7726a88b9ab5456c
product_images,speakers,Adaptiope/product_images/speakers/speakers_044.jpg,speakers_044.jpg,223575,bbda0343a3fa8618ab90490a45af3cbb634822b3a87badb0d70364e90802a135
product_images,speakers,Adaptiope/product_images/speakers/speakers_077.jpg,speakers_077.jpg,66929,7d126ae93e8d37fa6ceb06e048dc77063fcef46210687b951ae28d3156f967ee
product_images,speakers,Adaptiope/product_images/speakers/speakers_060.jpg,speakers_060.jpg,114607,37af6d42bc90cb5bfa318a2d9513ee7ed2f4936a4ed8c514df776d562045a962
product_images,speakers,Adaptiope/product_images/speakers/speakers_086.jpg,speakers_086.jpg,70704,36f98ddcd8a51c6e3dea16239d6314c42ac251af6264299e20fee29f8669681e
product_images,speakers,Adaptiope/product_images/speakers/speakers_062.jpg,speakers_062.jpg,105119,008cf582a7be4c21f3341084a91445d0f43d62985b9dbfdbcea44c0b184362ee
product_images,speakers,Adaptiope/product_images/speakers/speakers_078.jpg,speakers_078.jpg,155113,a6f6f8fa48fbb9b4738ec6b47f884842acf28bb4bde58385f7fc063a876d5028
product_images,speakers,Adaptiope/product_images/speakers/speakers_092.jpg,speakers_092.jpg,191247,076c0eb0870b8654289a4f4b4b40f05265267c2d6d6a62b506161119a8513d91
product_images,speakers,Adaptiope/product_images/speakers/speakers_018.jpg,speakers_018.jpg,55717,7249d1758bb560730204adda10e6d6bab7776738421cfa01c0c32da810d9c13f
product_images,speakers,Adaptiope/product_images/speakers/speakers_013.jpg,speakers_013.jpg,66279,2bebf72e29ef9916e8d605ff82d835a00e41e7514967635b8a9d89abb337f925
product_images,speakers,Adaptiope/product_images/speakers/speakers_079.jpg,speakers_079.jpg,210378,ee33fe5dfb3faa2ddb9c0004cd6b59b1831223e84c3e55b5176194abfec0fb15
product_images,speakers,Adaptiope/product_images/speakers/speakers_084.jpg,speakers_084.jpg,46341,6227d014429f05b36531f2f2d3208ac50f9740a78a7133ba13775065831bce15
product_images,speakers,Adaptiope/product_images/speakers/speakers_070.jpg,speakers_070.jpg,154078,7dfac3baba67fac8554b8f8223b8c4f4864cec65ea2749421c70ef58930b31c8
product_images,speakers,Adaptiope/product_images/speakers/speakers_010.jpg,speakers_010.jpg,251117,6fe5a384019cf25046190e74460f54a1a470594c8201e91f7acc36df07ad1344
product_images,speakers,Adaptiope/product_images/speakers/speakers_031.jpg,speakers_031.jpg,337499,6eca13d845819d9c236d27345b1e232307a9ad851fb7013392d40550126859db
product_images,speakers,Adaptiope/product_images/speakers/speakers_068.jpg,speakers_068.jpg,19572,2c9aab3d1ed4041797f9961fb7c52d791c819c14d9d37bfdcbf9a7f0d19d4e3a
product_images,speakers,Adaptiope/product_images/speakers/speakers_023.jpg,speakers_023.jpg,95459,0ae35e4959c7306c8f32246f68d58df35db15ab434ce4dbd5a0b2f0d30b37258
product_images,speakers,Adaptiope/product_images/speakers/speakers_019.jpg,speakers_019.jpg,52602,d02e524e554cd8950c36e5ed1ed1f1317e926f474e196beb8d0fca13c25df077
product_images,speakers,Adaptiope/product_images/speakers/speakers_001.jpg,speakers_001.jpg,176326,66db39c43fcfaec213e96620f47ccd6733df18080c206e07a160ffd38e10e5ee
product_images,speakers,Adaptiope/product_images/speakers/speakers_082.jpg,speakers_082.jpg,158221,811897b3d0eda47f82cb6f7d176959e9157825ae873dd6e41b4c1fc825fd6fc0
product_images,speakers,Adaptiope/product_images/speakers/speakers_072.jpg,speakers_072.jpg,161672,47ac8c2866cf502a31b168c51abaffa8a3fc497cabf2994af680962cadfccdfa
product_images,speakers,Adaptiope/product_images/speakers/speakers_096.jpg,speakers_096.jpg,264456,1e6e4da6e1e975e8854f8bb2ff0ce02de75e973b87c91ac975725bee9962d0ba
product_images,speakers,Adaptiope/product_images/speakers/speakers_045.jpg,speakers_045.jpg,29581,5573e95d8c96233b846928bc4068fcc4690b6fcaddbcdbbba14263ede25ee167
product_images,speakers,Adaptiope/product_images/speakers/speakers_055.jpg,speakers_055.jpg,47754,e8606a4eb02f109aa49755975fb30dd30c2d6b6d08e3cfb6d8107e97489a3786
product_images,speakers,Adaptiope/product_images/speakers/speakers_093.jpg,speakers_093.jpg,117543,a472b8ca6ae14b669a7de70c6ca445e840be9a94646d0fb3ada8a6489ad22adc
product_images,speakers,Adaptiope/product_images/speakers/speakers_065.jpg,speakers_065.jpg,120071,2f0300cc9ae36b50f0831b6e09a0c80c91b5f48d5165cd3faba6e9398935baa4
product_images,speakers,Adaptiope/product_images/speakers/speakers_006.jpg,speakers_006.jpg,69255,6fc48827144ecadcb53edbf0f7233d21c7bc606e4403705d94fa93151b842520
product_images,speakers,Adaptiope/product_images/speakers/speakers_088.jpg,speakers_088.jpg,67826,be8914425ed8df9197ec92dfdbc8c1028632c814cda8f3eb23fa8b4272091aa2
product_images,speakers,Adaptiope/product_images/speakers/speakers_090.jpg,speakers_090.jpg,26215,3636e5b970e87b5d2aeb3072cae4143b61b3037744ee7fcb38ef6fd582f9a2d2
product_images,speakers,Adaptiope/product_images/speakers/speakers_080.jpg,speakers_080.jpg,363018,3c41c53fc592f992fc7bc97c98f5e3b17818f8b60f3ec638332eb5a2af6e8921
product_images,speakers,Adaptiope/product_images/speakers/speakers_002.jpg,speakers_002.jpg,323767,2d9cabb98085d47e4892fa0b3d5ca29ba5f63577773e590cc9095970258a7423
product_images,speakers,Adaptiope/product_images/speakers/speakers_094.jpg,speakers_094.jpg,134326,4aaba668f503c59ecbd2227a59695fb7cfa12d98d7b6b0f5d73c47965c550e60
product_images,speakers,Adaptiope/product_images/speakers/speakers_048.jpg,speakers_048.jpg,123059,4f3f31c005d2373146603dc4101c9fbd95f55e6176e42eeab9e33292f2882d84
product_images,speakers,Adaptiope/product_images/speakers/speakers_046.jpg,speakers_046.jpg,174138,e42af21edacf69cd911a24635ebb0ddf3bd7519f5af7dedfc3c4a7dc8e93d569
product_images,speakers,Adaptiope/product_images/speakers/speakers_030.jpg,speakers_030.jpg,69036,3042d66aabdd2cda7ffb37e160f95728b8d461377f78063bb51d3c5267d1606a
product_images,speakers,Adaptiope/product_images/speakers/speakers_033.jpg,speakers_033.jpg,215958,947449c06f1efefb35faddee38bd7fbed81eead773bb3607ef3d27228dd3ace7
product_images,speakers,Adaptiope/product_images/speakers/speakers_073.jpg,speakers_073.jpg,108945,8bff7ca936eae5f530221ab9e0426642ff537a75cb327df9bd85ed9685987487
product_images,speakers,Adaptiope/product_images/speakers/speakers_041.jpg,speakers_041.jpg,76742,68407fbdc4cb41b88543e699652f9e38386c0fd36ade47650e55b7efb8c37f05
product_images,speakers,Adaptiope/product_images/speakers/speakers_026.jpg,speakers_026.jpg,264188,eee6c9c641b32cf700264c2500b5dd2f53d29c47c138522e02f7c278d6d919ab
product_images,speakers,Adaptiope/product_images/speakers/speakers_042.jpg,speakers_042.jpg,101041,cd10b2f64fe94e860bf529892ad5036caa7bc284eb12b97183e7235b089d478d
product_images,speakers,Adaptiope/product_images/speakers/speakers_097.jpg,speakers_097.jpg,204807,52b13e264fb68e495a91bb96bcd8fbc10bce736f1bd03a6f2c7bec01c3f65191
product_images,speakers,Adaptiope/product_images/speakers/speakers_040.jpg,speakers_040.jpg,75549,cc22777889597e081031c2f22f7f95202f0a6efd26aafada92b89c0945d6fb80
product_images,speakers,Adaptiope/product_images/speakers/speakers_043.jpg,speakers_043.jpg,107484,4426f14163a540279238e2c2271009c175a0eec5a6761ccc8d12839685fc1c75
product_images,speakers,Adaptiope/product_images/speakers/speakers_064.jpg,speakers_064.jpg,26321,f7d73c37a2017d4e1d1756dbd6be5f081965ae43180aaf9aff3ba63343326a3a
product_images,speakers,Adaptiope/product_images/speakers/speakers_039.jpg,speakers_039.jpg,46163,cb464322da64896e6d33c5c0bae0890d8059ea1f7c5143109303a342f183dd3d
product_images,speakers,Adaptiope/product_images/speakers/speakers_027.jpg,speakers_027.jpg,238747,355908d4a0bcd2db265bda65bf6262fc4aa69710dcc006ff63f57577529af5cc
product_images,speakers,Adaptiope/product_images/speakers/speakers_050.jpg,speakers_050.jpg,134253,ce2e968725b129b9eae53ba1789530d43621902afd7af284530714e6188dd6fb
product_images,speakers,Adaptiope/product_images/speakers/speakers_052.jpg,speakers_052.jpg,50843,eac04ab288d626b60acb33e5e1af324e64a1ea5920dd9334f673029bd6d565d2
product_images,speakers,Adaptiope/product_images/speakers/speakers_035.jpg,speakers_035.jpg,195189,122e80ae5da51010f28ee7bc7a33c5cd967b44bffdc08db5fb6eea0c4876c59b
product_images,speakers,Adaptiope/product_images/speakers/speakers_098.jpg,speakers_098.jpg,61729,eb5ced42ab9af4410523203c2d4071d0c81c6c4ce8ca8733e460d0f2f9fde222
product_images,speakers,Adaptiope/product_images/speakers/speakers_053.jpg,speakers_053.jpg,280310,ca97188283fa5832fc71e8b3e3e7e97d2d8f23b6cea1f05437115d940bbc648d
product_images,speakers,Adaptiope/product_images/speakers/speakers_047.jpg,speakers_047.jpg,103686,3aa8fe05124cc41eb79af916ac403bca475efd87670b71c99896a9c7794d6ed4
product_images,speakers,Adaptiope/product_images/speakers/speakers_004.jpg,speakers_004.jpg,79576,d55e4b4e6b5523ff609bb5d7aeb35071a0e4051642be39424c5dbbb36d0fbd88
product_images,speakers,Adaptiope/product_images/speakers/speakers_000.jpg,speakers_000.jpg,114236,f5deebd14131ea4e0bc05abd0d547fc56caffbe9190f7820a82a23a6faa9fba6
product_images,speakers,Adaptiope/product_images/speakers/speakers_091.jpg,speakers_091.jpg,114993,260a9f466faf25ed74f24d7ba648391d757933aebc094a16aac439750fd0118b
product_images,speakers,Adaptiope/product_images/speakers/speakers_059.jpg,speakers_059.jpg,52336,49d7f3d2e1f1407cdb6bc42f3dc381e57d4cab90ad893ac684a21eeda2518dd4
product_images,speakers,Adaptiope/product_images/speakers/speakers_020.jpg,speakers_020.jpg,229783,4ea1988edb58bee78d124ba8be5a19d464ecb9a205981d1e8ec105457c5b3ddb
product_images,speakers,Adaptiope/product_images/speakers/speakers_022.jpg,speakers_022.jpg,269554,4710daeb0124cdee7feee12df020cf91c1e8c4fbc6000a73aac1afd4ff205aaf
real_life,power strip,Adaptiope/real_life/power strip/power strip_026.jpg,power strip_026.jpg,168307,7da3f774832108b81a698dd225d817e1dd3c33295cc7c4594be7743b43e51a84
real_life,power strip,Adaptiope/real_life/power strip/power strip_084.jpg,power strip_084.jpg,121673,ed2d8a313cc50b33f579371f0417af10bd011ca0580f6281f273258ce63fa818
real_life,power strip,Adaptiope/real_life/power strip/power strip_062.jpg,power strip_062.jpg,195521,5563a101c55de2d7d6b91cda0f535c930f5f7bbca6e5d5ce58e8b260043339ed
real_life,power strip,Adaptiope/real_life/power strip/power strip_086.jpg,power strip_086.jpg,219840,2d0df9afc1639fbfe5ca6d1a275d65b61b0b15aa2a7d79b6e2290ca9fc70a297
real_life,power strip,Adaptiope/real_life/power strip/power strip_050.jpg,power strip_050.jpg,143088,3b6cd6efc719eb129e951b2ac1f474c8753f575d4418e031393b4019dea4096f
real_life,power strip,Adaptiope/real_life/power strip/power strip_007.jpg,power strip_007.jpg,216874,5af0cc60bfb5d93b4f8913fe317e60616ee88b741be097470ef86a84ea989f3d
real_life,power strip,Adaptiope/real_life/power strip/power strip_035.jpg,power strip_035.jpg,89897,ef82253b00f8be3b5e51e59383e2bd95780727cb7cfe526b829b611f3d20cac4
real_life,power strip,Adaptiope/real_life/power strip/power strip_008.jpg,power strip_008.jpg,298849,3d6ef0f3d6e02014b38341bd7a9d83ec059644f4a4661669b46f4cd65d3abe71
real_life,power strip,Adaptiope/real_life/power strip/power strip_054.jpg,power strip_054.jpg,58165,8aef2c60103ea69bb5084721edc45023b82b533d07c361b52603ee9e59e164ba
real_life,power strip,Adaptiope/real_life/power strip/power strip_042.jpg,power strip_042.jpg,177851,944cee38fc5fe549a18c5c46b4951fbc0d85fe2d1a151107bf1e4a075fff6645
real_life,power strip,Adaptiope/real_life/power strip/power strip_094.jpg,power strip_094.jpg,229664,fbb8f835fc6d1143c9dca0ced10e2209437582ace275ed3badf8aa006ea5967b
real_life,power strip,Adaptiope/real_life/power strip/power strip_065.jpg,power strip_065.jpg,281112,cf43c18e0391dbc9578879a1cf14960361977a0dc8574f042d55fec6f47e17ab
real_life,power strip,Adaptiope/real_life/power strip/power strip_021.jpg,power strip_021.jpg,180231,bd3817a8820c4b4ca6b062400a91dc0fc20f5cf9976551df51e3975093528b6b
real_life,power strip,Adaptiope/real_life/power strip/power strip_083.jpg,power strip_083.jpg,147544,ecebb35ebeda5d267bfbbe064b4e5ea4845d6288f4103f74508400768e95b7e0
real_life,power strip,Adaptiope/real_life/power strip/power strip_076.jpg,power strip_076.jpg,267858,d4207005cfe4370fb305d8a0991592c2b02564a43b63e83d2279ae684e5d60db
real_life,power strip,Adaptiope/real_life/power strip/power strip_024.jpg,power strip_024.jpg,129096,4095efdc00813723d482c0a9df9a80a2a46c24551eb4a3e31b2e299f93a21676
real_life,power strip,Adaptiope/real_life/power strip/power strip_040.jpg,power strip_040.jpg,97834,e33ba34663eaa91db5b2ee56920bb6f79d68a90256ae7217feb6b5e837309f03
real_life,power strip,Adaptiope/real_life/power strip/power strip_075.jpg,power strip_075.jpg,47950,786f77afb2c1fada6e4f1b6bc053aff53f598a5543dff3c3a9fbf60cdc276d1d
real_life,power strip,Adaptiope/real_life/power strip/power strip_073.jpg,power strip_073.jpg,133188,4a834846a3e7d5ca7504f2a5dc314186f0a5498082fd6c19661a08ea8815ea86
real_life,power strip,Adaptiope/real_life/power strip/power strip_090.jpg,power strip_090.jpg,157951,292dc4051e24443f6062089fcdfef53c0dc63598b1fa419835c8d159de83e219
real_life,power strip,Adaptiope/real_life/power strip/power strip_091.jpg,power strip_091.jpg,284558,7bae79a9453dbf5da131cce9934b1e5ce6179636596af5e2915c3c0fd49e06d1
real_life,power strip,Adaptiope/real_life/power strip/power strip_039.jpg,power strip_039.jpg,28137,305976b50dc82d018d2b300f804ab56d0852b7f04ce6e66060a8b649cbda237f
real_life,power strip,Adaptiope/real_life/power strip/power strip_043.jpg,power strip_043.jpg,186291,dabec0b54037a75f62aaa3b7eda65a93c4444075e026b7b13e975cb3ca858e87
real_life,power strip,Adaptiope/real_life/power strip/power strip_003.jpg,power strip_003.jpg,260630,71e476049c257279c81b8358f22edf41fe4518e0a0b4fe4ef399e70a633c223a
real_life,power strip,Adaptiope/real_life/power strip/power strip_036.jpg,power strip_036.jpg,111455,b75f1b15ed1671e5ee6419f017ea0a8404a0c48cd67b9bc29a8d4b064e19fd7d
real_life,power strip,Adaptiope/real_life/power strip/power strip_034.jpg,power strip_034.jpg,215639,b52fd8f92432b2e585ca3630c5b6e5f8584e3d65a0a4d008b8bbb7617a50c312
real_life,power strip,Adaptiope/real_life/power strip/power strip_046.jpg,power strip_046.jpg,280559,47362b5a8cfdacdc4106f64e21cb541bd60c8fbc61ca0e6dcdcf7a6ed9b595a6
real_life,power strip,Adaptiope/real_life/power strip/power strip_069.jpg,power strip_069.jpg,276598,c8b1c6124bdd998c51873d2a55bcc4dc4e14720a20cff4108f48e6d6b389cfcb
real_life,power strip,Adaptiope/real_life/power strip/power strip_088.jpg,power strip_088.jpg,158881,f60be64b618c9b57b128a47240f8cad554e2e3c12acaf7af80cf33b3afcf1e70
real_life,power strip,Adaptiope/real_life/power strip/power strip_013.jpg,power strip_013.jpg,133672,7e42e489dbf9577e24b2f4ad37de393b7fb9bd738e48655f000a37d4603e5e2f
real_life,power strip,Adaptiope/real_life/power strip/power strip_068.jpg,power strip_068.jpg,114700,ffe0890de44ff220325900c2ae801d6fb9e054a1c8995ba8315a5f1fb41a81c3
real_life,power strip,Adaptiope/real_life/power strip/power strip_089.jpg,power strip_089.jpg,196354,2d0a92efc88e411790bcd770d33ea71c96051894aab3924efe90a7b12040a1dc
real_life,power strip,Adaptiope/real_life/power strip/power strip_063.jpg,power strip_063.jpg,105688,c3e7f4da8083d3652768e8d30b1feaa5fca633ea81e2698475bb2d9a5a2d3a83
real_life,power strip,Adaptiope/real_life/power strip/power strip_045.jpg,power strip_045.jpg,146009,752b92358c6e8fe8369eac2a7bacc7fea54c3674cf7ae2a01b958197812e3d8a
real_life,power strip,Adaptiope/real_life/power strip/power strip_015.jpg,power strip_015.jpg,129142,c2f601b288afae66863f6056d80aaea33095b39d0a3486fe4a3cad2b4a195b20
real_life,power strip,Adaptiope/real_life/power strip/power strip_080.jpg,power strip_080.jpg,321412,878b7084793c5f9b02517d27d7c77622d45f7b3f6930f5c2478352ea098f715d
real_life,power strip,Adaptiope/real_life/power strip/power strip_079.jpg,power strip_079.jpg,299358,00aa48a409fade50af42ca34bcda947fc0dc4cc43346da22108e91d3ecd37b02
real_life,power strip,Adaptiope/real_life/power strip/power strip_041.jpg,power strip_041.jpg,137151,45aa97c8f933b16de9e82f99604200c55f0de3e2b6508695ed45762f78771acf
real_life,power strip,Adaptiope/real_life/power strip/power strip_064.jpg,power strip_064.jpg,370168,7ee6e7e32d8708f5e1757dcf7f71612d121fe4b8f1274bf9b02a936dae3aa74f
real_life,power strip,Adaptiope/real_life/power strip/power strip_016.jpg,power strip_016.jpg,112424,f8be68e8a51d3d0f5fa81e6eaf03cb5a4ec817b53fdd485aa590c930c460fd5a
real_life,power strip,Adaptiope/real_life/power strip/power strip_000.jpg,power strip_000.jpg,155525,c215c9bf25aeed2a3c989a73fdb7cae20a655623c6a408b94e2b19bb0eb4c92c
real_life,power strip,Adaptiope/real_life/power strip/power strip_022.jpg,power strip_022.jpg,188032,a099b70cdb47fcd616d0d3540f99c4a162106f544de8fe5d4cb50f32225a3d53
real_life,power strip,Adaptiope/real_life/power strip/power strip_037.jpg,power strip_037.jpg,44269,8f56aba6a453d7bcd32aa721fa62a4a251f970feec38ed8aa6727f04ffa7d5ab
real_life,power strip,Adaptiope/real_life/power strip/power strip_095.jpg,power strip_095.jpg,279262,7ae83c2fa373bd55bbb61702ed9856dbd86b9c484b64bf46a0fea28423b23335
real_life,power strip,Adaptiope/real_life/power strip/power strip_093.jpg,power strip_093.jpg,162782,364de4f5543593c3cfcafb66d57d646d45c7a3a191c11f0d2f7bbac6ee541948
real_life,power strip,Adaptiope/real_life/power strip/power strip_047.jpg,power strip_047.jpg,139410,4fdbbe49d9393444b973b3a4526bae25b48412aaa7354cf6bda1e7179bbc67ed
real_life,power strip,Adaptiope/real_life/power strip/power strip_002.jpg,power strip_002.jpg,179238,8b850a389e8383fccbc40067390f69f744a3d0108d85b44793bf4d421e785e8d
real_life,power strip,Adaptiope/real_life/power strip/power strip_010.jpg,power strip_010.jpg,316348,c61495245c9cd580d15dfa84b829d89a0148b80c4a9d0460b80d64861ac33eb7
real_life,power strip,Adaptiope/real_life/power strip/power strip_072.jpg,power strip_072.jpg,84416,7e501bb16697fe0b2fbff637166559d19b2be5163443b2b8f80ecbbf2e258a70
real_life,power strip,Adaptiope/real_life/power strip/power strip_038.jpg,power strip_038.jpg,108293,0bd2a317267ecee669c2a3d276aaf55f1c03d33cf82baa8017e0053264bf1f66
real_life,power strip,Adaptiope/real_life/power strip/power strip_032.jpg,power strip_032.jpg,153367,fc29ff3fbfbbfb58eb38cadaade6d2ccabaf54a6ffc0628ac75aacbefbdd499e
real_life,power strip,Adaptiope/real_life/power strip/power strip_031.jpg,power strip_031.jpg,199078,e0c89fa141538315a03744cfd60c366cc13d30b69a096c12bf1e4cedcf5e5028
real_life,power strip,Adaptiope/real_life/power strip/power strip_004.jpg,power strip_004.jpg,29113,bc1d1eb0e0cfc85bda47320d06e4c2a3fea27973819468570478642a9cb3c32a
real_life,power strip,Adaptiope/real_life/power strip/power strip_048.jpg,power strip_048.jpg,219663,57fc2e75eee8cb6ea7cc224b737c15744e98336c13f173ed75ee65dbe98a458c
real_life,power strip,Adaptiope/real_life/power strip/power strip_025.jpg,power strip_025.jpg,203661,acb8b317e0faeb17262a12e3b21e68d9b7ac00ebe30cbe7a66c861cf67c62e2b
real_life,power strip,Adaptiope/real_life/power strip/power strip_014.jpg,power strip_014.jpg,159912,7981bedfee37dc1c112a2b287f07dbc8c1f673c74015f5d46a513a8137cf3f4d
real_life,power strip,Adaptiope/real_life/power strip/power strip_052.jpg,power strip_052.jpg,184473,50f1b9d2884f1d37a913238f398da481ea53e57e371bb6768869bf2922e5274f
real_life,power strip,Adaptiope/real_life/power strip/power strip_077.jpg,power strip_077.jpg,135104,c99f50a8dacc62741dfa9ba22353dce10cd5354350b8f36af969387896ec87d1
real_life,power strip,Adaptiope/real_life/power strip/power strip_085.jpg,power strip_085.jpg,179153,31f8eac0c92244604b085ece84bba2d169d4774fb508d3ab83f6de32f4ddfd33
real_life,power strip,Adaptiope/real_life/power strip/power strip_020.jpg,power strip_020.jpg,335801,7382e955808bd4a25d832726063adc8a49691a5b01655dfc6f146c5dec2da429
real_life,power strip,Adaptiope/real_life/power strip/power strip_070.jpg,power strip_070.jpg,323025,a3584b2ccde9560856ce095c370af40cc34059498f8a74f0af319e96a16fe19d
real_life,power strip,Adaptiope/real_life/power strip/power strip_071.jpg,power strip_071.jpg,245751,cd3cfdd027d7b444bd03ae01c375aef6510660e34ad0f8b669730a8f328668cd
real_life,power strip,Adaptiope/real_life/power strip/power strip_099.jpg,power strip_099.jpg,181018,62609fbda279efec212d215042c324b32d1203e841957a2fcd9a939722aa1e7a
real_life,power strip,Adaptiope/real_life/power strip/power strip_066.jpg,power strip_066.jpg,229920,d8d68299256d03c0d22b20bb273df8bbfedc408877e2d30498c4614ce319b37b
real_life,power strip,Adaptiope/real_life/power strip/power strip_097.jpg,power strip_097.jpg,150537,b25479482dba6bba7ba2bc485f9cb3798d6660f5326e6574fdd9c530da8a1bd1
real_life,power strip,Adaptiope/real_life/power strip/power strip_029.jpg,power strip_029.jpg,224110,1082c95278a2e99bc5bd1ed2b67d01ae6208c9f21d0deeb179331b454436dc6d
real_life,power strip,Adaptiope/real_life/power strip/power strip_011.jpg,power strip_011.jpg,92244,03a9c4473d37cd66e482e7e85224ea78f5f7f1412417cc0db05cb9f5f1c966a8
real_life,power strip,Adaptiope/real_life/power strip/power strip_033.jpg,power strip_033.jpg,439498,a57481d20909d9f2b557dd607ccd9e7b25fba3cb132258cac8e0f53cc84b61b7
real_life,power strip,Adaptiope/real_life/power strip/power strip_044.jpg,power strip_044.jpg,190725,c93591135ae4cb68fab9fa133e38e327de61985a8cfe06080b77a9cefa80045e
real_life,power strip,Adaptiope/real_life/power strip/power strip_059.jpg,power strip_059.jpg,82644,f3e117135debab1be6fd26399d49b57f9a2fb45aecca5f9cf41357eb8c47a7c9
real_life,power strip,Adaptiope/real_life/power strip/power strip_081.jpg,power strip_081.jpg,291248,ac26d58ae452cee65ed93298630b3c3fb6a5e638f989b9cc53b94be2bbb86036
real_life,power strip,Adaptiope/real_life/power strip/power strip_030.jpg,power strip_030.jpg,20731,defa39cbde0847b7465d822e892b86cabcaa40ba4375d3ab9fb0467697263609
real_life,power strip,Adaptiope/real_life/power strip/power strip_018.jpg,power strip_018.jpg,149074,b4e730128b97d468b0a4d85e094b5386a11b297e4a5b851e7db450505bfa98dd
real_life,power strip,Adaptiope/real_life/power strip/power strip_009.jpg,power strip_009.jpg,208861,f3ce31b3c712846aff8bc9b875320bddf608f7950e8e988eb48bec874a7d9b05
real_life,power strip,Adaptiope/real_life/power strip/power strip_057.jpg,power strip_057.jpg,34671,292f1494338b902195e820f7e605345a5eaa7110d0c01879f7bc8ae306fca1fc
real_life,power strip,Adaptiope/real_life/power strip/power strip_098.jpg,power strip_098.jpg,217496,f6ed8a331014dc09193f3f25552a61cf287b6939a6cd38d3d0b26e9886d6a859
real_life,power strip,Adaptiope/real_life/power strip/power strip_067.jpg,power strip_067.jpg,211746,1f95e724de63b8be8d289c88661c3bea7e4d72af98fa2d4629c4f4595b706e6a
real_life,power strip,Adaptiope/real_life/power strip/power strip_087.jpg,power strip_087.jpg,182312,289a1bf9b5b34e9a7aa9afaf2954ef0747c6b2c38d1446fce0525c152d41041f
real_life,power strip,Adaptiope/real_life/power strip/power strip_012.jpg,power strip_012.jpg,83836,ba36e0bec5910be95d6edffb8d042bc3ba46e729e32ee083ecc753d18f74ad3d
real_life,power strip,Adaptiope/real_life/power strip/power strip_074.jpg,power strip_074.jpg,91788,cf1602400550a07e4348a520ac98568c1451a97efce86820da884ca4d8374aff
real_life,power strip,Adaptiope/real_life/power strip/power strip_006.jpg,power strip_006.jpg,134243,4690d520574e5b745275767560103a4bc493eeb82258e5522143fb077a933cc7
real_life,power strip,Adaptiope/real_life/power strip/power strip_061.jpg,power strip_061.jpg,163971,c72f324ad26e98c9c0f11f5b8a11ddc06fcec987ccda4694185ec49b0518f104
real_life,power strip,Adaptiope/real_life/power strip/power strip_023.jpg,power strip_023.jpg,374720,8b67085a3fcd0baa4491af4537cc1f9de739cc49d4679cec4769eb0710d57a23
real_life,power strip,Adaptiope/real_life/power strip/power strip_027.jpg,power strip_027.jpg,543544,1b9406164d4ee39d7c72d146dced1fafc0d4e4f017e03736931700eed7e38431
real_life,power strip,Adaptiope/real_life/power strip/power strip_058.jpg,power strip_058.jpg,137164,2ce6c1f588868fb0fc06277565b590186c7ce12013fed1629b110535931c0aae
real_life,power strip,Adaptiope/real_life/power strip/power strip_005.jpg,power strip_005.jpg,159520,da36550deab7d34fe08201a8021636d0225d92b3e096aed6e9c7fbd3e67e8f3d
real_life,power strip,Adaptiope/real_life/power strip/power strip_001.jpg,power strip_001.jpg,405896,89e1fcae8ebcb664f404cd8f73617cadbf1b5b10313216f1325ca71001c57805
real_life,power strip,Adaptiope/real_life/power strip/power strip_060.jpg,power strip_060.jpg,172313,9546c1a68d3c14d0e2e2591f6548bc896cd1bbc4ed7c7d73eeb09a3d7a4fa1d1
real_life,power strip,Adaptiope/real_life/power strip/power strip_017.jpg,power strip_017.jpg,320421,737f6484b3c16476601af8a7f84129b8c1c10e05138f59648866d40349a1f0f6
real_life,power strip,Adaptiope/real_life/power strip/power strip_056.jpg,power strip_056.jpg,121466,03c764558a06a8a59df275082ac46a2ed5c66946fb8dfe976529e5a68416c594
real_life,power strip,Adaptiope/real_life/power strip/power strip_078.jpg,power strip_078.jpg,127550,cbfe3e6d486485ada732bdc34f48569ea29d74d77a6281343baa01a252d3ad44
real_life,power strip,Adaptiope/real_life/power strip/power strip_028.jpg,power strip_028.jpg,226474,096529ee64939fbb8745d5361268420b72aefb0d9d9ce8c40f7d9dda6e1da1ef
real_life,power strip,Adaptiope/real_life/power strip/power strip_092.jpg,power strip_092.jpg,59029,194c38ffa9ec00653ba790daace7ec26bf80b748a6292b721d60145b5396e4f9
real_life,power strip,Adaptiope/real_life/power strip/power strip_051.jpg,power strip_051.jpg,161501,11b9cf6ef9137ffb2c9361cb0ca49c6648f394d62f1772514d6521fb1547addf
real_life,power strip,Adaptiope/real_life/power strip/power strip_019.jpg,power strip_019.jpg,44379,dc3099bfaba5e073aeaa74e79741fa95ac42f8d964bea2e23e41e7e3cdfaf9fc
real_life,power strip,Adaptiope/real_life/power strip/power strip_096.jpg,power strip_096.jpg,245819,688c0f19c687f4e799a80301222092de1d0148403bf5f7e6b5ed8a7d3c461d49
real_life,power strip,Adaptiope/real_life/power strip/power strip_082.jpg,power strip_082.jpg,673160,1f04f3cb1edb30273063c895b67ea62311da48f8230ace871a13511b605b71e5
real_life,power strip,Adaptiope/real_life/power strip/power strip_055.jpg,power strip_055.jpg,361643,d16b5f738567055590dc6a9f5699212a9d00fb4d8176eba46ab87173dca245a6
real_life,power strip,Adaptiope/real_life/power strip/power strip_049.jpg,power strip_049.jpg,142515,52c3278360a33ec970b3a1566772e9bf4885608c99742af381e270c6ab508ec8
real_life,power strip,Adaptiope/real_life/power strip/power strip_053.jpg,power strip_053.jpg,141008,1cef21d7499b09141c578e7302202dd9440ec51da59f83587969695c9ccf7674
real_life,mixing console,Adaptiope/real_life/mixing console/mixing console_086.jpg,mixing console_086.jpg,71636,f33f1c95b9300efa328e711d8d5989c071413faa99a26bfe073616622572b53b
real_life,mixing console,Adaptiope/real_life/mixing console/mixing console_011.jpg,mixing console_011.jpg,236682,2dfc2dc50872aee3c8bc411594c212b36180efb57a47a75ac6c06fc212038d5d
real_life,mixing console,Adaptiope/real_life/mixing console/mixing console_058.jpg,mixing console_058.jpg,342602,e8c57dd3f98e3d3b703793f05c43820dddc26224acc12287465206f209e75428
real_life,mixing console,Adaptiope/real_life/mixing console/mixing console_094.jpg,mixing console_094.jpg,458028,1337f7b70cee79e27a2f9d4b83223638f68c0cbe0d31b6ffa468d4ecef55f47a
real_life,mixing console,Adaptiope/real_life/mixing console/mixing console_077.jpg,mixing console_077.jpg,193707,0dc67809ad6f547261975250a671e7e40bef438447a231f48fea16e5f888ac9a
real_life,mixing console,Adaptiope/real_life/mixing console/mixing console_025.jpg,mixing console_025.jpg,187696,07ceaca6e526ef4c078d37594e48e73ec2fdf52193f265250bc2b38982a13354
real_life,mixing console,Adaptiope/real_life/mixing console/mixing console_012.jpg,mixing console_012.jpg,214618,50b4130f45ba84e47a385b6d92b38a950e949b0434c4e87430f61ae14d6c3bb0
real_life,mixing console,Adaptiope/real_life/mixing console/mixing console_035.jpg,mixing console_035.jpg,79373,b859b6ac7164fa7de81ff184532526f19a3b3677d4b8ad0dc142509e0ad47014
real_life,mixing console,Adaptiope/real_life/mixing console/mixing console_091.jpg,mixing console_091.jpg,383544,fb3934c5701e0a3a851d1f52558cdf7bf0369b3e6158e16b376838a0072f0bf0
real_life,mixing console,Adaptiope/real_life/mixing console/mixing console_004.jpg,mixing console_004.jpg,148119,0306a8bf437ebf88be94da65b13fdddc8fb2cdd67426255daff393a2971a3918
real_life,mixing console,Adaptiope/real_life/mixing console/mixing console_056.jpg,mixing console_056.jpg,283451,92f7da4b09bb5c87e1baa577210e7cf9cdb28161a99e5166e2e129d94c47dfff
real_life,mixing console,Adaptiope/real_life/mixing console/mixing console_072.jpg,mixing console_072.jpg,142696,c6476e4ead05f622c2f91185b226a91a555565bea705df0e678652f1a99d7e7c
real_life,mixing console,Adaptiope/real_life/mixing console/mixing console_084.jpg,mixing console_084.jpg,209363,84fe29c7b51a7cbd991075a10bd0374b4d68c8cadedd507eac003a8e7fa6bf69
real_life,mixing console,Adaptiope/real_life/mixing console/mixing console_043.jpg,mixing console_043.jpg,194565,e22b6c38ae8fdcd779d758f1594237090943a7490b460bd955c731a0eb4802f4
real_life,mixing console,Adaptiope/real_life/mixing console/mixing console_070.jpg,mixing console_070.jpg,302327,0f682cdf4177b54386bd4ea099651640dde241be9539f0b02aeea28c80863a24
real_life,mixing console,Adaptiope/real_life/mixing console/mixing console_075.jpg,mixing console_075.jpg,415400,d33d1cbd54665812f130e0bb0e272faad3412b412ac624ef9a0c1aee2914e124
real_life,mixing console,Adaptiope/real_life/mixing console/mixing console_080.jpg,mixing console_080.jpg,194512,b76ceb1525f320c6838409e8d58c6903ba8d2eee9447089f08031c5c0f8491ac
real_life,mixing console,Adaptiope/real_life/mixing console/mixing console_033.jpg,mixing console_033.jpg,333668,4ff0c0e2581450ecbd43d751f467389334f0dbbf1dd1ad60a509f27f4da27d1e
real_life,mixing console,Adaptiope/real_life/mixing console/mixing console_021.jpg,mixing console_021.jpg,393358,35bf6d5522590e2938d7370a9a09b3e8e33422aa939b006b57399f068cf73ecf
real_life,mixing console,Adaptiope/real_life/mixing console/mixing console_092.jpg,mixing console_092.jpg,64953,746a5200828f0de24f68c255cb9d1d729117383c55303a88d32decf7efb2dd99
real_life,mixing console,Adaptiope/real_life/mixing console/mixing console_042.jpg,mixing console_042.jpg,89520,ccf53884d6e279f9f08006658b7f80d6c0e4cf32838034446a4d7529b1375c5c
real_life,mixing console,Adaptiope/real_life/mixing console/mixing console_014.jpg,mixing console_014.jpg,448067,2446b02e6fca4452f2027f8b1036cb086a87f8b174ffdf790c68b0e1e563f10c
real_life,mixing console,Adaptiope/real_life/mixing console/mixing console_037.jpg,mixing console_037.jpg,157633,5b27a4c9c8c9ff476be31922791121ced4dc3a859616960826d15e70334ad2a5
real_life,mixing console,Adaptiope/real_life/mixing console/mixing console_044.jpg,mixing console_044.jpg,375788,bb37efdd7a0711497b841b0c229546328e37c450b67800898595201c02d4faad
real_life,mixing console,Adaptiope/real_life/mixing console/mixing console_052.jpg,mixing console_052.jpg,571364,d30202b5c613ed93b598db335e1c795d5a8142ac536b7d194c88e4da2a1426f8
real_life,mixing console,Adaptiope/real_life/mixing console/mixing console_060.jpg,mixing console_060.jpg,323740,2bcbe2d2c3f2bbd118dd917eb3b80f0a68dd5a5687eb352628e6b664ba57fee6
real_life,mixing console,Adaptiope/real_life/mixing console/mixing console_078.jpg,mixing console_078.jpg,243781,1a46b0652b523e14014769a6d64f6ccb980f184b1723e21af48ab4516c470f1d
real_life,mixing console,Adaptiope/real_life/mixing console/mixing console_083.jpg,mixing console_083.jpg,333095,93cfff65a4fd9233d42dbde21e03a8c7b7122c788bb549b0cb131d758f854cb3
real_life,mixing console,Adaptiope/real_life/mixing console/mixing console_085.jpg,mixing console_085.jpg,206921,cd6dcd3270c135c477c808e80bbc461040bfd0fa001fecde78e40408a501a18e
real_life,mixing console,Adaptiope/real_life/mixing console/mixing console_099.jpg,mixing console_099.jpg,339405,b4279139b588d54c1744946b401fb2f8206ea23b4df039997c132bd09f4a52e1
real_life,mixing console,Adaptiope/real_life/mixing console/mixing console_005.jpg,mixing console_005.jpg,225491,177bd114b06597ae1f98d4bacf7009424dbf12e5a71f508dd836ffc8874c0db1
real_life,mixing console,Adaptiope/real_life/mixing console/mixing console_096.jpg,mixing console_096.jpg,288138,4db801aebc7b77c43db60ac6011b351f96115d1184939ff8759efad2443b2004
real_life,mixing console,Adaptiope/real_life/mixing console/mixing console_062.jpg,mixing console_062.jpg,145426,914f4d90dcd03e83a705316a2ad3ea2f76d7ad3c623cc96ba5f9a11bb7b1773f
real_life,mixing console,Adaptiope/real_life/mixing console/mixing console_036.jpg,mixing console_036.jpg,117011,2e63acb91e8132eb0cc442492d29f8dc753024070782b9b177e367a2ef900346
real_life,mixing console,Adaptiope/real_life/mixing console/mixing console_079.jpg,mixing console_079.jpg,65457,2a1b5f8acc32ef4103b0a5174f25ddd0e2d2e99b3b240d05f55a3c6ead22578a
real_life,mixing console,Adaptiope/real_life/mixing console/mixing console_066.jpg,mixing console_066.jpg,220899,ad96cdc816cd38e464eee5a4a72581dc376631ee4c13fe3f6f7e4f136ce6c7e5
real_life,mixing console,Adaptiope/real_life/mixing console/mixing console_097.jpg,mixing console_097.jpg,79703,391c9e915fe177a8134133f1622f2cc7cfca6869adfdda6c42c42e7507226093
real_life,mixing console,Adaptiope/real_life/mixing console/mixing console_022.jpg,mixing console_022.jpg,389074,b04e544411c60204115289582118c65d232bec04b4a78530516e4e583ed0d221
real_life,mixing console,Adaptiope/real_life/mixing console/mixing console_076.jpg,mixing console_076.jpg,179149,1f79fbf43e50676f227a8e6409bc5b6b5d5b494f003196a4d5ff45d291551956
real_life,mixing console,Adaptiope/real_life/mixing console/mixing console_017.jpg,mixing console_017.jpg,369009,7bffb5e4579225abc9982d582180be8f9d74fb6a8eed7a97df99fbbee10a0a4c
real_life,mixing console,Adaptiope/real_life/mixing console/mixing console_047.jpg,mixing console_047.jpg,84478,6215055bc9e4450a8376d7251d67760cf10786279082fed63831e7d0066d58a6
real_life,mixing console,Adaptiope/real_life/mixing console/mixing console_010.jpg,mixing console_010.jpg,351040,61b51fd24b918c5314cc4d5df020affd2d139d1d2c32fc1399915230e09acb22
real_life,mixing console,Adaptiope/real_life/mixing console/mixing console_016.jpg,mixing console_016.jpg,153604,36dd634f8e6668526932ba81b127d2b626342ad9262ae73575cf1e03000c9dfb
real_life,mixing console,Adaptiope/real_life/mixing console/mixing console_067.jpg,mixing console_067.jpg,190104,7b172a6a6600de3740baf5c1d29d9394bca628140c908a6918e4394bba0e2b99
real_life,mixing console,Adaptiope/real_life/mixing console/mixing console_008.jpg,mixing console_008.jpg,211628,fc79b1d02e657c75833b13c97250998b3613672744467eb52965cb7bac6d1463
real_life,mixing console,Adaptiope/real_life/mixing console/mixing console_030.jpg,mixing console_030.jpg,440506,7a225ef5fb32c1c7aa298ca8ccadf2ce637236d9c24af219f15f15a93dff4fc4
real_life,mixing console,Adaptiope/real_life/mixing console/mixing console_095.jpg,mixing console_095.jpg,234427,46883f4c4866ee65ee61e14777dc5ae91a40cefdf59fc112bb83c8643b9fa470
real_life,mixing console,Adaptiope/real_life/mixing console/mixing console_048.jpg,mixing console_048.jpg,232176,ba93ec2f844f86bf699389a66b83f084e658a423b3b2816e0c430d7dcbb11289
real_life,mixing console,Adaptiope/real_life/mixing console/mixing console_000.jpg,mixing console_000.jpg,130084,5d6f5d3a15ac48833a0f4047ec8bf1ab2a61fcc5b71b506064fedd6e001cad56
real_life,mixing console,Adaptiope/real_life/mixing console/mixing console_019.jpg,mixing console_019.jpg,288805,f6cf43773267465ea23d77e979046d338b13cbb9aaac0bd3836e161ae6527ea8
real_life,mixing console,Adaptiope/real_life/mixing console/mixing console_031.jpg,mixing console_031.jpg,47429,39dbf9a1448e25eaf9c7bb4c4c9ba74cdcf9478d8b42af5a21383504910fd24c
real_life,mixing console,Adaptiope/real_life/mixing console/mixing console_024.jpg,mixing console_024.jpg,202616,cae85711e643806520a2d44c9640282a01f199a64bcfbd60d83d0d5a76d0f6c3
real_life,mixing console,Adaptiope/real_life/mixing console/mixing console_045.jpg,mixing console_045.jpg,273485,5983ba52555f206cab14d9eea65331bd7f46da681e591a47ea569dcf062db11a
real_life,mixing console,Adaptiope/real_life/mixing console/mixing console_038.jpg,mixing console_038.jpg,342918,ed776af4b2f32b94420182d629dac9182a2e2df4a9ffefe0817281c1eabea0e2
real_life,mixing console,Adaptiope/real_life/mixing console/mixing console_074.jpg,mixing console_074.jpg,40838,6c71a45ea281e6900a81bad8d962236f91d7603927395c1f49135375914d59cf
real_life,mixing console,Adaptiope/real_life/mixing console/mixing console_013.jpg,mixing console_013.jpg,146619,264692f6e79362d77b70439a083e2652429f1aa8687fbb2e7b939e20e7b03d56
real_life,mixing console,Adaptiope/real_life/mixing console/mixing console_055.jpg,mixing console_055.jpg,75382,1cb8172eb07ffda95c848b1127364671db63b3ff191de591a26c4b13ff2631dc
real_life,mixing console,Adaptiope/real_life/mixing console/mixing console_089.jpg,mixing console_089.jpg,262845,40a210afc0fa56c4f8c8da70786a64dc10cd09b7b0634c8758f2107732f9446d
real_life,mixing console,Adaptiope/real_life/mixing console/mixing console_026.jpg,mixing console_026.jpg,112456,06d1c78e43e17347a86ccbe30e5cf2b15d27d0f9686e9e5d09638ebda51c6cef
real_life,mixing console,Adaptiope/real_life/mixing console/mixing console_081.jpg,mixing console_081.jpg,126491,a070182de397df2fdde8743347f130eb259e747c03942d7d6b7ca3a24cf67a5a
real_life,mixing console,Adaptiope/real_life/mixing console/mixing console_059.jpg,mixing console_059.jpg,226978,e17c2905db1702a20e4005475d64286da62ebe935255c18b7545a6d6db138700
real_life,mixing console,Adaptiope/real_life/mixing console/mixing console_063.jpg,mixing console_063.jpg,363737,5937bd5af980dfad5c0885b5d914b8f3c8a50120eb49917866df78fb9edd7e90
real_life,mixing console,Adaptiope/real_life/mixing console/mixing console_002.jpg,mixing console_002.jpg,345180,a993acac0f1e1fc41d1119ce0363deb8142c7fc16f9c5eec938b698693abe0cc
real_life,mixing console,Adaptiope/real_life/mixing console/mixing console_034.jpg,mixing console_034.jpg,203560,1147cb9aa2fc0cf61192da84d37c4b626aedbc5e52a2ad838989764c45531741
real_life,mixing console,Adaptiope/real_life/mixing console/mixing console_065.jpg,mixing console_065.jpg,211240,4d8dff28cc194dcb40d835f47a8e98f7c6ffab801afba465b6b1c91d3bd20a26
real_life,mixing console,Adaptiope/real_life/mixing console/mixing console_032.jpg,mixing console_032.jpg,159743,5d66a2936a81b2b97e2af3489d5c22cfebccc409b8463afd7b325d8be6874a15
real_life,mixing console,Adaptiope/real_life/mixing console/mixing console_039.jpg,mixing console_039.jpg,279786,64b5ba3bcd216e0c859618dbd8a5742ce8ae5270c0e59fbfd3b137d78684185a
real_life,mixing console,Adaptiope/real_life/mixing console/mixing console_068.jpg,mixing console_068.jpg,231816,3624efdedb2caa9240470ccdf2963fd9f9d6d506f85aca6ea01071e879029175
real_life,mixing console,Adaptiope/real_life/mixing console/mixing console_009.jpg,mixing console_009.jpg,218585,80529ee6a411dd4b19de1db112ed79d396e7d2ee2ff661d37b7662654ed833fa
real_life,mixing console,Adaptiope/real_life/mixing console/mixing console_049.jpg,mixing console_049.jpg,181655,3c936fc24c7c755950d301c6afe2211dd7155774aeb306abc22918ea7101eade
real_life,mixing console,Adaptiope/real_life/mixing console/mixing console_046.jpg,mixing console_046.jpg,97632,c351304b4d3bbd5ead1683c43d8e419a74a4dd7be42033072f181d3d113ed6d8
real_life,mixing console,Adaptiope/real_life/mixing console/mixing console_087.jpg,mixing console_087.jpg,216085,b5114caa4298d8e968cc19f8d7c359d6926cf87da14d0578fe382e9e992879a4
real_life,mixing console,Adaptiope/real_life/mixing console/mixing console_069.jpg,mixing console_069.jpg,245351,029da0c8318f4681c700aa9106dfe86004d2b246dfb58f2c4b4d27ac5d0240c9
real_life,mixing console,Adaptiope/real_life/mixing console/mixing console_064.jpg,mixing console_064.jpg,89497,bc784b3ac65e8ff37f93976c855363af7ad3ee96ae6c330989d93567be877e00
real_life,mixing console,Adaptiope/real_life/mixing console/mixing console_061.jpg,mixing console_061.jpg,98172,50a675cf16fb7d9c850162bd68daef42d9e1cfaaefde748b98f89ec8cb6d6b7d
real_life,mixing console,Adaptiope/real_life/mixing console/mixing console_053.jpg,mixing console_053.jpg,110876,6a99dc8a82b0a1819b12d0e003814a1d88947413152f603dfa8dc0f54c4868ac
real_life,mixing console,Adaptiope/real_life/mixing console/mixing console_071.jpg,mixing console_071.jpg,248630,e70248a723cb673b1f062fc607d0c8b156f2037cab41b153e2b6db9ac9f0856d
real_life,mixing console,Adaptiope/real_life/mixing console/mixing console_051.jpg,mixing console_051.jpg,231240,d6281c1c6c5e0ed9e7ba7f69f75bf2dcf02454463736cb0d3bf777b74328c860
real_life,mixing console,Adaptiope/real_life/mixing console/mixing console_050.jpg,mixing console_050.jpg,190372,78032190f4c54beb6e7ebd2e3007973c0d51868f9d5db5239ab938cea3fade61
real_life,mixing console,Adaptiope/real_life/mixing console/mixing console_082.jpg,mixing console_082.jpg,255888,3fc88a3bd69f4393f5df5752dc16b6a75418fbf366080824b068d13b8e94f6f1
real_life,mixing console,Adaptiope/real_life/mixing console/mixing console_001.jpg,mixing console_001.jpg,278505,76df0ce6bb066f8c93630214a2cb61f25eaef3392985d1a88829241cca6b4bf6
real_life,mixing console,Adaptiope/real_life/mixing console/mixing console_015.jpg,mixing console_015.jpg,165865,0e2164faf6f753bdfde943fc82acde87b57d2ff2b19c7b2d0f0ec1f437d07d68
real_life,mixing console,Adaptiope/real_life/mixing console/mixing console_007.jpg,mixing console_007.jpg,140796,212e533bbf5731fe79450b6a42b52b934a97e40d142a5e6d6c57c9d1b8616d38
real_life,mixing console,Adaptiope/real_life/mixing console/mixing console_040.jpg,mixing console_040.jpg,145954,ba06458050affc43c7a8a014d3b1687e6b94c0a4289a4f34563cdc07e469542f
real_life,mixing console,Adaptiope/real_life/mixing console/mixing console_028.jpg,mixing console_028.jpg,283592,0e0e6d5babf7c4b4d7a6a76fa6ad9f1c2eda18ac0feeaafdfbd5931d31f74f3d
real_life,mixing console,Adaptiope/real_life/mixing console/mixing console_041.jpg,mixing console_041.jpg,303083,731de901c9e92dcade599b908f517734786acd67dc0e51f90637437cdfafa23a
real_life,mixing console,Adaptiope/real_life/mixing console/mixing console_098.jpg,mixing console_098.jpg,14691,508a7633ba9c836b956e0f2030f98f726e67923af307ba5aa68b84e96ee047be
real_life,mixing console,Adaptiope/real_life/mixing console/mixing console_003.jpg,mixing console_003.jpg,196560,7772cc0de69bc037d9cbfd0e90a3d7110e8d69c40b6fb53c01e248419355ab04
real_life,mixing console,Adaptiope/real_life/mixing console/mixing console_090.jpg,mixing console_090.jpg,172747,82176af36690e69db9b0c8cbbeb508eece211893ef8ed4d06b12807b38bf296e
real_life,mixing console,Adaptiope/real_life/mixing console/mixing console_057.jpg,mixing console_057.jpg,214911,7b9bb140a93d11ecce561e60cc6abbfcd7e09cb76d47c350719ab0ab4652793b
real_life,mixing console,Adaptiope/real_life/mixing console/mixing console_073.jpg,mixing console_073.jpg,260838,3301fae4b6764c564cb89b675b420683bba4acdad35ed633c8da73ca8dcc216c
real_life,mixing console,Adaptiope/real_life/mixing console/mixing console_054.jpg,mixing console_054.jpg,148955,525c790cc047c229067a42cc95c48ae0f9aeded9b47c649ec094c212c08e80c1
real_life,mixing console,Adaptiope/real_life/mixing console/mixing console_029.jpg,mixing console_029.jpg,29090,6d6b37cc896ee42ca6b89ed258f293cbf82ef0b97f192a8c3be59fd61e464119
real_life,mixing console,Adaptiope/real_life/mixing console/mixing console_020.jpg,mixing console_020.jpg,125238,d7597b49c19cc906b4b0ce350ef6603ee8b5db6f3375c0ab6c5bc476138727fc
real_life,mixing console,Adaptiope/real_life/mixing console/mixing console_027.jpg,mixing console_027.jpg,54526,396649a50095c4b050df2b7420bfedd9bcf4c335a0a82da6cd3641dfd75c0114
real_life,mixing console,Adaptiope/real_life/mixing console/mixing console_093.jpg,mixing console_093.jpg,234641,7c19b1a82e281d32e484a1648f5488a8ebf770e4122260dbb089e8c6e2a4521c
real_life,mixing console,Adaptiope/real_life/mixing console/mixing console_023.jpg,mixing console_023.jpg,312355,c88280e68607d1f5386e1560559c980638717fcbede3c062283020147ac15c75
real_life,mixing console,Adaptiope/real_life/mixing console/mixing console_018.jpg,mixing console_018.jpg,164443,0816d0b6b16760e6bbd1e69f8e079f75b8ec1ad5aa4b11fab5099f15c5d96e36
real_life,mixing console,Adaptiope/real_life/mixing console/mixing console_006.jpg,mixing console_006.jpg,245062,a2fe5d74cddee8b8c270d6dffccc309ca52ecb00879e45ab0da4b1d1161028da
real_life,mixing console,Adaptiope/real_life/mixing console/mixing console_088.jpg,mixing console_088.jpg,323377,fb9d9a1af84024be98f7b298e1e2c5f4e052c20a94bf34791d3d58988ac4bb81
real_life,network switch,Adaptiope/real_life/network switch/network switch_057.jpg,network switch_057.jpg,167218,ac0d63a0f64088cc024f306e795b9ece5583fc96a9fe1d709b8a7c7afb60cdb5
real_life,network switch,Adaptiope/real_life/network switch/network switch_004.jpg,network switch_004.jpg,197656,dd785e41ae537e6b083c237fc8d3fe87c0a35c6b3ae9dcfb2e871afe817f930b
real_life,network switch,Adaptiope/real_life/network switch/network switch_055.jpg,network switch_055.jpg,163102,1fb8221002bdd5a8e4a088b76d623f37a170eb9f6627cf21731c259b37091d4d
real_life,network switch,Adaptiope/real_life/network switch/network switch_039.jpg,network switch_039.jpg,192206,9e48735270571f51e34742d07e1694be6b5f7445a6ffd8e1b6095d3ffecca7bb
real_life,network switch,Adaptiope/real_life/network switch/network switch_042.jpg,network switch_042.jpg,203826,ce8fac37a250ce104e7c86556b7e711262a9be319c4228908e7fd20d014fc283
real_life,network switch,Adaptiope/real_life/network switch/network switch_095.jpg,network switch_095.jpg,287258,db52de47dffe31f264cb3e0bd42e033a70a21417c8c59342187a9ff622c77269
real_life,network switch,Adaptiope/real_life/network switch/network switch_065.jpg,network switch_065.jpg,87656,91715d48692a464198f5e1097bc596f05be4185781f2848204504d460f1efc0c
real_life,network switch,Adaptiope/real_life/network switch/network switch_066.jpg,network switch_066.jpg,170317,bdeef8e8104a55dc570b8d659387dcdf271129d59f27591bfe8fbf1db12cc87f
real_life,network switch,Adaptiope/real_life/network switch/network switch_063.jpg,network switch_063.jpg,235124,6b0ed7cc6d198a8d793ca5e5bc713940817b6ff13e9b9705b6e2e6f18e3c7f7c
real_life,network switch,Adaptiope/real_life/network switch/network switch_033.jpg,network switch_033.jpg,27972,e093941c7de71f40c5f58d27a25c64c6b43ca863ea8945788828baf2bc6cc5ae
real_life,network switch,Adaptiope/real_life/network switch/network switch_087.jpg,network switch_087.jpg,45287,de90ab8268f9880f7e1fc88a3b91f53c015d1dfa00c00b63842312e96aa1cb11
real_life,network switch,Adaptiope/real_life/network switch/network switch_009.jpg,network switch_009.jpg,94311,dc07400baf3f8ca4c540f24004abbe7a30f5b942cc89f963b2ac103527682b24
real_life,network switch,Adaptiope/real_life/network switch/network switch_016.jpg,network switch_016.jpg,148609,8ae692735a289f43ad91a60c2d479b9ea597eb878f845c15e29d714e0dec3a9f
real_life,network switch,Adaptiope/real_life/network switch/network switch_049.jpg,network switch_049.jpg,175292,092e3b80c9c8a9e0f88fab3ffe7218484cc9d1ba385814a9d7ce40a3ab70dd19
real_life,network switch,Adaptiope/real_life/network switch/network switch_046.jpg,network switch_046.jpg,282395,04b1f96438db6066a1417748e41c3be4fe7cf478e7608f8beba2a8bfa6ec796d
real_life,network switch,Adaptiope/real_life/network switch/network switch_069.jpg,network switch_069.jpg,174088,f8c0c05ce3879c188d9286dee3a838dab3ddeac05a6d2dd6cb9f40e8d451d305
real_life,network switch,Adaptiope/real_life/network switch/network switch_002.jpg,network switch_002.jpg,127926,b45578ee23cb8424f676e7e900d5e523091f12da83faf155fa2eaa570dc7054e
real_life,network switch,Adaptiope/real_life/network switch/network switch_075.jpg,network switch_075.jpg,74989,57f61ce936deaf1e7c636bd3e15b0b8ea4084a32ee23760aff99be6e850a76fb
real_life,network switch,Adaptiope/real_life/network switch/network switch_054.jpg,network switch_054.jpg,208439,22d88bf148e3927f482e477603ffb92be74ff976b81cb2501411da57f2ad0301
real_life,network switch,Adaptiope/real_life/network switch/network switch_025.jpg,network switch_025.jpg,273459,3514004b907960175ff0188268a32cad51228a82a0a3447877cda5241d131713
real_life,network switch,Adaptiope/real_life/network switch/network switch_085.jpg,network switch_085.jpg,139384,ba3b30caa954480de4c775d6275ef9f2ce8cd3d0364ce5aecb7882cca7486405
real_life,network switch,Adaptiope/real_life/network switch/network switch_035.jpg,network switch_035.jpg,26910,3ad0637b939fd6981109a9b7b912e476bd5e0e42e44aa13dfa3d7c0fd51a9e41
real_life,network switch,Adaptiope/real_life/network switch/network switch_053.jpg,network switch_053.jpg,190359,e8fabbd36a0cb844cc1d810e0264acd4740120e33578bdee1ff3f7e80b301b54
real_life,network switch,Adaptiope/real_life/network switch/network switch_073.jpg,network switch_073.jpg,12908,7ef37fdacd573c5ae59a7814c883a6240d3a5ed8e7092e1b8dadf7ee7f03b8a7
real_life,network switch,Adaptiope/real_life/network switch/network switch_041.jpg,network switch_041.jpg,109959,3886fcb987ad64a2ffacfd7730718aae48b70215239b5a6845a12c52c54892bb
real_life,network switch,Adaptiope/real_life/network switch/network switch_022.jpg,network switch_022.jpg,165822,95d14a56b4e958664c7a0d5d4f59666112bc51611745bf71fcd39bcf65a66ae9
real_life,network switch,Adaptiope/real_life/network switch/network switch_092.jpg,network switch_092.jpg,100000,ff96a17717612715b431d9de943d70aea6992a862cd559ad6bc8451bcb3dd538
real_life,network switch,Adaptiope/real_life/network switch/network switch_067.jpg,network switch_067.jpg,297090,3aa604daca57165c57ff8e756bde627366d315b410e547a1594040ca01ea3eac
real_life,network switch,Adaptiope/real_life/network switch/network switch_050.jpg,network switch_050.jpg,189996,7796367ddcb40646512f4fce77b5f75adea845d7519969eea83c8781588039c2
real_life,network switch,Adaptiope/real_life/network switch/network switch_076.jpg,network switch_076.jpg,90711,01f500caafd763bf93aa48bfc8ec26e0c3e80a26dddb69ab06ea2a98de08ab16
real_life,network switch,Adaptiope/real_life/network switch/network switch_018.jpg,network switch_018.jpg,121622,22834860e0f45a54c0b541c9c2923de41378a38c8da797eeb305d5bf2173e150
real_life,network switch,Adaptiope/real_life/network switch/network switch_097.jpg,network switch_097.jpg,153500,3fe39aebfc51af4a9ec1b382f5da25ae48ae2d16cd303176cc6161f08df1fab3
real_life,network switch,Adaptiope/real_life/network switch/network switch_089.jpg,network switch_089.jpg,124409,84a6a6e865f74bfd1035b3881435b22be6ef168aaeb1a97227e024649b185b73
real_life,network switch,Adaptiope/real_life/network switch/network switch_068.jpg,network switch_068.jpg,132404,54dfa5e3da8ee265da868bd2951d1564ea26ef8752d26d3095b1349bb0433bef
real_life,network switch,Adaptiope/real_life/network switch/network switch_082.jpg,network switch_082.jpg,231914,a2bd8a5899df0f45faefa785549735c6f28098b5a6fad78fcea741411a42af2b
real_life,network switch,Adaptiope/real_life/network switch/network switch_012.jpg,network switch_012.jpg,163579,68f93fa5c659e702b5b69a1857ce049c75f98705d9dc399e53ee0aea5272745e
real_life,network switch,Adaptiope/real_life/network switch/network switch_019.jpg,network switch_019.jpg,50904,98078a9ffca58e01bbe3f7bf7766c1ae1ae6fde4e7606ec112aeec819f4b8704
real_life,network switch,Adaptiope/real_life/network switch/network switch_032.jpg,network switch_032.jpg,14534,2815fd183f8680ede13249877b16e46d6911e21672a3a33f5be598c692c0d49d
real_life,network switch,Adaptiope/real_life/network switch/network switch_077.jpg,network switch_077.jpg,13577,dda7a8284ec99347965c50f53b6e8ff06ce924b1df4320e02932c3189c660f54
real_life,network switch,Adaptiope/real_life/network switch/network switch_093.jpg,network switch_093.jpg,96050,cf760f10477d19560924f3df8a9c61c6dd33d4d4b1e2e5b862395f700cd3670b
real_life,network switch,Adaptiope/real_life/network switch/network switch_015.jpg,network switch_015.jpg,227294,a10cc624c31aeba2fd1c5a46f8b4d85c9a453dee3b5bae5499c7222873c6b1f5
real_life,network switch,Adaptiope/real_life/network switch/network switch_010.jpg,network switch_010.jpg,144944,80c6699883033c4d5c008ddd0b4d191a151c3b5e6798c2cfefc4ff64cd2a0071
real_life,network switch,Adaptiope/real_life/network switch/network switch_051.jpg,network switch_051.jpg,82452,7e0d854297afbb4b31d53dbcf586168c6e56e4d11ec6d7a50788a170e76049ea
real_life,network switch,Adaptiope/real_life/network switch/network switch_011.jpg,network switch_011.jpg,217940,69898ce738a84e2e448485f6459621803d1da8934450cdae5a650ae22a131d6d
real_life,network switch,Adaptiope/real_life/network switch/network switch_037.jpg,network switch_037.jpg,129811,f0e32fbf232289b2d5d9d65c0777e967d8f5efc139d31a0202f502814e5259e6
real_life,network switch,Adaptiope/real_life/network switch/network switch_001.jpg,network switch_001.jpg,116602,c868a917b95d77ecfc44f8cedf3922121c471808c15835156dd4c4d710911b09
real_life,network switch,Adaptiope/real_life/network switch/network switch_079.jpg,network switch_079.jpg,166189,bc23a5c190e6331209589af7742ed32a1c444a9b5d80dfdc2892b35b136895fd
real_life,network switch,Adaptiope/real_life/network switch/network switch_062.jpg,network switch_062.jpg,103483,e11f3f79076d0b104c32f03ed810b967435067d28496735afa21b465f3bc095a
real_life,network switch,Adaptiope/real_life/network switch/network switch_007.jpg,network switch_007.jpg,153531,8716e6c58f19ace97a2364a34a01cf31e049c1d930fc35e1f21c170b3de079ac
real_life,network switch,Adaptiope/real_life/network switch/network switch_047.jpg,network switch_047.jpg,166924,cf082708bf65b5426fc5804df8f7887b1943205def6f0f5e9a13a34aff6f4a1f
real_life,network switch,Adaptiope/real_life/network switch/network switch_027.jpg,network switch_027.jpg,153638,ffb3e5667968ba673935452c9f1e47ae82407151beb767e70854a3d917c9d57d
real_life,network switch,Adaptiope/real_life/network switch/network switch_048.jpg,network switch_048.jpg,116598,98461ff8807f775ab9036b1be7e8010acd4b71ae600aedf67f489faa7445d2e4
real_life,network switch,Adaptiope/real_life/network switch/network switch_060.jpg,network switch_060.jpg,224695,6428342a7004077332289f9414598e732d9c481aa7bb0a3770238ba46b87fefa
real_life,network switch,Adaptiope/real_life/network switch/network switch_043.jpg,network switch_043.jpg,152451,cd1d49d5929dc4f446cebab155dfbe1f00a3705a6aea347bc9007c8087cc7411
real_life,network switch,Adaptiope/real_life/network switch/network switch_099.jpg,network switch_099.jpg,165352,78ce1fc5e9f8ac403c533d1a079b20d2aa51dcd02c5f7709d64281c7752442d6
real_life,network switch,Adaptiope/real_life/network switch/network switch_026.jpg,network switch_026.jpg,225697,7decffa892491f1ed515e77552f08bb006b596fe2ea46cabab837353b0005942
real_life,network switch,Adaptiope/real_life/network switch/network switch_029.jpg,network switch_029.jpg,235734,db6cef61d99d1024541b3c8b609f2c59dab2d5cf9332d85b43946df9af886fa7
real_life,network switch,Adaptiope/real_life/network switch/network switch_086.jpg,network switch_086.jpg,119091,f3a8904813137deffb356d65421d294b42d8cbacf86002dae43f02bf21c9ad25
real_life,network switch,Adaptiope/real_life/network switch/network switch_084.jpg,network switch_084.jpg,128178,f50bf10800f611aad6c7321021fb1bf14f557943ce7e1e4212a2cf05fd5e8f17
real_life,network switch,Adaptiope/real_life/network switch/network switch_005.jpg,network switch_005.jpg,143790,0264b49c7a043893fd18200988e464ea96a16c3e4e80b554dea741a24409f639
real_life,network switch,Adaptiope/real_life/network switch/network switch_088.jpg,network switch_088.jpg,194385,d1b30c9f6b7d4a2f289428b46460e482a5453954289b14a1fa1f9a77bda604a9
real_life,network switch,Adaptiope/real_life/network switch/network switch_094.jpg,network switch_094.jpg,116528,3d8f15bef1b0991c5aff9c5861c79929cdac5d30ab6dab977c32a566a12a0541
real_life,network switch,Adaptiope/real_life/network switch/network switch_078.jpg,network switch_078.jpg,276879,6ea0ed7e0152d248176832e5910ca517d91a8980210d85d034cbbc5e114e66dd
real_life,network switch,Adaptiope/real_life/network switch/network switch_083.jpg,network switch_083.jpg,92168,a07506d3ee2aaa7366b714c510816776df4e5400f06aeefc041ab90b197e818d
real_life,network switch,Adaptiope/real_life/network switch/network switch_017.jpg,network switch_017.jpg,295911,a350e89a909eaec0ab26588fc5d67f7db6e3e7890f5b7de55be14cb0c525a659
real_life,network switch,Adaptiope/real_life/network switch/network switch_072.jpg,network switch_072.jpg,204139,e5ffe2296d74d702ec9de59817ecaf9d86f7d2845ee0857dd9924ed827278a9f
real_life,network switch,Adaptiope/real_life/network switch/network switch_003.jpg,network switch_003.jpg,204576,d58fd97e79c042b23ddaccdeb8f30d50b8612de8e96493c284a145b2a52aca14
real_life,network switch,Adaptiope/real_life/network switch/network switch_024.jpg,network switch_024.jpg,149987,a35e08ddfddf8d5cf1109e8ac8745ea8c0c138eeaf119126d723babf0bafd90c
real_life,network switch,Adaptiope/real_life/network switch/network switch_059.jpg,network switch_059.jpg,187570,78b538a97e6228fec6b087f5d670e126fd96d3781059a06cfd89ba579ec19c1e
real_life,network switch,Adaptiope/real_life/network switch/network switch_064.jpg,network switch_064.jpg,153380,3d0828c23b428cb50ac769a3f646fdcd461af40cc7bb6034eb8a592bd4a15397
real_life,network switch,Adaptiope/real_life/network switch/network switch_070.jpg,network switch_070.jpg,179853,baf311898d6e0798a06d349058373bb2b37f501fe0c29b01d707168ba8c3d812
real_life,network switch,Adaptiope/real_life/network switch/network switch_021.jpg,network switch_021.jpg,242617,2c16f3c835605ac45438721151ccc856601aa522b0c8ab669c918e5640bbd181
real_life,network switch,Adaptiope/real_life/network switch/network switch_038.jpg,network switch_038.jpg,245967,259daaf59cbba268ab252cc7096eaa76e631a54ffea2883a79aeff4aa47e3bc4
real_life,network switch,Adaptiope/real_life/network switch/network switch_014.jpg,network switch_014.jpg,164490,b1c14a67bac40e86de5b5b947f135c45f26f2f06fba583ad5d25de3e48118a38
real_life,network switch,Adaptiope/real_life/network switch/network switch_080.jpg,network switch_080.jpg,152738,8db19895259011830f91a9860af3b2bfc3139bbca5c97cc4b0ec3c5fcb6fa92d
real_life,network switch,Adaptiope/real_life/network switch/network switch_036.jpg,network switch_036.jpg,172864,3cf478bc7011eeaab7884200d2b3c1329a7f89f26a6806b8da1c7f01efa76a13
real_life,network switch,Adaptiope/real_life/network switch/network switch_056.jpg,network switch_056.jpg,279645,35ae445509091c7a95d6444464039a3362c2350d25ec661a4f39981a61f6f2c2
real_life,network switch,Adaptiope/real_life/network switch/network switch_034.jpg,network switch_034.jpg,153376,3af614e50c92c16254d56579bd790df61b7d14b8e11b2cab7cbf104709da3a92
real_life,network switch,Adaptiope/real_life/network switch/network switch_096.jpg,network switch_096.jpg,66317,07a08d41c423ef223d6bc3a787fad9025f1e906865018017c272f01892fc2166
real_life,network switch,Adaptiope/real_life/network switch/network switch_081.jpg,network switch_081.jpg,155709,975b860f4f5df0fafadefab9b168d7af95c72772d4b732269ce6073395165933
real_life,network switch,Adaptiope/real_life/network switch/network switch_090.jpg,network switch_090.jpg,75617,ddef492c1c7172856851c937290d5cfb01ce9c43c458fd34431f96fbb6fad9db
real_life,network switch,Adaptiope/real_life/network switch/network switch_091.jpg,network switch_091.jpg,243258,b63e47f77ab7492542f3392b02c5369e1b4279d38ebf5efb263bc5e9f73b3ab6
real_life,network switch,Adaptiope/real_life/network switch/network switch_020.jpg,network switch_020.jpg,326242,752118c7bf0ca1f8cbe3030a1c9c0243a13431c0a05b8120f8cfe986f903e2b9
real_life,network switch,Adaptiope/real_life/network switch/network switch_040.jpg,network switch_040.jpg,213878,9a908974bd61a2e3946e0ddf9a02f449b6d0197890ecfb1b2613c959bc44e365
real_life,network switch,Adaptiope/real_life/network switch/network switch_045.jpg,network switch_045.jpg,191640,23014ef27d1f882e26437bcf79905d9fc99a677a50502ac00d31362fcdfd7bd4
real_life,network switch,Adaptiope/real_life/network switch/network switch_030.jpg,network switch_030.jpg,186042,41c88496585473cef235a87f0ee39f7ed745e2d0c784ef5f6fedaf7dde411599
real_life,network switch,Adaptiope/real_life/network switch/network switch_058.jpg,network switch_058.jpg,253400,0409811c7f1b10a8f5fb83b4bbb0dadd8b292ad38a617fad728490ce0aa20988
real_life,network switch,Adaptiope/real_life/network switch/network switch_031.jpg,network switch_031.jpg,96581,a4a5d0c3259826007181faa46863a2ac722b087ff74f665d2ca2bb4c91f8771c
real_life,network switch,Adaptiope/real_life/network switch/network switch_006.jpg,network switch_006.jpg,277883,93a23ca924e6565b47730a50563df6b8cc00b046ef4dfb2d9948f4da5bf3c0a9
real_life,network switch,Adaptiope/real_life/network switch/network switch_061.jpg,network switch_061.jpg,122322,b073738ecb46e616cb825333e104cd478fa2e477c95c73c291e0e31ef05f7236
real_life,network switch,Adaptiope/real_life/network switch/network switch_071.jpg,network switch_071.jpg,229694,6b5fc484f6280cb333bffb7a3da1d60f1dca807352bb51486886afefc1934681
real_life,network switch,Adaptiope/real_life/network switch/network switch_013.jpg,network switch_013.jpg,101560,3e0d250db6aa8ab043feaf374d2f7adbb1a9f11e9393cacacc931954be9baded
real_life,network switch,Adaptiope/real_life/network switch/network switch_028.jpg,network switch_028.jpg,71150,5762274cfa7c4f239a1b9212aaf6267055cafe1cc94e442c11de7e6136f789e6
real_life,network switch,Adaptiope/real_life/network switch/network switch_008.jpg,network switch_008.jpg,162221,c0ba412011860fa2b93fd5fb6541dadc8979a309e4acaba100b2e6b8ff9ab7d6
real_life,network switch,Adaptiope/real_life/network switch/network switch_044.jpg,network switch_044.jpg,101386,d3e5c792cbcbea48db2f956cbf19fd76e112bb4f15a8f51288c247738f4ded07
real_life,network switch,Adaptiope/real_life/network switch/network switch_023.jpg,network switch_023.jpg,178804,4ab3339dfe36bf4515afee371051a52e604a3c90ad5dc4b51005295c26950849
real_life,network switch,Adaptiope/real_life/network switch/network switch_098.jpg,network switch_098.jpg,179232,167f8b9d64bc3737764e29006e419cbbedd0fb16d68f25ff3fde4dd788bfb969
real_life,network switch,Adaptiope/real_life/network switch/network switch_000.jpg,network switch_000.jpg,187850,994796b594aee0c0ee4340b18f7477cea78563346f58b1319947e0e1a8b26362
real_life,network switch,Adaptiope/real_life/network switch/network switch_074.jpg,network switch_074.jpg,222937,23e1122709e12539c6da4927f6190cec554db2f699a5faf5946bc603c3d9c1ba
real_life,network switch,Adaptiope/real_life/network switch/network switch_052.jpg,network switch_052.jpg,155034,3ba63ed030d24548c50e2e2ef5c0cbc9c0a4bdcc0be21001e47f042323937529
real_life,usb stick,Adaptiope/real_life/usb stick/usb stick_091.jpg,usb stick_091.jpg,105544,57e90166a28fd4783a04a1553fe1a5ea1a2c9cf62b389f370c45cb9072726f91
real_life,usb stick,Adaptiope/real_life/usb stick/usb stick_014.jpg,usb stick_014.jpg,157060,2dd30f4ea6dfddb2db75648c64da5fa79ae6cdf102a1b1ed35eb5d44507f1f0b
real_life,usb stick,Adaptiope/real_life/usb stick/usb stick_086.jpg,usb stick_086.jpg,104606,23e0322459d49a50ab56788941f6f93e49cd31a0f5e4f481a597b56a983f1136
real_life,usb stick,Adaptiope/real_life/usb stick/usb stick_017.jpg,usb stick_017.jpg,234145,9ba780a6b145fb08e2228d60fbd0f374ab0eec647613146feda1e2308ea02431
real_life,usb stick,Adaptiope/real_life/usb stick/usb stick_092.jpg,usb stick_092.jpg,303935,c738a2811be73df5372a17d10b8199d3de0e31e0dbd429186000d9a2e1aba346
real_life,usb stick,Adaptiope/real_life/usb stick/usb stick_038.jpg,usb stick_038.jpg,236747,df9de91937dd958be037cddd9df5f0bedb7a2f78f494c3022e76dfdb8dc39b51
real_life,usb stick,Adaptiope/real_life/usb stick/usb stick_040.jpg,usb stick_040.jpg,230544,3570c522597645355160d5bfab740c7ac280ae852cdab7d72da544c79fdc5844
real_life,usb stick,Adaptiope/real_life/usb stick/usb stick_082.jpg,usb stick_082.jpg,112573,a63ad5b6e57981ba2eb8a632ec914b5f06a3dc995cb221bf9a75d55a7d8892e7
real_life,usb stick,Adaptiope/real_life/usb stick/usb stick_055.jpg,usb stick_055.jpg,113049,c986bb99738b5db138fca9966aac2be440bcfe8181f7074620c549f81934056d
real_life,usb stick,Adaptiope/real_life/usb stick/usb stick_070.jpg,usb stick_070.jpg,182492,05a44eb4d024967ac409810c6e08a6f576b4c06bcb7fee4ea8054dbb76e98d29
real_life,usb stick,Adaptiope/real_life/usb stick/usb stick_087.jpg,usb stick_087.jpg,120220,5b7b142d4e7f455898e5de1a4c83186a314ab951b9a2246c6aad976735e31e32
real_life,usb stick,Adaptiope/real_life/usb stick/usb stick_025.jpg,usb stick_025.jpg,571430,6d3909fbde6310af0e7b746321ecde4a494a114318d0de352b8381d3c1b8eb9c
real_life,usb stick,Adaptiope/real_life/usb stick/usb stick_042.jpg,usb stick_042.jpg,260444,90b308cbabde2a2d315c521bf08e8c9a620c727ebedd6a3679b2b5814b0a2661
real_life,usb stick,Adaptiope/real_life/usb stick/usb stick_099.jpg,usb stick_099.jpg,209774,975954957f3e7d5dc32f3aa643604c492b4157809c8e45694a874e45dda5e3f3
real_life,usb stick,Adaptiope/real_life/usb stick/usb stick_048.jpg,usb stick_048.jpg,194167,c7d92f900103c816c581b2a625af94b9e64caf32d41842e6007e17279286d005
real_life,usb stick,Adaptiope/real_life/usb stick/usb stick_022.jpg,usb stick_022.jpg,366726,82a2bba9fb6901177af346c548cb3fede52e2cc26afb70eacd3d72e362b650f3
real_life,usb stick,Adaptiope/real_life/usb stick/usb stick_023.jpg,usb stick_023.jpg,98630,e083f0887d23012111b32b3e9ee0cfb95471a4b436e56a3c74c4ad0eddf51ee3
real_life,usb stick,Adaptiope/real_life/usb stick/usb stick_090.jpg,usb stick_090.jpg,196431,d9600904e21a68c674562d65adb8fecc7da882bf5fdecbf50a6666389e8ba14b
real_life,usb stick,Adaptiope/real_life/usb stick/usb stick_024.jpg,usb stick_024.jpg,274360,455e11b38bfe0bccac422ae4c2a94bac316a1e48190d2332e4388a5c6afa8abe
real_life,usb stick,Adaptiope/real_life/usb stick/usb stick_010.jpg,usb stick_010.jpg,160168,10df13c8f8749df7cff4653f9a16c96353131e16b744cac5e555de7c1e7a710a
real_life,usb stick,Adaptiope/real_life/usb stick/usb stick_080.jpg,usb stick_080.jpg,561538,dd82f6179779547e0bf73881239a46afa9c6867e93a99e201681335c04d281ee
real_life,usb stick,Adaptiope/real_life/usb stick/usb stick_036.jpg,usb stick_036.jpg,62117,7aa6eb52eac8ca861f8f144ae717c45a1daf0ee96d061beb5e707bc9e694f53b
real_life,usb stick,Adaptiope/real_life/usb stick/usb stick_053.jpg,usb stick_053.jpg,175813,044773884754f25df3efdc977c456cd0699b5a0fde76d1ec90af237e5c6b8b65
real_life,usb stick,Adaptiope/real_life/usb stick/usb stick_076.jpg,usb stick_076.jpg,79925,eed3016fe315f2688da8b42cf2da26c1e1ce23de562326ec5f40bae75e5a9ce9
real_life,usb stick,Adaptiope/real_life/usb stick/usb stick_003.jpg,usb stick_003.jpg,275998,75941b025366c84e91a08606c4c84e0028880273bb46a248922d35a9799dae16
real_life,usb stick,Adaptiope/real_life/usb stick/usb stick_031.jpg,usb stick_031.jpg,102148,0c65dfee7053df89d2a5c9dc2f6ae93f2e604f97afc000fd8a555c27af108b4c
real_life,usb stick,Adaptiope/real_life/usb stick/usb stick_030.jpg,usb stick_030.jpg,202839,1e0f681eed3466abdd434a5c5dd9067929a2d48f1ab77cb2afe46a26bbdd4795
real_life,usb stick,Adaptiope/real_life/usb stick/usb stick_029.jpg,usb stick_029.jpg,229410,df71c97d3d535665c39bd0cfb76a7a787d62e03354c6102d9dab02b572f86468
real_life,usb stick,Adaptiope/real_life/usb stick/usb stick_081.jpg,usb stick_081.jpg,236639,91ae5a2e7f16bf35d28bd5705cca37262c2158bfae6ff63700aba8e4f598cf0b
real_life,usb stick,Adaptiope/real_life/usb stick/usb stick_085.jpg,usb stick_085.jpg,66580,5368e61bcb679f8e31711c2191807cd5ac860d4c1b21e9ad155e6fbdc287de5f
real_life,usb stick,Adaptiope/real_life/usb stick/usb stick_089.jpg,usb stick_089.jpg,106653,db3b9174ce93961bea12b927529690d3047a9892cb019da8f5f2de5ab0c67c59
real_life,usb stick,Adaptiope/real_life/usb stick/usb stick_026.jpg,usb stick_026.jpg,191636,850978963ed5f71a5abe63287e7f0c795a96627ea30e18b7cb19207caa38f14d
real_life,usb stick,Adaptiope/real_life/usb stick/usb stick_063.jpg,usb stick_063.jpg,32232,fdb3b6ee227336d2bee1120b510085279451b7db36defd092c192c45bd5be6ea
real_life,usb stick,Adaptiope/real_life/usb stick/usb stick_008.jpg,usb stick_008.jpg,145974,d4b00af96d44fe67e9cd8bdf574950e0570e92da60d1f9ab5d53a50708e5b271
real_life,usb stick,Adaptiope/real_life/usb stick/usb stick_045.jpg,usb stick_045.jpg,206201,85b7b656ceb309b8336567fe081353bbbc66f2c0465e345c741289c6fdc4530d
real_life,usb stick,Adaptiope/real_life/usb stick/usb stick_028.jpg,usb stick_028.jpg,140472,dab80678117b698409e5c8a236e99ec6ae07e4c833a20a2ac512e7a12a19527a
real_life,usb stick,Adaptiope/real_life/usb stick/usb stick_061.jpg,usb stick_061.jpg,213935,ef246330525763ff45da27ed0103e6bb5d0215ca6d26192751b8c60da6ef2a0a
real_life,usb stick,Adaptiope/real_life/usb stick/usb stick_050.jpg,usb stick_050.jpg,130358,886381be35990968f279e236781359de670450280bc86737ce40e6feba86bbc7
real_life,usb stick,Adaptiope/real_life/usb stick/usb stick_006.jpg,usb stick_006.jpg,68260,2f56a9cd2ce5a386ee0236dbdac8d824a55d1c5613f7ec1ab8c1bf7fe10dff14
real_life,usb stick,Adaptiope/real_life/usb stick/usb stick_018.jpg,usb stick_018.jpg,210686,d9e84f35c6ed46ebfd1c8ac331e422745501c4ca55c7b3cd96c780e2fb325d27
real_life,usb stick,Adaptiope/real_life/usb stick/usb stick_058.jpg,usb stick_058.jpg,115817,87dab0e8d349390f03da329ec03d23ff53b1b3d96ce3503e9de60c04288fad8a
real_life,usb stick,Adaptiope/real_life/usb stick/usb stick_072.jpg,usb stick_072.jpg,271619,7c368a20caee2d0cde0761c0da81aae23acb5eef145f2aa6bda5b3edac5bee05
real_life,usb stick,Adaptiope/real_life/usb stick/usb stick_013.jpg,usb stick_013.jpg,433991,7f3bc174e4f1735c0525e25ba809f42d291817e22693f4649723c7ad26ef8c57
real_life,usb stick,Adaptiope/real_life/usb stick/usb stick_027.jpg,usb stick_027.jpg,344533,635acf97af2504188a488ff1e8302dfe4602d40ef9d283a1f2dfb57d5316ce0c
real_life,usb stick,Adaptiope/real_life/usb stick/usb stick_093.jpg,usb stick_093.jpg,239309,222296304ed7bf04880f252ee0f566ed3899867254c6f788b986a99be56a4eb5
real_life,usb stick,Adaptiope/real_life/usb stick/usb stick_073.jpg,usb stick_073.jpg,290312,dbcf9d1ef3bb448ba7aff091f6634f596ceb03959224bdc5883d6b68a66a354f
real_life,usb stick,Adaptiope/real_life/usb stick/usb stick_035.jpg,usb stick_035.jpg,165743,d22a3760922131072077d11ab3f1b4d57f6e3e483fef1b706516f6c5b978dcc5
real_life,usb stick,Adaptiope/real_life/usb stick/usb stick_095.jpg,usb stick_095.jpg,120851,84f46306c41291a198547508136f6594845540cd22cda42814ad93aaea5a30ae
real_life,usb stick,Adaptiope/real_life/usb stick/usb stick_019.jpg,usb stick_019.jpg,431796,799ea27aefc36e8a8984dd086c74e31934b4181eb7c87d12e34441752038f64b
real_life,usb stick,Adaptiope/real_life/usb stick/usb stick_049.jpg,usb stick_049.jpg,168270,7483617d2301a6b1bb5ebc433fa13d669f695f5db2311d8e5a482c94d6c09cbd
real_life,usb stick,Adaptiope/real_life/usb stick/usb stick_005.jpg,usb stick_005.jpg,149537,c3909847553726b0a538ff2f3645bf5a10161a927b5ac43cd05a26854ca8f3d8
real_life,usb stick,Adaptiope/real_life/usb stick/usb stick_020.jpg,usb stick_020.jpg,239883,74bbc017dc93af6ba1c20dfeca45bf06adb361a3e3a40aa0ed3082f293fc4de7
real_life,usb stick,Adaptiope/real_life/usb stick/usb stick_011.jpg,usb stick_011.jpg,212019,e6c2669a062b64e2c684e01de66c2e45186a643d287c1e428451b33ed5dcdb69
real_life,usb stick,Adaptiope/real_life/usb stick/usb stick_097.jpg,usb stick_097.jpg,269566,8c21d8887cd17ee0b84abf012f7fd9cc6fcdb2e16b905e3f7f40e20348f8b35e
real_life,usb stick,Adaptiope/real_life/usb stick/usb stick_002.jpg,usb stick_002.jpg,94770,18873f3a18651990d8c30019f0369807c9e8deba60bd24a7604770031152b6a2
real_life,usb stick,Adaptiope/real_life/usb stick/usb stick_034.jpg,usb stick_034.jpg,195277,32f1cd86e8ca03811621a3484b3741d79c53caee667d9eff281ca4a40f95000f
real_life,usb stick,Adaptiope/real_life/usb stick/usb stick_083.jpg,usb stick_083.jpg,181531,62bd32c77b32dc36ebb0c07b70f3b02e699e41031384fec8df22b1a16c823d78
real_life,usb stick,Adaptiope/real_life/usb stick/usb stick_033.jpg,usb stick_033.jpg,467847,899c252c98ec8cbfe2ae7389fc8d8f20007f76905c5810269ddd322aacd4cb6b
real_life,usb stick,Adaptiope/real_life/usb stick/usb stick_037.jpg,usb stick_037.jpg,351810,fee2b35ea12d0baf4dfaee116cc493e15a3e8fb9dbacf66fe662e9807500f4fb
real_life,usb stick,Adaptiope/real_life/usb stick/usb stick_001.jpg,usb stick_001.jpg,258917,0bc0ba4f8fd93f761a01f72a3b56bab493c78753fe4b0c016ff85185e0ecde72
real_life,usb stick,Adaptiope/real_life/usb stick/usb stick_039.jpg,usb stick_039.jpg,154930,3106db86ee9a9a270ad87016f25224ede2488de368b3cf4d7aca542ff55911bb
real_life,usb stick,Adaptiope/real_life/usb stick/usb stick_046.jpg,usb stick_046.jpg,195562,251df1ec7358ccc3c5c3993f696a5be9a90b5f76a4c9032e4382dab76743ccf1
real_life,usb stick,Adaptiope/real_life/usb stick/usb stick_068.jpg,usb stick_068.jpg,175965,cf32a0f1482e4e2219b566cd932b1d02a3db3ffd56906177086d1dee3831dab1
real_life,usb stick,Adaptiope/real_life/usb stick/usb stick_094.jpg,usb stick_094.jpg,123832,0a74fa69ad5ea924524140574448e6c2908b65b761735a330dc1c0db5e400dc9
real_life,usb stick,Adaptiope/real_life/usb stick/usb stick_054.jpg,usb stick_054.jpg,66286,92a50e0b5730e9a2b5a3afe1ed15b5628a05aeb10ea3cc2d74cd884f155b3be2
real_life,usb stick,Adaptiope/real_life/usb stick/usb stick_007.jpg,usb stick_007.jpg,176419,d9fe559e5ab1c579c8b592b2c72cc2dc4a83ee68491d2f6448dc4b60079aa375
real_life,usb stick,Adaptiope/real_life/usb stick/usb stick_078.jpg,usb stick_078.jpg,181389,924e3b89695b57a38e7d4f89bb9566c5ecb60b1d123ab51b02dfaf3e8b6106a7
real_life,usb stick,Adaptiope/real_life/usb stick/usb stick_000.jpg,usb stick_000.jpg,103805,0c48cc8ba01e282e70c1660445e6cfa4061cc8731bcd5a7046e2e13a69f13e0d
real_life,usb stick,Adaptiope/real_life/usb stick/usb stick_041.jpg,usb stick_041.jpg,217650,a74485e93d6a425decf13c01f3571b3b379ff1027132c96825aa150f3180c1a9
real_life,usb stick,Adaptiope/real_life/usb stick/usb stick_065.jpg,usb stick_065.jpg,119358,3e0891f073f9119f7382fecc4d4c01e6df5ebc7494b7fadd1e4865c359a126ba
real_life,usb stick,Adaptiope/real_life/usb stick/usb stick_004.jpg,usb stick_004.jpg,68999,0ca40b32c6d8d6a47895e2ee4f8532336497130c363ed62f945916f0f9b1eabf
real_life,usb stick,Adaptiope/real_life/usb stick/usb stick_052.jpg,usb stick_052.jpg,301647,6629ec2b2ce26688481971b61aade6069f886c4ede11ea808ce5738c7ab67e04
real_life,usb stick,Adaptiope/real_life/usb stick/usb stick_077.jpg,usb stick_077.jpg,74776,183db816fb67123179fd6de100ca86f64ab4158467e5fbe4fb6fd85798c5486c
real_life,usb stick,Adaptiope/real_life/usb stick/usb stick_057.jpg,usb stick_057.jpg,171977,f8869a00531549f7592a8d0477d9ae9b68896145277bd1a049bff8b132df02f6
real_life,usb stick,Adaptiope/real_life/usb stick/usb stick_043.jpg,usb stick_043.jpg,289630,3a25b71d1fd2b7c3c1e59646f8d0c8c61623cfbdcaee4cf5f1b47ce4cebe919c
real_life,usb stick,Adaptiope/real_life/usb stick/usb stick_059.jpg,usb stick_059.jpg,96934,fd0721f3fe9bedf02b6ef1774a8cdb7d691c27360a005e5f9796cc5b9a3a4065
real_life,usb stick,Adaptiope/real_life/usb stick/usb stick_064.jpg,usb stick_064.jpg,146403,541a91a8c0574a135a1d8cf607a14d358f1d5ce80a5485e39789707dd9bb566c
real_life,usb stick,Adaptiope/real_life/usb stick/usb stick_015.jpg,usb stick_015.jpg,169036,6d82b42b5fb915bd80a70f45b0664cd167e1b262cd8bbd8fdea76343ea9212d9
real_life,usb stick,Adaptiope/real_life/usb stick/usb stick_062.jpg,usb stick_062.jpg,172240,cd52b557d4a6ec1ee700394f8e5eabf7e3176333380dab14636ae97d0a9afa37
real_life,usb stick,Adaptiope/real_life/usb stick/usb stick_056.jpg,usb stick_056.jpg,169647,b149d5a45367b4ffb1b6a9b014726a4dc024d30666ec19927465dadc748bf2f6
real_life,usb stick,Adaptiope/real_life/usb stick/usb stick_021.jpg,usb stick_021.jpg,399458,d8e59be3393ea965f090f574bf39987d4f1ca46b56e3dbc771536665aff6e75d
real_life,usb stick,Adaptiope/real_life/usb stick/usb stick_079.jpg,usb stick_079.jpg,397553,56dab5317211c4710c7cfdeadb25ccb1c9f074c89600c255d06426f529e9ae8b
real_life,usb stick,Adaptiope/real_life/usb stick/usb stick_066.jpg,usb stick_066.jpg,53032,db97a232f146d88124aa7457fc8c2189ccda464d4e72e978817f43aeaf324c97
real_life,usb stick,Adaptiope/real_life/usb stick/usb stick_060.jpg,usb stick_060.jpg,128199,c12b4ba7be326b2343f88a4e6ab557e4d5a0c734f3c886133412328af122f948
real_life,usb stick,Adaptiope/real_life/usb stick/usb stick_069.jpg,usb stick_069.jpg,128019,a45e832635912d7e9a27bf279eb3e780ecfb030692153f91f504de7459a988e4
real_life,usb stick,Adaptiope/real_life/usb stick/usb stick_047.jpg,usb stick_047.jpg,164725,0fa38d4a734acbe111ebbb7a595ce1645ffe0dab58fde2809e8d254e02e4bba9
real_life,usb stick,Adaptiope/real_life/usb stick/usb stick_084.jpg,usb stick_084.jpg,123533,5ef9e8d0de74c6923f8bf28d40daf2b9810c04ec4134f8cdf5451a571e609175
real_life,usb stick,Adaptiope/real_life/usb stick/usb stick_096.jpg,usb stick_096.jpg,207276,498d0f4e3dfb6173fc23dd865771d2d72a2c16095c2f86a6c1e8feca36cec1b1
real_life,usb stick,Adaptiope/real_life/usb stick/usb stick_012.jpg,usb stick_012.jpg,78329,cdc594b520e60311829494784ef5c6002b3e9f38db05c9c2cf64a9f3151ff40b
real_life,usb stick,Adaptiope/real_life/usb stick/usb stick_075.jpg,usb stick_075.jpg,115823,8d71561d28fe66f616664f3c97331d6ff632211bbdfa93980485001fbb8c21d9
real_life,usb stick,Adaptiope/real_life/usb stick/usb stick_074.jpg,usb stick_074.jpg,87913,11912888da09cc8d08ff0cf0e0b267c40f1a0e244624285d61b02c142107d121
real_life,usb stick,Adaptiope/real_life/usb stick/usb stick_088.jpg,usb stick_088.jpg,133060,33577299546c029c8b31a872ff34f64053c08463bf37a736df495fdb4e7032ac
real_life,usb stick,Adaptiope/real_life/usb stick/usb stick_067.jpg,usb stick_067.jpg,46853,b8ed785cb927327f2cf87c51c27fc2884e72767ef71db0f4e839b4880b5b98bb
real_life,usb stick,Adaptiope/real_life/usb stick/usb stick_098.jpg,usb stick_098.jpg,167765,5cfdd9b2a2f2ad814687e5ed0c3b2a80027097ca4b5aa27fc9b503bc174fab9c
real_life,usb stick,Adaptiope/real_life/usb stick/usb stick_071.jpg,usb stick_071.jpg,163022,98535a85acead275478d475ea9a18fb108f6719b5b81a18017cff7f92c0a1543
real_life,usb stick,Adaptiope/real_life/usb stick/usb stick_032.jpg,usb stick_032.jpg,237299,6d1d24bbe3159ea0587a6994e06fa8cd9b45781ec2e6cb3820980ff3a5fe4b1b
real_life,usb stick,Adaptiope/real_life/usb stick/usb stick_009.jpg,usb stick_009.jpg,213310,f4cb168f34bbfb7b9aed1e6b380a105ac7cd21d23b64eea10d474464fb191176
real_life,usb stick,Adaptiope/real_life/usb stick/usb stick_051.jpg,usb stick_051.jpg,295684,df253a15076537b194240d85e1a5a3ded7d5aec2090fc2ccc7fc4732abf02449
real_life,usb stick,Adaptiope/real_life/usb stick/usb stick_016.jpg,usb stick_016.jpg,250945,fa8d54b97f1dbb3cbce338dc3795834de54bfafbd89fc6d5a782ec9de847bf33
real_life,usb stick,Adaptiope/real_life/usb stick/usb stick_044.jpg,usb stick_044.jpg,68316,837329c89392ded7083a7758212e2b570afad2f30c215fbd004b0d35ff17e805
real_life,in-ear headphones,Adaptiope/real_life/in-ear headphones/in-ear headphones_075.jpg,in-ear headphones_075.jpg,144965,9c06c05734d448f8c51888021675bbb798b1e18a5952539ef013aa1f1f8c5e3a
real_life,in-ear headphones,Adaptiope/real_life/in-ear headphones/in-ear headphones_095.jpg,in-ear headphones_095.jpg,244147,2266c590b3a289ce7b430ea2d14a45737e7ebbf0005a10b56e2bca7cc3cbf340
real_life,in-ear headphones,Adaptiope/real_life/in-ear headphones/in-ear headphones_066.jpg,in-ear headphones_066.jpg,401100,3e557f336dce431e74f2813dd2fa4e42c0c8a665f2a02412a486281f6aeb8ba0
real_life,in-ear headphones,Adaptiope/real_life/in-ear headphones/in-ear headphones_048.jpg,in-ear headphones_048.jpg,115514,682a2b8a43379eabd0b7eda2f0903694a1ba3982e48d275a56a34d22bc365dd4
real_life,in-ear headphones,Adaptiope/real_life/in-ear headphones/in-ear headphones_003.jpg,in-ear headphones_003.jpg,109294,60c9da5785972e64c62fededfbec7eaab87942d6f7f92d2e6734ee01024105e5
real_life,in-ear headphones,Adaptiope/real_life/in-ear headphones/in-ear headphones_033.jpg,in-ear headphones_033.jpg,337887,f5b828f29bb7c44f4e4bec9796ce86d5e78cc369e30b34f6ab257f8955da3e41
real_life,in-ear headphones,Adaptiope/real_life/in-ear headphones/in-ear headphones_094.jpg,in-ear headphones_094.jpg,77955,1f7f5c75532f20701574c380801c061d0d7bfc7c02ba9634b9642b3bf49c70e2
real_life,in-ear headphones,Adaptiope/real_life/in-ear headphones/in-ear headphones_031.jpg,in-ear headphones_031.jpg,83253,66496726b29993402beb6291e57d15520bf6ea88aba095a339b28c74e7939c25
real_life,in-ear headphones,Adaptiope/real_life/in-ear headphones/in-ear headphones_038.jpg,in-ear headphones_038.jpg,101483,94df95fc9031eb31ea862e4f0b6dff66a90018a67d0e7b3dc8973950316467de
real_life,in-ear headphones,Adaptiope/real_life/in-ear headphones/in-ear headphones_096.jpg,in-ear headphones_096.jpg,140120,f141635559898cafb0540839e32e7724bbc5b124f1609e728c0ee0ab5d7ac148
real_life,in-ear headphones,Adaptiope/real_life/in-ear headphones/in-ear headphones_085.jpg,in-ear headphones_085.jpg,153894,046f4ae1714d7dd4899deccd50ec30781b98329ed928bb891ecc26595c184107
real_life,in-ear headphones,Adaptiope/real_life/in-ear headphones/in-ear headphones_028.jpg,in-ear headphones_028.jpg,178356,593f54c54f97f72f8cc792e864429391d04a60ec16e2d69eac24ac5ad225e96e
real_life,in-ear headphones,Adaptiope/real_life/in-ear headphones/in-ear headphones_030.jpg,in-ear headphones_030.jpg,228895,054c4175b3494bee1115ea83ca8e12bb060ecba2c709dbc02387666a430ce363
real_life,in-ear headphones,Adaptiope/real_life/in-ear headphones/in-ear headphones_059.jpg,in-ear headphones_059.jpg,108695,52f049219f995962f66220df706f6a4d96ea31e62ad04504586d2c20ac17602e
real_life,in-ear headphones,Adaptiope/real_life/in-ear headphones/in-ear headphones_057.jpg,in-ear headphones_057.jpg,156548,29c325d9d9132ca0128ad2fcbf9b4d4e9a51079f5a45d1c2c21f3a3d9117dbba
real_life,in-ear headphones,Adaptiope/real_life/in-ear headphones/in-ear headphones_036.jpg,in-ear headphones_036.jpg,273816,854072e74155f407b050fed478ec39aaf2a3ef6cd493d2e56cd2fc552d9f2551
real_life,in-ear headphones,Adaptiope/real_life/in-ear headphones/in-ear headphones_007.jpg,in-ear headphones_007.jpg,432408,5723742a1d2f3cac5c154b31cc9bf57dfcb96e0d33a56aaaefb96d09775e0e4b
real_life,in-ear headphones,Adaptiope/real_life/in-ear headphones/in-ear headphones_076.jpg,in-ear headphones_076.jpg,166259,4d622d60a54c486c6f40fec35991dea518c548013f6ce308e2a438a25a7e7a45
real_life,in-ear headphones,Adaptiope/real_life/in-ear headphones/in-ear headphones_051.jpg,in-ear headphones_051.jpg,321868,06a11dbb6795ea0993ec642164ce486e204f011295aeb11cdaf3bfbb02192984
real_life,in-ear headphones,Adaptiope/real_life/in-ear headphones/in-ear headphones_023.jpg,in-ear headphones_023.jpg,286917,b871211c631495ddd7226c79977ce4aa403788024ec5b29809a9c7d9f2b18250
real_life,in-ear headphones,Adaptiope/real_life/in-ear headphones/in-ear headphones_052.jpg,in-ear headphones_052.jpg,164473,97b408894970c74ab7bc8f1503007d6360e4b628b7f80aea4e14923752065394
real_life,in-ear headphones,Adaptiope/real_life/in-ear headphones/in-ear headphones_087.jpg,in-ear headphones_087.jpg,498702,c78260e7300b3e557676ee35214652c14f595e5bef71d53bc40a4886d0ce69de
real_life,in-ear headphones,Adaptiope/real_life/in-ear headphones/in-ear headphones_091.jpg,in-ear headphones_091.jpg,132139,b1f8eceef458ea4340e07dc0b7a102569fc701ca5d4cb3b541ba5649a9cbc60e
real_life,in-ear headphones,Adaptiope/real_life/in-ear headphones/in-ear headphones_002.jpg,in-ear headphones_002.jpg,172401,9a5937c09268be369e8fadcfc5fa3e7d3fde54a70d1c30023c14fff5dfa1c48b
real_life,in-ear headphones,Adaptiope/real_life/in-ear headphones/in-ear headphones_018.jpg,in-ear headphones_018.jpg,104671,63788e70fb4c54f423c7dada73b8c2e3ad0b1116dc80e734ef8541c2b693a947
real_life,in-ear headphones,Adaptiope/real_life/in-ear headphones/in-ear headphones_014.jpg,in-ear headphones_014.jpg,186623,763dda6dc28c736fbff9a757f6724a94f17c77e55e09bc4c3bdf4c8428694304
real_life,in-ear headphones,Adaptiope/real_life/in-ear headphones/in-ear headphones_088.jpg,in-ear headphones_088.jpg,313890,e7e33d532c87ed2ad3c0264eb57a0b6ccf14e42a126c0f44bac266c457f432ea
real_life,in-ear headphones,Adaptiope/real_life/in-ear headphones/in-ear headphones_011.jpg,in-ear headphones_011.jpg,234612,c17de515727610c70a2b79836e0afbd1fd5573b57178b7aeb15859fdda9f6b9d
real_life,in-ear headphones,Adaptiope/real_life/in-ear headphones/in-ear headphones_027.jpg,in-ear headphones_027.jpg,181062,b0900dd13adab3a1d3c4f4a319f8821f7d41585deffc5ce96b3061d17bd0fd9e
real_life,in-ear headphones,Adaptiope/real_life/in-ear headphones/in-ear headphones_040.jpg,in-ear headphones_040.jpg,281344,03e260ba2c34dd2479699fedebe9ea69bd70522209d1410117d8889b4f126635
real_life,in-ear headphones,Adaptiope/real_life/in-ear headphones/in-ear headphones_070.jpg,in-ear headphones_070.jpg,185600,c3142a80df6fc704a311c948c0faf98fa7d4a484dbb79bb4770a25485843e7ec
real_life,in-ear headphones,Adaptiope/real_life/in-ear headphones/in-ear headphones_098.jpg,in-ear headphones_098.jpg,217258,294fc4b33028bef5d8ed6693ee7ae4ecb2cb606a4af58262ed7e1de0bcfa002a
real_life,in-ear headphones,Adaptiope/real_life/in-ear headphones/in-ear headphones_045.jpg,in-ear headphones_045.jpg,153753,ac09db508ce6e5b879b03be1927e9325b37a6440f706e8199d4b12421eb922d1
real_life,in-ear headphones,Adaptiope/real_life/in-ear headphones/in-ear headphones_034.jpg,in-ear headphones_034.jpg,170585,804decc50fb9950d5a5104207292d186b1483e71d0e966bcc9f72d083793b81c
real_life,in-ear headphones,Adaptiope/real_life/in-ear headphones/in-ear headphones_037.jpg,in-ear headphones_037.jpg,233816,63b44cde5fc7bc7806f2ebf1cd00073639d7fac7a1caa9691390c2c133efab28
real_life,in-ear headphones,Adaptiope/real_life/in-ear headphones/in-ear headphones_083.jpg,in-ear headphones_083.jpg,318563,a04c08ea7456f90bc63f6231dbd5bf59d4bd0a50e35d01c6e716bbce7bb4036c
real_life,in-ear headphones,Adaptiope/real_life/in-ear headphones/in-ear headphones_090.jpg,in-ear headphones_090.jpg,38690,6b477faabb5383d49f7a1d4ccaa30432a9bdf284cc2d3377177989da4547134c
real_life,in-ear headphones,Adaptiope/real_life/in-ear headphones/in-ear headphones_061.jpg,in-ear headphones_061.jpg,121749,dad5354235c6b64975f8f3e676c6bc0d51d65d3b169ec52db30691992a8869c4
real_life,in-ear headphones,Adaptiope/real_life/in-ear headphones/in-ear headphones_005.jpg,in-ear headphones_005.jpg,192020,f0af32bc0f75f032665c54987ae4c61dc4b0c7e4da51d23dc9a200616cd8bdaa
real_life,in-ear headphones,Adaptiope/real_life/in-ear headphones/in-ear headphones_024.jpg,in-ear headphones_024.jpg,229980,cb70f7aefdb37dca3df1cfa00e024e4864f57b4a4c39ef26105153ae775a4a0e
real_life,in-ear headphones,Adaptiope/real_life/in-ear headphones/in-ear headphones_093.jpg,in-ear headphones_093.jpg,119847,f5500c3ff886e0590da77b7c65223d298fe9172b54d33eccdf1bdb9a74df2097
real_life,in-ear headphones,Adaptiope/real_life/in-ear headphones/in-ear headphones_041.jpg,in-ear headphones_041.jpg,139603,f790a4a0887ece7ecde202edf266bf1831b7bbfa7ad67a7ed5dca7e3ec1d2572
real_life,in-ear headphones,Adaptiope/real_life/in-ear headphones/in-ear headphones_020.jpg,in-ear headphones_020.jpg,161279,a2894908c8371ae5c0e0315a4e19b07ae02799abf64a7be8a605508a21216a0f
real_life,in-ear headphones,Adaptiope/real_life/in-ear headphones/in-ear headphones_084.jpg,in-ear headphones_084.jpg,291886,74a95fdead59b1fd0e4611106ec84398f238d4d7afa25645a2658843c93cbd3c
real_life,in-ear headphones,Adaptiope/real_life/in-ear headphones/in-ear headphones_019.jpg,in-ear headphones_019.jpg,251292,c484b402947778d62d67644a5010c2c7acd700221eec30fa3939a710353448f1
real_life,in-ear headphones,Adaptiope/real_life/in-ear headphones/in-ear headphones_054.jpg,in-ear headphones_054.jpg,216269,d5d10d7f24aa36e2d3d2360b5808f6e5687806960da35c814e026909e73858c9
real_life,in-ear headphones,Adaptiope/real_life/in-ear headphones/in-ear headphones_081.jpg,in-ear headphones_081.jpg,264177,8d4880d130ea436b222e07310e74e1512d1e2c5e6a95f348e4499a86c33071f7
real_life,in-ear headphones,Adaptiope/real_life/in-ear headphones/in-ear headphones_015.jpg,in-ear headphones_015.jpg,121422,6736bb8b4ae4a00d0e45cff225ea62f445546dc632a34161ef93915cda6b679b
real_life,in-ear headphones,Adaptiope/real_life/in-ear headphones/in-ear headphones_062.jpg,in-ear headphones_062.jpg,112692,ac4beeb205d5c38cd88afd33de02df0c4320b95fa3d63601b2b47ecba00d41c9
real_life,in-ear headphones,Adaptiope/real_life/in-ear headphones/in-ear headphones_092.jpg,in-ear headphones_092.jpg,161704,35ded6a2b96722255f91ede001f80bce245b386cc613091052e5b11316c73257
real_life,in-ear headphones,Adaptiope/real_life/in-ear headphones/in-ear headphones_022.jpg,in-ear headphones_022.jpg,169583,ab804ba0e2931f9eec4981b99eec0a77ead77326ffa7277b1974b7f73b47f1e6
real_life,in-ear headphones,Adaptiope/real_life/in-ear headphones/in-ear headphones_010.jpg,in-ear headphones_010.jpg,216055,d092e2b55bd121985451abef422eedded3b6e842286ce84dca0d2e2f0f60cb3c
real_life,in-ear headphones,Adaptiope/real_life/in-ear headphones/in-ear headphones_073.jpg,in-ear headphones_073.jpg,111810,6939f911164f81f1e73cf724e8cfcfd94c7351956c1462520ff0d615dd12c9ee
real_life,in-ear headphones,Adaptiope/real_life/in-ear headphones/in-ear headphones_047.jpg,in-ear headphones_047.jpg,314952,3561b4ac6720b06681596ff83aef3b9ca08e103d96462df40db97dbabcef6bed
real_life,in-ear headphones,Adaptiope/real_life/in-ear headphones/in-ear headphones_072.jpg,in-ear headphones_072.jpg,36418,3418a2baf0e82e73ba4d39756e56950dda1067ae466cea67e3872289a236c081
real_life,in-ear headphones,Adaptiope/real_life/in-ear headphones/in-ear headphones_067.jpg,in-ear headphones_067.jpg,151692,5f8a4ecc7df18a8625ea508eba1773f4841fda0f8275ac452dc63469bcbd3243
real_life,in-ear headphones,Adaptiope/real_life/in-ear headphones/in-ear headphones_044.jpg,in-ear headphones_044.jpg,224504,5e0d674d525631c7bdf56c6e0f8a3ad8f770ab2ec5d6f7dc954e0fd2502f9048
real_life,in-ear headphones,Adaptiope/real_life/in-ear headphones/in-ear headphones_021.jpg,in-ear headphones_021.jpg,202237,67fa3fef3b575254c2ba677859e39778a6642c0421a3bbecdd91fcf8dd767e66
real_life,in-ear headphones,Adaptiope/real_life/in-ear headphones/in-ear headphones_026.jpg,in-ear headphones_026.jpg,258444,c5d1742d20390e727435fc777395362c45153580d6fbd0e42fef543359d87fa5
real_life,in-ear headphones,Adaptiope/real_life/in-ear headphones/in-ear headphones_078.jpg,in-ear headphones_078.jpg,161145,e0dae771bc630317bc931dd81de6d2cb852db737fe5264182350bb4cdbd7e752
real_life,in-ear headphones,Adaptiope/real_life/in-ear headphones/in-ear headphones_009.jpg,in-ear headphones_009.jpg,305948,bc5a8ca873e0cad6cc832e8c9ab0780abc07b55232ea8acbfe940e93c96f0b96
real_life,in-ear headphones,Adaptiope/real_life/in-ear headphones/in-ear headphones_049.jpg,in-ear headphones_049.jpg,191618,baafae943d8492eacc0eff11b88dc1ce618b32b82045d2afb974cd2f155e102a
real_life,in-ear headphones,Adaptiope/real_life/in-ear headphones/in-ear headphones_042.jpg,in-ear headphones_042.jpg,159807,bc6b4e4c55f77dc3324f8bfac4201ae69f7682eff4f625b60306a20351e36c69
real_life,in-ear headphones,Adaptiope/real_life/in-ear headphones/in-ear headphones_046.jpg,in-ear headphones_046.jpg,229608,f427dc79540abf272efebed272e782267afe7ad2317d02ad16fcf69fec60b94a
real_life,in-ear headphones,Adaptiope/real_life/in-ear headphones/in-ear headphones_065.jpg,in-ear headphones_065.jpg,375189,4f8a23b266818eb7cbd7b9629c82ae791e7fee2fe41912c30438f1b49568d1ce
real_life,in-ear headphones,Adaptiope/real_life/in-ear headphones/in-ear headphones_013.jpg,in-ear headphones_013.jpg,125459,517548724ef694dd32d17d657a7ba394ce5ae132f57ca354d614eae685ca7ee0
real_life,in-ear headphones,Adaptiope/real_life/in-ear headphones/in-ear headphones_017.jpg,in-ear headphones_017.jpg,9049,303591220be218ae9ad593ca8b6acf050924e65cdb351b3a4ae143d9a08748f1
real_life,in-ear headphones,Adaptiope/real_life/in-ear headphones/in-ear headphones_058.jpg,in-ear headphones_058.jpg,168789,9c0f34dce1f7dabecbbf3dd25989c8e45b84004a8ce5961b1d22108bb686759b
real_life,in-ear headphones,Adaptiope/real_life/in-ear headphones/in-ear headphones_063.jpg,in-ear headphones_063.jpg,123620,d3daffce65f5eadc3dc7cda1ea1705319fef9ec7f5b2db6dd11b75886940bbcf
real_life,in-ear headphones,Adaptiope/real_life/in-ear headphones/in-ear headphones_012.jpg,in-ear headphones_012.jpg,100051,e589ee5317f6700fd56b61274d5f1fee3b130f558d3690590f863921500ef4fb
real_life,in-ear headphones,Adaptiope/real_life/in-ear headphones/in-ear headphones_077.jpg,in-ear headphones_077.jpg,135423,2232663a5ac32609dc78c41e7cc0790687bee961627772c23968601ba4932759
real_life,in-ear headphones,Adaptiope/real_life/in-ear headphones/in-ear headphones_050.jpg,in-ear headphones_050.jpg,113266,f9629358973924b782ac7cd92613fe6e1a8b56ab546cc3a254b4fd994549a2ab
real_life,in-ear headphones,Adaptiope/real_life/in-ear headphones/in-ear headphones_029.jpg,in-ear headphones_029.jpg,243928,95ee2c97e76f103f3a1816a5a76c19c11e7c868355ac82cd62786c0d2c044032
real_life,in-ear headphones,Adaptiope/real_life/in-ear headphones/in-ear headphones_016.jpg,in-ear headphones_016.jpg,499030,a3a9614c6c9255c31c30df0f6705d4e21ffddd76880e9c788d86af96797c70db
real_life,in-ear headphones,Adaptiope/real_life/in-ear headphones/in-ear headphones_035.jpg,in-ear headphones_035.jpg,231514,ba05836f25562afd162361a678999e98b5ff00fc33cfe2e1f42a087c72c3cfd3
real_life,in-ear headphones,Adaptiope/real_life/in-ear headphones/in-ear headphones_025.jpg,in-ear headphones_025.jpg,576979,95d660108aa00cb98c18b20ba1a01a87e5093827ac87c453a74df5acf23a83af
real_life,in-ear headphones,Adaptiope/real_life/in-ear headphones/in-ear headphones_080.jpg,in-ear headphones_080.jpg,12303,a1807980d265486a4fc089459ebee56296ae338fd9113076db09dcb80f39ffbc
real_life,in-ear headphones,Adaptiope/real_life/in-ear headphones/in-ear headphones_064.jpg,in-ear headphones_064.jpg,22495,9b4ef01e1b47452526d9bd2899615602ef98304261810d34464bd3f7db6f82dd
real_life,in-ear headphones,Adaptiope/real_life/in-ear headphones/in-ear headphones_086.jpg,in-ear headphones_086.jpg,306205,915cb2dc0daf53fd19e5bd8f7602cf47ecd758a4cc9e8a6efb0d6abf03c96c0e
real_life,in-ear headphones,Adaptiope/real_life/in-ear headphones/in-ear headphones_082.jpg,in-ear headphones_082.jpg,137832,ebed2599978e55a90b8821812ba2ace02ca0617e142659c24c6d018cd0c46959
real_life,in-ear headphones,Adaptiope/real_life/in-ear headphones/in-ear headphones_071.jpg,in-ear headphones_071.jpg,110390,7fdec88c77fc95462364ff11102a2c3c9947c323b9cdff52a9f63d022a9866cd
real_life,in-ear headphones,Adaptiope/real_life/in-ear headphones/in-ear headphones_074.jpg,in-ear headphones_074.jpg,239972,9e940b3bd6bc90f3d82e1ea966bbe881acb90ecbfbf4968912a3db2a1940163a
real_life,in-ear headphones,Adaptiope/real_life/in-ear headphones/in-ear headphones_099.jpg,in-ear headphones_099.jpg,179861,540bb15cbc6ee3ffec8363b9f1d51335660648880db02c299c9ab1197adbbaf3
real_life,in-ear headphones,Adaptiope/real_life/in-ear headphones/in-ear headphones_053.jpg,in-ear headphones_053.jpg,140144,0b4ab2d1630a7c77ff23ae23deec85f9848722bcda1105fe9edb1e4a146badb0
real_life,in-ear headphones,Adaptiope/real_life/in-ear headphones/in-ear headphones_060.jpg,in-ear headphones_060.jpg,459426,9495a6be98360ecce8954f7ff1b58a2b4769d94ed8ef899301d940c0baa770c0
real_life,in-ear headphones,Adaptiope/real_life/in-ear headphones/in-ear headphones_056.jpg,in-ear headphones_056.jpg,168344,a635d4145dc6c6b4f16508b5e5d3c96467fb307d7ee535aabf5480c57adebb71
real_life,in-ear headphones,Adaptiope/real_life/in-ear headphones/in-ear headphones_055.jpg,in-ear headphones_055.jpg,260651,6b288768a0dd409edc4c5eb15d1434331eca5ea6ca2fa1944d34f846ae260eb3
real_life,in-ear headphones,Adaptiope/real_life/in-ear headphones/in-ear headphones_079.jpg,in-ear headphones_079.jpg,207622,328bb569339c4aab7a0aae3d0cd310bae0cdb87435795fb502eb66baaccf578d
real_life,in-ear headphones,Adaptiope/real_life/in-ear headphones/in-ear headphones_089.jpg,in-ear headphones_089.jpg,260532,3ac683289e2e14c2bf0a2011115e485aadb42ed9fb7e7435ed23a73cb758c139
real_life,in-ear headphones,Adaptiope/real_life/in-ear headphones/in-ear headphones_068.jpg,in-ear headphones_068.jpg,106719,8261c7b0f8337a4b66852c2a34f879853ba7f51d4c95c4c326d7919f261482f0
real_life,in-ear headphones,Adaptiope/real_life/in-ear headphones/in-ear headphones_000.jpg,in-ear headphones_000.jpg,208926,bb947bb86342da95a0fbfd3083391dc47b73531e1b22a3b53be4fdf9bd1ccdfb
real_life,in-ear headphones,Adaptiope/real_life/in-ear headphones/in-ear headphones_001.jpg,in-ear headphones_001.jpg,257108,02a927f0996d8d9bb9d0c5370a95741a13b44ab4d2c84efa8fec72a14bf76094
real_life,in-ear headphones,Adaptiope/real_life/in-ear headphones/in-ear headphones_069.jpg,in-ear headphones_069.jpg,261277,74190178416cc7e87ed537a53b0033587505a563dc7b712ac59335bfe60748cc
real_life,in-ear headphones,Adaptiope/real_life/in-ear headphones/in-ear headphones_039.jpg,in-ear headphones_039.jpg,163392,48897b81ba82bf15df08f735b496a1706c3dd2c62771c9e754727d8dff71ee12
real_life,in-ear headphones,Adaptiope/real_life/in-ear headphones/in-ear headphones_097.jpg,in-ear headphones_097.jpg,9551,0003642703e4e1235eeec0ac3b4ba2666976153aacb20bc0ea48d0ec92548b62
real_life,in-ear headphones,Adaptiope/real_life/in-ear headphones/in-ear headphones_043.jpg,in-ear headphones_043.jpg,261782,e688c9a055a418cdeaa8b31a1ebb91d4eeb925ac58ef11458b774b5ae2937878
real_life,in-ear headphones,Adaptiope/real_life/in-ear headphones/in-ear headphones_008.jpg,in-ear headphones_008.jpg,407974,32669f89a018ff1e242cf0d2f946c7b436ea177e9f9c6784a3c2ec66729df0c7
real_life,in-ear headphones,Adaptiope/real_life/in-ear headphones/in-ear headphones_004.jpg,in-ear headphones_004.jpg,164860,7326a9c03044e6116ee68ff5c259a09c9574e17d8e26f98ea55750bef3d268d7
real_life,in-ear headphones,Adaptiope/real_life/in-ear headphones/in-ear headphones_032.jpg,in-ear headphones_032.jpg,454340,61e028bd2a2c3e070170b5f51e804f4122aaef6613c67d8b2ad5a8ea0193fe7f
real_life,in-ear headphones,Adaptiope/real_life/in-ear headphones/in-ear headphones_006.jpg,in-ear headphones_006.jpg,299113,4d4f6bb0df1e782f2011bae8b0dde700bb67da8e0b12bab26dd0b20c0bd471c6
real_life,calculator,Adaptiope/real_life/calculator/calculator_006.jpg,calculator_006.jpg,204316,f52454952fbcf693a78f5c6110a4e22395c0bb70da7e54d9f6010db744f1c279
real_life,calculator,Adaptiope/real_life/calculator/calculator_079.jpg,calculator_079.jpg,232983,c84521de790948ebe029d443bd9155480c4be5d586f48e6775bcf7868004edaa
real_life,calculator,Adaptiope/real_life/calculator/calculator_086.jpg,calculator_086.jpg,230024,70369068d88e041115ebddf72c937537fefacb3b5915701686a1331135ee7a37
real_life,calculator,Adaptiope/real_life/calculator/calculator_024.jpg,calculator_024.jpg,97260,65288bb27c089442efd62d8623fdcd02b13e23510975f6ab1b400b3c420394c7
real_life,calculator,Adaptiope/real_life/calculator/calculator_061.jpg,calculator_061.jpg,199496,fbaed75f4c61ca3fc05b027630609fc0916c6482834492e6e18991e906aec7bc
real_life,calculator,Adaptiope/real_life/calculator/calculator_088.jpg,calculator_088.jpg,191996,3368cddda9b42d0fda87cad2ef2d75035af6662050aad1385ba72340cbc7063f
real_life,calculator,Adaptiope/real_life/calculator/calculator_060.jpg,calculator_060.jpg,177203,2cbf37ec6ed2e3f79d6cf1739824ddf9658a0c1ba6d6671c8b777b9fc325266b
real_life,calculator,Adaptiope/real_life/calculator/calculator_013.jpg,calculator_013.jpg,160738,02b8b4f507eee49e789149a3064d2c49168354988fb4c10e712f547614addff7
real_life,calculator,Adaptiope/real_life/calculator/calculator_064.jpg,calculator_064.jpg,157265,d112e044b04679ff42f951405426d2181c397256f20bd548656ff8d8d6ca771c
real_life,calculator,Adaptiope/real_life/calculator/calculator_087.jpg,calculator_087.jpg,158367,eefaa19d1f39bb091ac860fab4a5b03339f2b19f6cbe2f7e62cf59bb74228a91
real_life,calculator,Adaptiope/real_life/calculator/calculator_022.jpg,calculator_022.jpg,117518,663b4f7fdab61526fd4da6dfcbd62e2741b3b121e6307ab1a0c8ab99f9894648
real_life,calculator,Adaptiope/real_life/calculator/calculator_083.jpg,calculator_083.jpg,115825,7a9bb17541038b46038b50b04bdb4bb840fdc63cc4b897c6de937724d3a70faa
real_life,calculator,Adaptiope/real_life/calculator/calculator_014.jpg,calculator_014.jpg,274085,7edfd6e299f4301ea21470bc979f8a2c4a452aa7ead5644d0ada71bea142a73a
real_life,calculator,Adaptiope/real_life/calculator/calculator_032.jpg,calculator_032.jpg,145072,361eae30858ee10f0d88b2cfc2d5b0c5279ca39d9f302b9cc884878b8648b1e1
real_life,calculator,Adaptiope/real_life/calculator/calculator_025.jpg,calculator_025.jpg,130655,e8e52580ed10a5bb0403b3a0308530cc9849f3dfdbaa4b7204be539fb86952cf
real_life,calculator,Adaptiope/real_life/calculator/calculator_067.jpg,calculator_067.jpg,38346,8a81490eeff7399f8c25d701d06f43b635ef932788256bc6406929b0e8190ecc
real_life,calculator,Adaptiope/real_life/calculator/calculator_001.jpg,calculator_001.jpg,114456,5ebd1db227664ad58a86ee11f6ec65a5b7006bf82eb451f0daea45ee4e864163
real_life,calculator,Adaptiope/real_life/calculator/calculator_076.jpg,calculator_076.jpg,189964,2c6ae9b9f02b176a6111b459296a0d878a23f54bc8e8060945aa815340d2d2fe
real_life,calculator,Adaptiope/real_life/calculator/calculator_048.jpg,calculator_048.jpg,170249,b9227271c8191aaa39824768561dc1ba8fc231c5f4c5f1931ad457c62c198682
real_life,calculator,Adaptiope/real_life/calculator/calculator_010.jpg,calculator_010.jpg,24889,ec51a7a549c5d8583e59d7e378c8d2a4e53b9bcdfc4bc398b4b37a72111cf5bf
real_life,calculator,Adaptiope/real_life/calculator/calculator_027.jpg,calculator_027.jpg,219202,8fb14b1e0383df9ecddcb646cf631bc5a9c78ec17247ecdef6a085c83c46105e
real_life,calculator,Adaptiope/real_life/calculator/calculator_041.jpg,calculator_041.jpg,224828,4694abfa3a73dcca67a1b40eb4d2f748181399f130348e763584e68b05139621
real_life,calculator,Adaptiope/real_life/calculator/calculator_018.jpg,calculator_018.jpg,200868,6a2a0e22f4264e2be17e1e9830ad273f65612326f6abfe44ea1ede8a11bddfed
real_life,calculator,Adaptiope/real_life/calculator/calculator_042.jpg,calculator_042.jpg,224577,307e47d63a270c8f709eb534fa689dfb404aa00cb97ee2afc5c5e9cc51fafa43
real_life,calculator,Adaptiope/real_life/calculator/calculator_070.jpg,calculator_070.jpg,192155,588d7b839044ced7cdc618d1354aad891ebe61b4ef27dc942338b4f4e011dc6e
real_life,calculator,Adaptiope/real_life/calculator/calculator_081.jpg,calculator_081.jpg,206837,80bdc9a30a1dc11e02fd792f76b268f379b5d6c1e72e40c9235f0c188c86803a
real_life,calculator,Adaptiope/real_life/calculator/calculator_005.jpg,calculator_005.jpg,143625,73293665b4472490388015e0b2551c1731980806ba3088a731ca89ed3aced1b0
real_life,calculator,Adaptiope/real_life/calculator/calculator_017.jpg,calculator_017.jpg,111813,753273edd09fc69f4b95add069f90856b5636573faeed65912f483cff3889991
real_life,calculator,Adaptiope/real_life/calculator/calculator_053.jpg,calculator_053.jpg,322696,94e77a4ed5fb3f06dc88519d91a3f2144d967133aa625950e1a03eadb63b6176
real_life,calculator,Adaptiope/real_life/calculator/calculator_046.jpg,calculator_046.jpg,163737,980a2ef70e95d7f8e04bcafcf0a10e797a375cdf48c5b62f045cad32a84c6298
real_life,calculator,Adaptiope/real_life/calculator/calculator_069.jpg,calculator_069.jpg,140791,847d96f29cbc66eb3961303e33a0f95148096e08f805d23bd9025070530f8825
real_life,calculator,Adaptiope/real_life/calculator/calculator_012.jpg,calculator_012.jpg,112928,1f9f086ce33c0b98ad9a5c0e65efc84f7db2f994efdfbea668b9f5ca67b675df
real_life,calculator,Adaptiope/real_life/calculator/calculator_035.jpg,calculator_035.jpg,127411,fce10f432df548b7272b4214cd4ee69530aea18a60d1a8769f324cdc94a95feb
real_life,calculator,Adaptiope/real_life/calculator/calculator_098.jpg,calculator_098.jpg,193004,ed1b7379c26190e38f4b08f0aa643f297b8d808efe1b6d0eb3f18e6f5fdf6a07
real_life,calculator,Adaptiope/real_life/calculator/calculator_063.jpg,calculator_063.jpg,109821,404b88784c821cf08bb55edc85e047c668e15ccde405fc0d970c0d787b011b07
real_life,calculator,Adaptiope/real_life/calculator/calculator_089.jpg,calculator_089.jpg,227429,04de83f3b072518131c212aa496b193cf113305a5c1622587a2ede07db3842ee
real_life,calculator,Adaptiope/real_life/calculator/calculator_043.jpg,calculator_043.jpg,124446,c7a78e5040001f5d8ca0a6b9bd1ef5dfab1b85d7d2b34ecfd6003275d70c27b6
real_life,calculator,Adaptiope/real_life/calculator/calculator_075.jpg,calculator_075.jpg,221020,7f0cc0d8c2496068055d307de683ba34c1715611b622be453a9dcd1bc7fabed9
real_life,calculator,Adaptiope/real_life/calculator/calculator_054.jpg,calculator_054.jpg,184167,66b1e65eba63425cddd2ca4f990ea98d122259f7b0f7a0a5b250e2b712770957
real_life,calculator,Adaptiope/real_life/calculator/calculator_034.jpg,calculator_034.jpg,141030,1775abf492fea04625151b6e96e5af7ea28aa1caf100a77b7bf3d9a26b3092c0
real_life,calculator,Adaptiope/real_life/calculator/calculator_007.jpg,calculator_007.jpg,227135,372dc0d554d4afb89660028d14a9f47ac0e4d08ac8f76a34ac654cc88ba6b7b0
real_life,calculator,Adaptiope/real_life/calculator/calculator_099.jpg,calculator_099.jpg,345347,a1fb245046314cfd52d545279929db7423bec2e95b630a0d3f9c29df55545e7f
real_life,calculator,Adaptiope/real_life/calculator/calculator_039.jpg,calculator_039.jpg,78317,cbfb52102432d1d44abfeb8a3534ebc00289ad5a618c71376a3983de78dc5074
real_life,calculator,Adaptiope/real_life/calculator/calculator_058.jpg,calculator_058.jpg,187053,d26b8ef01ef4446e2479437d90da1be77d28e8406925c881aeaf1a177ca0d747
real_life,calculator,Adaptiope/real_life/calculator/calculator_004.jpg,calculator_004.jpg,202293,2500d5350a0fa9ac0ee3a013a4db06dfdfa86e8c553186719e5c4fbee0ea022c
real_life,calculator,Adaptiope/real_life/calculator/calculator_037.jpg,calculator_037.jpg,301859,011d9fd9895c644409076be68b6aa79c40478eba46abf82d6bfc36b413578272
real_life,calculator,Adaptiope/real_life/calculator/calculator_080.jpg,calculator_080.jpg,195297,8aa41ef9c7755dbf8c1fbae92da212d838de44e917fa59c6fd99e1d41ec4c78a
real_life,calculator,Adaptiope/real_life/calculator/calculator_050.jpg,calculator_050.jpg,239182,ab918f193ff3efbe56ba05a82fb55640e169a0ef747f64f387e2df770ed86e6b
real_life,calculator,Adaptiope/real_life/calculator/calculator_084.jpg,calculator_084.jpg,137156,4c23c36befc7dce3e505e9bea0bedf2abfef59a11adfa86c1c367608746b0049
real_life,calculator,Adaptiope/real_life/calculator/calculator_015.jpg,calculator_015.jpg,96146,49ecbd95bc5d786523733010e29a576318f8b2d5cc3b473f0c9368172753ef7a
real_life,calculator,Adaptiope/real_life/calculator/calculator_055.jpg,calculator_055.jpg,169957,7ee33c25c914313dd3f53353500bba320f231a1b01245a95360e1a74f62df5d8
real_life,calculator,Adaptiope/real_life/calculator/calculator_096.jpg,calculator_096.jpg,140680,09028cbb99cc82b9f5eaeeccdad56b1e1d97349c4e4520c4f35930fc87a6caf6
real_life,calculator,Adaptiope/real_life/calculator/calculator_057.jpg,calculator_057.jpg,96969,7b843b5fb843380826a37d2ff1cba55bc1fcf13361f82eff4effc85f41e397ca
real_life,calculator,Adaptiope/real_life/calculator/calculator_019.jpg,calculator_019.jpg,563163,b1c86f414ad3b7cb651f0c0122058c08ff32bcaf96f6e92657681e3002e40949
real_life,calculator,Adaptiope/real_life/calculator/calculator_074.jpg,calculator_074.jpg,244887,0694dacf4bf7575d0f1c1572ac21c48a3e39c16ab7cbe88ebcee12eab0d51cfa
real_life,calculator,Adaptiope/real_life/calculator/calculator_033.jpg,calculator_033.jpg,218634,f2b69df5389a613d9dc5fdd72024038ac2f0f1e94b55de1ca790adcb52531032
real_life,calculator,Adaptiope/real_life/calculator/calculator_038.jpg,calculator_038.jpg,195588,572d32ddaccb5c0db9c5504ced3d6446e275cbc5888ec343e55c63d8fec2f75d
real_life,calculator,Adaptiope/real_life/calculator/calculator_077.jpg,calculator_077.jpg,216313,a49f5fdd48653cea52d6d8bcf63f72b86aa97e66c343987aa8d31c3148a515e3
real_life,calculator,Adaptiope/real_life/calculator/calculator_072.jpg,calculator_072.jpg,139896,38d0a91d883c0584aca37d08794c3321214830082536a0daf26f46af804758d6
real_life,calculator,Adaptiope/real_life/calculator/calculator_049.jpg,calculator_049.jpg,262059,d88186be584c758cc747e0e154d327645996dc7d2d51cdf72ad9fe35886588c0
real_life,calculator,Adaptiope/real_life/calculator/calculator_016.jpg,calculator_016.jpg,303528,bdf014a2ac160659721bab19c67158c7e839a3b71c54633599d07325081bb71a
real_life,calculator,Adaptiope/real_life/calculator/calculator_036.jpg,calculator_036.jpg,292507,f47e705831c4faf2a0c9441ef667f2b01f16363c316a971549149693f472bda9
real_life,calculator,Adaptiope/real_life/calculator/calculator_011.jpg,calculator_011.jpg,230807,06f514690e94398f3ba0d85f687462539063ea71296c92ac15bfe8864a6827af
real_life,calculator,Adaptiope/real_life/calculator/calculator_030.jpg,calculator_030.jpg,266126,cd08ef785b4fc255accc97b7d4829ff31f85556989760d0bee65c26f8a092c7c
real_life,calculator,Adaptiope/real_life/calculator/calculator_071.jpg,calculator_071.jpg,245307,db68f3848ce6c5a9c8d3fdcfc6d074e72a10708c1b5da46fd6a45515653e82ac
real_life,calculator,Adaptiope/real_life/calculator/calculator_031.jpg,calculator_031.jpg,286285,5a12e7d10f33c65bcaedbdeb8a770f42b957bce13289b1ed810520ad2f1f4ee1
real_life,calculator,Adaptiope/real_life/calculator/calculator_082.jpg,calculator_082.jpg,144371,39c3f679dcb4b27d7340cf2c154f11699872a0d1fe1fb40ff5465297cf829748
real_life,calculator,Adaptiope/real_life/calculator/calculator_065.jpg,calculator_065.jpg,221562,816d5c2222c411e2aab2f674882dc0ab98894fe875f67570c8b24aa35e047288
real_life,calculator,Adaptiope/real_life/calculator/calculator_052.jpg,calculator_052.jpg,326779,564b269fbb1ec2e6c6e0c16e26537bc40703ca6b06fb6116ed452d656185f57f
real_life,calculator,Adaptiope/real_life/calculator/calculator_047.jpg,calculator_047.jpg,145411,5a8926a6a46b45c0b47acdf8803425a2916a5543b9ff22c71df559c87297a516
real_life,calculator,Adaptiope/real_life/calculator/calculator_028.jpg,calculator_028.jpg,204527,9087423ea38c18783e0ec73da793a8c4179f320b9fcf9235464f765b003e9c07
real_life,calculator,Adaptiope/real_life/calculator/calculator_078.jpg,calculator_078.jpg,245090,c7c76a59e87d4b5e9688399873c83c70acd87044d9240695563954d201f17871
real_life,calculator,Adaptiope/real_life/calculator/calculator_009.jpg,calculator_009.jpg,180773,059486f768ca206a4d361416596dbeb7631a7af73dae32e8e91a85e41f5d6ea4
real_life,calculator,Adaptiope/real_life/calculator/calculator_023.jpg,calculator_023.jpg,239762,e92250a54367676d3d48ec8e2de5ca1d2ac1f870cca4e1f37bcec4b3a3a9d1d7
real_life,calculator,Adaptiope/real_life/calculator/calculator_066.jpg,calculator_066.jpg,154633,48067b22ff3933175db91d60e051c5d286e7103290e5d355b4ef597c030110bd
real_life,calculator,Adaptiope/real_life/calculator/calculator_051.jpg,calculator_051.jpg,142732,49c13639b1600656a324a9860ccdfd1ce1b928be0950669a760b500955405ba5
real_life,calculator,Adaptiope/real_life/calculator/calculator_044.jpg,calculator_044.jpg,300687,c4d6eaa1446f3d54e3229443dc62538776aac1d49f5219666037bb2641cdad0c
real_life,calculator,Adaptiope/real_life/calculator/calculator_059.jpg,calculator_059.jpg,185326,3aa20a30ce6e4b1f454c1748faaf5ba0ca3991543ea4061d0a2f3f409d9c0efe
real_life,calculator,Adaptiope/real_life/calculator/calculator_092.jpg,calculator_092.jpg,241774,1a5b064500a1f151c5bdfca1a331b1f0fc5f243dbd395879d6a20a4db09370d2
real_life,calculator,Adaptiope/real_life/calculator/calculator_095.jpg,calculator_095.jpg,24313,28f1e87e7181ab2062af341e08a6f6d192f4b31a74ded5db07c3768fa4fe48ef
real_life,calculator,Adaptiope/real_life/calculator/calculator_068.jpg,calculator_068.jpg,94760,e66d3527bb967ef73b532ea53200b9be3c75d4f3f71acc74c356dd52fd5e2ae3
real_life,calculator,Adaptiope/real_life/calculator/calculator_021.jpg,calculator_021.jpg,304280,40a8a7f993bbe0203f32a34be3dc084e6bea103734309c10d317acb669e06d86
real_life,calculator,Adaptiope/real_life/calculator/calculator_045.jpg,calculator_045.jpg,137803,b307e97d5dfef6f77fe1bc4d850208a86ffc82b8c3c220a8e83a2550f7476419
real_life,calculator,Adaptiope/real_life/calculator/calculator_056.jpg,calculator_056.jpg,489234,ab380505b50101cd868f80c94515de07732ae441c35660bcc90c415285c30925
real_life,calculator,Adaptiope/real_life/calculator/calculator_091.jpg,calculator_091.jpg,192467,a425826a2e6f6e7aa5abe44dbd83fbb9d3b880ba887abd74f8d6c12d64e011a7
real_life,calculator,Adaptiope/real_life/calculator/calculator_000.jpg,calculator_000.jpg,190630,7863730dacaa89335d330502bf37411e08c0df7b2e7006a064db5c966ffbd0f9
real_life,calculator,Adaptiope/real_life/calculator/calculator_062.jpg,calculator_062.jpg,125739,09ffc0c2d1633959b915cce5267076b5995525955524f0b550b28e1afbb48577
real_life,calculator,Adaptiope/real_life/calculator/calculator_008.jpg,calculator_008.jpg,246992,ea5e4fbd866dcd5fe6b679395f31fb5e606e87b0ce70b62de88b68d5fce757e9
real_life,calculator,Adaptiope/real_life/calculator/calculator_073.jpg,calculator_073.jpg,180583,f074c54c1c46b46200e3fc6558ab3df0586813d6d1980a88d3fff3d25db8ba49
real_life,calculator,Adaptiope/real_life/calculator/calculator_029.jpg,calculator_029.jpg,351832,7a8f331bac0c1faa70cd8013a15775f5192f0eabd6f269b9bc0f8f6f50c9676a
real_life,calculator,Adaptiope/real_life/calculator/calculator_085.jpg,calculator_085.jpg,118553,26d5e4879e012cd5373a8741ba607ec55f7e6c11e28332e9b8dce128ad055ca0
real_life,calculator,Adaptiope/real_life/calculator/calculator_002.jpg,calculator_002.jpg,283627,415bb7f06149cda5acf29508b336abf9d3ee86f95ddda6f61ca6e0e6aa3fe6b8
real_life,calculator,Adaptiope/real_life/calculator/calculator_097.jpg,calculator_097.jpg,150121,cb37ca8042a9e17daca5107b326ca5b9ee948f52e1752f10636b228484aa2422
real_life,calculator,Adaptiope/real_life/calculator/calculator_094.jpg,calculator_094.jpg,191858,ce30e73405ca7c47b2deb59ab907f1ab9d6e8248204e06d0dd03aa6e609a6882
real_life,calculator,Adaptiope/real_life/calculator/calculator_003.jpg,calculator_003.jpg,247381,58741121e0864e9ee0a9656e555034abaa7f4027113bac7d7e2d928ff5859434
real_life,calculator,Adaptiope/real_life/calculator/calculator_026.jpg,calculator_026.jpg,86142,ad764239ea6c91c02e6e72a50d060d30852f6894be4879eef79098b3622c49bc
real_life,calculator,Adaptiope/real_life/calculator/calculator_020.jpg,calculator_020.jpg,146059,9cb06f4529404a08797df31520387bceec0135ed7dfe2493634b310578676d25
real_life,calculator,Adaptiope/real_life/calculator/calculator_093.jpg,calculator_093.jpg,151345,cea71f381ff0adba537817ef4ca12ad1e592db679e28630d41fcbc4ab97ed2a2
real_life,calculator,Adaptiope/real_life/calculator/calculator_040.jpg,calculator_040.jpg,183370,6b6e28f2aff420e0e5d1b610ceeb3ad0bf6e9bc1a0ef7ca0143f4b3ae390c7a0
real_life,calculator,Adaptiope/real_life/calculator/calculator_090.jpg,calculator_090.jpg,136870,356aafd4c23d2d2bb85dc6290861120d177c223b98c5691b1187b2393dd3178d
real_life,printer,Adaptiope/real_life/printer/printer_095.jpg,printer_095.jpg,113705,b525cbe321bb8e0dd9a68d7bf9652dc17c2c48927f0ad419fa8f8da3dc2d95ef
real_life,printer,Adaptiope/real_life/printer/printer_070.jpg,printer_070.jpg,175787,4969e7e917c96d3d7dd16056408e649222f33e46d9f1043e74861f2db0459d84
real_life,printer,Adaptiope/real_life/printer/printer_066.jpg,printer_066.jpg,200966,add7f84f31b9f6bf9aec4fd6cfa36dbe43757cf0b6591b877eaed2f27181d248
real_life,printer,Adaptiope/real_life/printer/printer_006.jpg,printer_006.jpg,93557,20eb424e781e732d1405e76d6f7b54755d0872a83bf58388d1a1a5c9cf4fdda3
real_life,printer,Adaptiope/real_life/printer/printer_035.jpg,printer_035.jpg,145729,cedbb72b60bddc9ecb9a9869d11bc1f5e3a865b5a4d45ca4c4fae84eb8173035
real_life,printer,Adaptiope/real_life/printer/printer_053.jpg,printer_053.jpg,192367,4c5b051c871b2108c088fcf7b0642886a9ca0e2d0e91ab5b4fab584e02af6362
real_life,printer,Adaptiope/real_life/printer/printer_045.jpg,printer_045.jpg,133212,9adfcef72a861769ab5f4dcabbf17b0c66727082a06e0a9a8dc4ad403f94b7f0
real_life,printer,Adaptiope/real_life/printer/printer_010.jpg,printer_010.jpg,130832,aab780225d2fefff51f62cd04401a4f9f3c779aae40c34bcf77e5addbacf21aa
real_life,printer,Adaptiope/real_life/printer/printer_015.jpg,printer_015.jpg,71287,fa511f089cec6dd8a01cba430929a120354c4dd35791331026c3b93288325182
real_life,printer,Adaptiope/real_life/printer/printer_083.jpg,printer_083.jpg,162187,f8e6d9a1e39f4f75c90a2bc298a7e2e5a9463d9a3432dfb2cf500f6950aa7d25
real_life,printer,Adaptiope/real_life/printer/printer_071.jpg,printer_071.jpg,197876,29adeed73925e4f05de28b61170c99a685534e7b7916c514b2bb4fc2abd646bc
real_life,printer,Adaptiope/real_life/printer/printer_042.jpg,printer_042.jpg,135217,aa54e7175c338da646d1f9f33575bae19139422f27e9ad63da2a69ba711e7737
real_life,printer,Adaptiope/real_life/printer/printer_034.jpg,printer_034.jpg,122949,477e15d9c6b2c89cb82ae69affa462c7b9024fbb3108344f28b0497a63aa3ae5
real_life,printer,Adaptiope/real_life/printer/printer_078.jpg,printer_078.jpg,85141,2d9613dcad7a67acbe64eb503fbec51af84ad33e4dce5ffd8ae55401abb11317
real_life,printer,Adaptiope/real_life/printer/printer_041.jpg,printer_041.jpg,108140,124266c452148fe93b3e4232211365a4103bb4d2f85e84d1d7de89cee8ccd935
real_life,printer,Adaptiope/real_life/printer/printer_065.jpg,printer_065.jpg,170405,74c47b036f3157ec5a885e71708d1503fdf079cae2d49cb280b8779400f14c8a
real_life,printer,Adaptiope/real_life/printer/printer_050.jpg,printer_050.jpg,52195,4dcae9dad3b7653523aeab420a2e46c5adef17ba2c52ae09ab362f1ae200781f
real_life,printer,Adaptiope/real_life/printer/printer_054.jpg,printer_054.jpg,120382,08d20c862a98ad1a1495eeb935a314d4bee2d461ef3e8857e5e5d6a2147fbedf
real_life,printer,Adaptiope/real_life/printer/printer_004.jpg,printer_004.jpg,165548,cde435b6402f2e5fef1b3d727efc3abfd3fe92a01aa42a5843edbffb7ff966da
real_life,printer,Adaptiope/real_life/printer/printer_043.jpg,printer_043.jpg,45058,fbe647c5d927fac1c81571d8d5aba54d016e32820b908c794eb5710d2f33bf53
real_life,printer,Adaptiope/real_life/printer/printer_092.jpg,printer_092.jpg,144240,6459389a6ab02431457ec0a412a07a7aa2ab25fc7bffee3b08dd05a980c78f70
real_life,printer,Adaptiope/real_life/printer/printer_081.jpg,printer_081.jpg,120727,c561ab7b6c9b596f5b0a0f518670d32d62a16629c99e8ad46727d267571fa7fd
real_life,printer,Adaptiope/real_life/printer/printer_077.jpg,printer_077.jpg,314007,a2575fc7fe420d680f4be9cef64f373ab79910c86ab7f32a7aec0658ed48d96c
real_life,printer,Adaptiope/real_life/printer/printer_074.jpg,printer_074.jpg,150319,687d1275298b0353f0678c7f52ed4edf0ad2a0480a8842a0f55e66983361b1b7
real_life,printer,Adaptiope/real_life/printer/printer_008.jpg,printer_008.jpg,270296,dcfdd117658ca0937e6693bd8311f8f20e7c1ef4809322fb474385937b791dc7
real_life,printer,Adaptiope/real_life/printer/printer_072.jpg,printer_072.jpg,148410,e85d7bebcc5d033a49cf8fe3903e783bec7f8b9fcddbc922ce97c038f6e3f35e
real_life,printer,Adaptiope/real_life/printer/printer_030.jpg,printer_030.jpg,131818,608afcfa5ef1279dcb36a319f8481442cfa7bb6ef4fc307f2855ad96cc08dd18
real_life,printer,Adaptiope/real_life/printer/printer_049.jpg,printer_049.jpg,98367,0a2a2284b2800f4757e82ab7645ce1673730dd3a471056a25a2c4c68166de064
real_life,printer,Adaptiope/real_life/printer/printer_013.jpg,printer_013.jpg,158614,5d8b16f00a969e40ff02743e066468bcf1d75ffddcbe5226e3fc3095baad88b9
real_life,printer,Adaptiope/real_life/printer/printer_076.jpg,printer_076.jpg,156866,5ebae4b8d8254bee87a1dfbf1255e6b682a06360e1dd1ca03330930d2403c155
real_life,printer,Adaptiope/real_life/printer/printer_002.jpg,printer_002.jpg,145223,b8ae6fa58533be2ce839f687dc2af351f94fcfe4f57c7facd749e3941b47a446
real_life,printer,Adaptiope/real_life/printer/printer_017.jpg,printer_017.jpg,74351,b6f3287fe253aefc09f8124c9a7f8c900c622ab6c85aeaa36e06aa302246041d
real_life,printer,Adaptiope/real_life/printer/printer_087.jpg,printer_087.jpg,153158,15a2f3a42a5d5ffa262be877002f2c9a38da71e8fc1ad4027413c00e9727b9ce
real_life,printer,Adaptiope/real_life/printer/printer_073.jpg,printer_073.jpg,124829,aca8bd8b5357f170c469367995fcdf7c7c8fb00a981f85f382a3b39eee0d1204
real_life,printer,Adaptiope/real_life/printer/printer_003.jpg,printer_003.jpg,212407,a0c234429d323ac6edc2c048608552712e4f0bd8bf8f8c510c6d94f855d68171
real_life,printer,Adaptiope/real_life/printer/printer_063.jpg,printer_063.jpg,206179,fff81d07afbc41c6f4df30717fb60de36c5f794af2ba701513f17a1b583f9a3b
real_life,printer,Adaptiope/real_life/printer/printer_064.jpg,printer_064.jpg,100864,4689567cd74a8a095d0e10895cd2e2d008eb8e1dcf719e40fffeee80c96450e5
real_life,printer,Adaptiope/real_life/printer/printer_069.jpg,printer_069.jpg,231336,451301e522c8d0d225dad8b98f10c06f2b611a3a3600115687e70625f092896d
real_life,printer,Adaptiope/real_life/printer/printer_059.jpg,printer_059.jpg,132576,074df1d3d71f65bf7856856a69625187a532645430472662cc0cab49875b604f
real_life,printer,Adaptiope/real_life/printer/printer_005.jpg,printer_005.jpg,248582,2422f1700a9b9701a10af673d65a378717218bd57de0d6ec4d53dadbc4edb8de
real_life,printer,Adaptiope/real_life/printer/printer_018.jpg,printer_018.jpg,26044,8fe9dbe0a65f11efbc555df76a55edd7f9610b69b9aae5c1eced9f009750f7b5
real_life,printer,Adaptiope/real_life/printer/printer_080.jpg,printer_080.jpg,83025,7d05a799be23f2809be85a066e34b2eeb0c153854ab10ddccd316e3f7b7d0485
real_life,printer,Adaptiope/real_life/printer/printer_014.jpg,printer_014.jpg,204640,386277448b16a5607ce815abf53afc88a4cd4805442e45c23c01ee9c93216aaa
real_life,printer,Adaptiope/real_life/printer/printer_000.jpg,printer_000.jpg,245302,ef49f64a62e7aa8294b4a2c0f11139327d015c41647145f1c4fbe9cf66c86a29
real_life,printer,Adaptiope/real_life/printer/printer_079.jpg,printer_079.jpg,132697,213134b0a7e1407f287387ca7ee1b944f65b151ca744052305babe806dac3e2e
real_life,printer,Adaptiope/real_life/printer/printer_007.jpg,printer_007.jpg,131810,b86c0a2e327ade2a87757cae99a560c75ad76e462c4d59d0968d5b927c70efd6
real_life,printer,Adaptiope/real_life/printer/printer_029.jpg,printer_029.jpg,242027,8346d4205033f0778fcb65ad2b21538ea0d4bd261b079466235e1847b5d084f9
real_life,printer,Adaptiope/real_life/printer/printer_058.jpg,printer_058.jpg,219833,ba9e805c461cda5d0b71004e3cdb8d2c6e7f535b6f5a8fa69263e584c53b8e1d
real_life,printer,Adaptiope/real_life/printer/printer_027.jpg,printer_027.jpg,194676,f7013647a96a5a37694ab44847c5e84101ea826a8d19fa6c09203cc3bbbd6a1c
real_life,printer,Adaptiope/real_life/printer/printer_009.jpg,printer_009.jpg,166520,895e524821d1886dcc37555504dbe7d2b532215e55dd8692ab3c69e1f471db65
real_life,printer,Adaptiope/real_life/printer/printer_036.jpg,printer_036.jpg,145527,3cd7ffc14684bb97f890b6aa7b5231e6159efc4a010ddddd5f7e928b0317822e
real_life,printer,Adaptiope/real_life/printer/printer_090.jpg,printer_090.jpg,193778,967c92f3b5d98cbe766cf6b6737d6d9550e8a33defdc484e616a7d03e477b42b
real_life,printer,Adaptiope/real_life/printer/printer_085.jpg,printer_085.jpg,113867,5559b7088b5b9cefa3cf91262b44647e121053a175d9ae443676a9eb4817aeec
real_life,printer,Adaptiope/real_life/printer/printer_052.jpg,printer_052.jpg,162636,0fc3092a5b7bb2c762b4772a8c38f42fbcb4be9280538c897a4780f0bdb81abc
real_life,printer,Adaptiope/real_life/printer/printer_026.jpg,printer_026.jpg,149694,d3fe6426bd57e50cf5bf7c095a56ebcdda9a62246ea091d157cdedfca45c0d63
real_life,printer,Adaptiope/real_life/printer/printer_021.jpg,printer_021.jpg,80294,26a5766b16e9785eead9c3c5a57407c953d25eb0cb25d76ffe674b26c8cb3ec8
real_life,printer,Adaptiope/real_life/printer/printer_067.jpg,printer_067.jpg,145293,206f27251b3eb7b57c6539576f2e510cf8ef3a878c2c0f40d07827b9c52d6d48
real_life,printer,Adaptiope/real_life/printer/printer_028.jpg,printer_028.jpg,150334,d40cbf5f5614674f114602e1b2884d010b6ea4b3f3904e0d464d6435afd7d52d
real_life,printer,Adaptiope/real_life/printer/printer_012.jpg,printer_012.jpg,131950,b009e26673431ab2c01cb891a69389410b30f32391c2da890fb8ccf24e750f98
real_life,printer,Adaptiope/real_life/printer/printer_051.jpg,printer_051.jpg,206804,ad5935809bb2efea053fdc77c32ca59a737672a015076a6505378d2b3cc25243
real_life,printer,Adaptiope/real_life/printer/printer_096.jpg,printer_096.jpg,129411,298aa86d64b839bbb0b84c364db651328744f3f47f5056333c7c5df7a527eb29
real_life,printer,Adaptiope/real_life/printer/printer_055.jpg,printer_055.jpg,127016,0fea83299c395412a7824744a048ec342927884c659d14edb9eff7d25644a990
real_life,printer,Adaptiope/real_life/printer/printer_019.jpg,printer_019.jpg,22416,b146154dd7b80fbb6f1efa8aef18d9a0d2deda70509aa71f4e593574371a6b26
real_life,printer,Adaptiope/real_life/printer/printer_060.jpg,printer_060.jpg,166133,7ade442c3b90132b49db5ce7a50937ac17587c365164e3fc2c22357a0998b0cb
real_life,printer,Adaptiope/real_life/printer/printer_086.jpg,printer_086.jpg,160386,6a5861e30e60fc48641a2264ee72da7208b51b296e94918286621aedeeb90454
real_life,printer,Adaptiope/real_life/printer/printer_025.jpg,printer_025.jpg,282581,45fdb50d26a0b9d48f920717b6939cdc0ed39370d3f6abb9dd6035a4b180fffd
real_life,printer,Adaptiope/real_life/printer/printer_033.jpg,printer_033.jpg,27834,74d8b4309358b1f46ff6d9a1ddda8926168b8df8b47ad08eaeb9b33ec44d9d87
real_life,printer,Adaptiope/real_life/printer/printer_068.jpg,printer_068.jpg,120504,6f389b901b97a8c003c6fec8ad20134afd4914756ba16388fcf877678890a3af
real_life,printer,Adaptiope/real_life/printer/printer_057.jpg,printer_057.jpg,26290,76b37ee9cd2d21a02a8db85f53ac4a55e92001dfc48c5ce7a7e06b13002f241f
real_life,printer,Adaptiope/real_life/printer/printer_061.jpg,printer_061.jpg,198007,5b61ab50247a8b8a473b8430dd446453a6e92694c86292c15e12f435c66f3eee
real_life,printer,Adaptiope/real_life/printer/printer_091.jpg,printer_091.jpg,108502,785a79b394bc09b792c14f4185f2fdab2590177e351498da9fd4700b4f33aca5
real_life,printer,Adaptiope/real_life/printer/printer_022.jpg,printer_022.jpg,140113,9890e2f3cdbf39bf0a0e4819fd754833458f7c21cb45315667d0ee7444cad6ea
real_life,printer,Adaptiope/real_life/printer/printer_046.jpg,printer_046.jpg,136697,b829f61df5a0e53955d2c9dad741e490be4858d20f5379d3548f081e16548b6f
real_life,printer,Adaptiope/real_life/printer/printer_098.jpg,printer_098.jpg,148347,dd1804e7453450a5327555782ce0a1bd84fd169e96b497d6df1028bea4a8444a
real_life,printer,Adaptiope/real_life/printer/printer_020.jpg,printer_020.jpg,19934,e8ae7040a3395c5ba8dbb2ea114a95d8cff3e2e097762dfcc8bb346ce20dcf36
real_life,printer,Adaptiope/real_life/printer/printer_099.jpg,printer_099.jpg,112606,1c74b84869697d2606e649b3752087b34e6e0486b6c5fd24a0ffa64521f9a43d
real_life,printer,Adaptiope/real_life/printer/printer_037.jpg,printer_037.jpg,223207,dd4458537a93b8bd80c225d8cacca36e2df6406a15438ca89f123f564896d32f
real_life,printer,Adaptiope/real_life/printer/printer_062.jpg,printer_062.jpg,183140,5950a3dcac03fb24007cd627e6c038d86af34a74fb91ac91c2f9c9e998c00691
real_life,printer,Adaptiope/real_life/printer/printer_011.jpg,printer_011.jpg,130726,4430832a5f9d4e0136730459dc9dd46b13b54112c4fd85d32ed09406b9f869c3
real_life,printer,Adaptiope/real_life/printer/printer_031.jpg,printer_031.jpg,73842,d83d221aac8fd47235cc278219bd9dee32bf4b4edec114c2d00b25df481bb665
real_life,printer,Adaptiope/real_life/printer/printer_032.jpg,printer_032.jpg,150815,ad2099d8b5a5f57b1907a6267fd9fd08a36ae84b378c61f6c2e25cf9e6b0696e
real_life,printer,Adaptiope/real_life/printer/printer_097.jpg,printer_097.jpg,114262,7c5b68d7dddf97efa88393322a947bb348262e3c5b0914a679fcd9a25c2c11a9
real_life,printer,Adaptiope/real_life/printer/printer_093.jpg,printer_093.jpg,207033,e6d7c6c363c726b089a90b96b0598122d03f657491bcb58e3c1f1f559eb755f5
real_life,printer,Adaptiope/real_life/printer/printer_089.jpg,printer_089.jpg,168121,4ee86555477e9ab30c5c188c73317d08a08bacd6bacf46c7c44f30fe5ed15968
real_life,printer,Adaptiope/real_life/printer/printer_084.jpg,printer_084.jpg,158097,f9fa2d30e7629c77c47daeec15b731f4cf6830ab1db8dc48d2d14143b736068b
real_life,printer,Adaptiope/real_life/printer/printer_048.jpg,printer_048.jpg,139693,9c5b970e75419a00bf1687388cda487b914391a49c14785be0efa14267e11383
real_life,printer,Adaptiope/real_life/printer/printer_088.jpg,printer_088.jpg,148695,4f77789a263cef32823b2a1e6e3657ce95ce3ff48dc57cac4645633ca3c8fd58
real_life,printer,Adaptiope/real_life/printer/printer_001.jpg,printer_001.jpg,190197,3044ec47e6a9e8fab0cb275a1a91245a6951413568f2a9538c2bfcd4ca3cdfa9
real_life,printer,Adaptiope/real_life/printer/printer_056.jpg,printer_056.jpg,235616,9117aa0b8a2d904a6de53762789deca123834a0d66632386fc09611688e77a7e
real_life,printer,Adaptiope/real_life/printer/printer_047.jpg,printer_047.jpg,120488,5ebe2e1ee1b9ff52b55b5bbae8fc3ce76038503edc8b28e18138bba227787554
real_life,printer,Adaptiope/real_life/printer/printer_075.jpg,printer_075.jpg,23063,6d127d8b3bb3787c9337e79d1e56722587af7792a7da412f16388036c6ea81aa
real_life,printer,Adaptiope/real_life/printer/printer_016.jpg,printer_016.jpg,162855,6b24b7fdfe6b4d051d1d6b88fb6fa4533103de169a5ffe9957b48fac061297c3
real_life,printer,Adaptiope/real_life/printer/printer_023.jpg,printer_023.jpg,149235,eb795f8bc2f78e825827d7b499746a161762e181b4655c55835a3535d3a1d420
real_life,printer,Adaptiope/real_life/printer/printer_082.jpg,printer_082.jpg,151002,4c54cdf704ea89f03079598426e72a3da972f0035cbb28743b7f6aa450f5e76a
real_life,printer,Adaptiope/real_life/printer/printer_040.jpg,printer_040.jpg,106871,4dda7cb02d89e16e5459c2bf37047a1141f2cfaea9b60d87d068f8e10373c684
real_life,printer,Adaptiope/real_life/printer/printer_038.jpg,printer_038.jpg,134710,203fbe16936787c09edba9861480c2eb61215b1a21c84df06395e42d894dac81
real_life,printer,Adaptiope/real_life/printer/printer_044.jpg,printer_044.jpg,164952,d8dd0b142b67b76fa9bfaf6999875b403105955b7c6fee8bec9509f27504f8cf
real_life,printer,Adaptiope/real_life/printer/printer_094.jpg,printer_094.jpg,120587,bdcbf25c747ad8837646ebdaea9d8642d1b6dd63a7852ffe29ff09e1bc199af8
real_life,printer,Adaptiope/real_life/printer/printer_024.jpg,printer_024.jpg,79696,b5047e612a8ea34c34cf3ee40514f4fc9995f8859e4eaa29c73bc12106698c95
real_life,printer,Adaptiope/real_life/printer/printer_039.jpg,printer_039.jpg,105141,6597372e645005c55241c0f094d159681abf3476ee4e69cd73add5d272d8137b
real_life,game controller,Adaptiope/real_life/game controller/game controller_071.jpg,game controller_071.jpg,98755,fd77c078206fb8da4bb930c5f7c4ba7a9f213d25b4e3d4be1bc57f5634652509
real_life,game controller,Adaptiope/real_life/game controller/game controller_074.jpg,game controller_074.jpg,111525,44b312ece9ff8e20e0a5f10757c5974b910c136de241f59aea55eba14d9750ac
real_life,game controller,Adaptiope/real_life/game controller/game controller_087.jpg,game controller_087.jpg,201892,87af16a803f8dde57bc30339039d02069cf39824287d95a095d5374eb71ca08a
real_life,game controller,Adaptiope/real_life/game controller/game controller_013.jpg,game controller_013.jpg,341236,2d1d186a81c76e83d2737c6f1410d7d702f9b6da9764d3ed2a546052de7ff94a
real_life,game controller,Adaptiope/real_life/game controller/game controller_004.jpg,game controller_004.jpg,63574,f2a602a784643eeb6971d2823c84f3b7966faf395e5f37ad746d8e7f927b2691
real_life,game controller,Adaptiope/real_life/game controller/game controller_064.jpg,game controller_064.jpg,149263,f219ccf0c9ef8c042c198716af9d4e47dd083fae35a89f109f03ab383b54b33f
real_life,game controller,Adaptiope/real_life/game controller/game controller_056.jpg,game controller_056.jpg,124498,2dc57c5f84b428de1d088bb2117f623cc2f1d07cde6a93b78adcf41fef3439ce
real_life,game controller,Adaptiope/real_life/game controller/game controller_005.jpg,game controller_005.jpg,93635,3a3ade92d9783e82cf0293ce0aa4481e295014260e7b454ff8b2f636db7ebb8d
real_life,game controller,Adaptiope/real_life/game controller/game controller_092.jpg,game controller_092.jpg,293424,4c8eb173df40ac145a1686f6d9557154fd7f01968cd4b158b81d67678ca6efaa
real_life,game controller,Adaptiope/real_life/game controller/game controller_023.jpg,game controller_023.jpg,96768,40568c1f5c8aafa16fb274e929d96c0daf80fc25374584d31708b7bbc9554570
real_life,game controller,Adaptiope/real_life/game controller/game controller_000.jpg,game controller_000.jpg,47866,47a21783e5987cdf12327223e5d497adf8b211499f761a0ee1412897a37e6bff
real_life,game controller,Adaptiope/real_life/game controller/game controller_020.jpg,game controller_020.jpg,203005,14ce594bf48628321c8a9861237d71199f948f45bcb3586ae7c4949c9a5ab119
real_life,game controller,Adaptiope/real_life/game controller/game controller_069.jpg,game controller_069.jpg,248722,e09ff1154815af72474a45dfda9a2dd81dc1fff8f82c518f17d6ac963524fb31
real_life,game controller,Adaptiope/real_life/game controller/game controller_097.jpg,game controller_097.jpg,137528,879f1431d1494bfad44034afeb346e141372f41008cdbcdfaa9b243b7521f666
real_life,game controller,Adaptiope/real_life/game controller/game controller_089.jpg,game controller_089.jpg,135937,10ff8688e85a765113c6e954043983a87b443374b49c9b3e755f3d34df12a82e
real_life,game controller,Adaptiope/real_life/game controller/game controller_019.jpg,game controller_019.jpg,113940,7762513a004cd1c1efe5d49f9887c87d0ba409ae2017f0f50be4098dcc07458e
real_life,game controller,Adaptiope/real_life/game controller/game controller_032.jpg,game controller_032.jpg,131535,079375abbd55a9177fccd1d4f34599a535be6c039a28b3783823fd58802e0eac
real_life,game controller,Adaptiope/real_life/game controller/game controller_063.jpg,game controller_063.jpg,129477,0f4aa4225569178b718eb8e459a3edf4792461d49a75587a73a46964672d6408
real_life,game controller,Adaptiope/real_life/game controller/game controller_021.jpg,game controller_021.jpg,125609,7352c2a5c96c522f6560681cc09651ba61aa7613d7372dc134b05262ad770ef8
real_life,game controller,Adaptiope/real_life/game controller/game controller_025.jpg,game controller_025.jpg,103762,408c2cb34f243daae86891f382750b7e327ac11b8d2cfc6cd5e56361f9c8b822
real_life,game controller,Adaptiope/real_life/game controller/game controller_031.jpg,game controller_031.jpg,135949,fda532cba3d782af82787def0fa5201da6c01606b70fe3d5aa95dc976c3e29e6
real_life,game controller,Adaptiope/real_life/game controller/game controller_039.jpg,game controller_039.jpg,112318,4a94d2aaa8bfc39f20a41a2036ddb755703374db26702009d0d3acc59d6a734a
real_life,game controller,Adaptiope/real_life/game controller/game controller_067.jpg,game controller_067.jpg,187476,618885718501c410a0fad2ed1cffcf38b08333105638ef987ae4de0129b394d3
real_life,game controller,Adaptiope/real_life/game controller/game controller_030.jpg,game controller_030.jpg,301610,982ce18e138358445176bf8073f5be29a94f8de2dce6aad78cdb8c06f1dd10c7
real_life,game controller,Adaptiope/real_life/game controller/game controller_036.jpg,game controller_036.jpg,101973,5e0a87941faa787c1df9b949f889038bca8a0cb890ed2b4bb648a435dcafe9d1
real_life,game controller,Adaptiope/real_life/game controller/game controller_034.jpg,game controller_034.jpg,301181,4fa86a337c93926021dbf3fd710850819cfe52c53014e0301f454f1b96e45261
real_life,game controller,Adaptiope/real_life/game controller/game controller_010.jpg,game controller_010.jpg,215726,f1c049331cd99efc6aaebc2fb8f38e85d18439feff83317a5bb3d6118f89256d
real_life,game controller,Adaptiope/real_life/game controller/game controller_052.jpg,game controller_052.jpg,130313,40ee94ac7583e90562749add4add56477cc2d9b53cbd2a487161101c11e81e10
real_life,game controller,Adaptiope/real_life/game controller/game controller_070.jpg,game controller_070.jpg,233138,bc4354592fad91fbc8eda96e5058146ed8e4bba9af86068895ed8448803ce35d
real_life,game controller,Adaptiope/real_life/game controller/game controller_008.jpg,game controller_008.jpg,138049,ec9f16823a37e7c42793561e8f24e0bc426e2c727ae6d0d8b8f2333e00dd158c
real_life,game controller,Adaptiope/real_life/game controller/game controller_050.jpg,game controller_050.jpg,183237,0ae9d422397da8aa7fa03264a00505b6b45974b9111a3e7922e7c61a78fc5419
real_life,game controller,Adaptiope/real_life/game controller/game controller_078.jpg,game controller_078.jpg,601768,2acf2ebc25a220c5de60f8a07ea122b8e505b1e35822b00cd9bf8b5fbb7b691e
real_life,game controller,Adaptiope/real_life/game controller/game controller_014.jpg,game controller_014.jpg,233083,e1b34e5170cac85880b024af2657993cd26d45163dfba9013a6c36cbbd8ea4f4
real_life,game controller,Adaptiope/real_life/game controller/game controller_093.jpg,game controller_093.jpg,89222,9085353227cd6d96495ca4385559d607491956b0104bcf49e7c8dc430be805f1
real_life,game controller,Adaptiope/real_life/game controller/game controller_061.jpg,game controller_061.jpg,169698,e97c6d39de594866a678e80950672fbaf81ce7efcefd08034a52e50ab12d1e46
real_life,game controller,Adaptiope/real_life/game controller/game controller_073.jpg,game controller_073.jpg,221241,d3a72d78c716ee4d4cd11ccbbfbae746c3fab96b0e8e66eb59fa5d7e4594de4e
real_life,game controller,Adaptiope/real_life/game controller/game controller_066.jpg,game controller_066.jpg,238084,9c05752885bdb1fe910d055c92b55cca0e12ff8a49cea319a7e1eec1fe604562
real_life,game controller,Adaptiope/real_life/game controller/game controller_065.jpg,game controller_065.jpg,60168,b72029fe31892f43b405b6aeed3b96b30f23bf28c97b018cd96a534fa46b4b4d
real_life,game controller,Adaptiope/real_life/game controller/game controller_040.jpg,game controller_040.jpg,292665,181c36d5ab01bcfcfed9373521991ab8c03e28f26c55d97724c6e7caaeb1ffc1
real_life,game controller,Adaptiope/real_life/game controller/game controller_006.jpg,game controller_006.jpg,259418,bbc8b17e4e6fe1a208bb45b00bd78ad180dd674c8e6be1779f960b02e31cd654
real_life,game controller,Adaptiope/real_life/game controller/game controller_041.jpg,game controller_041.jpg,102479,fd1d0aeb3d93c1ceec874a291b9c3445b1b14579d4fa2785e9949108ac02942a
real_life,game controller,Adaptiope/real_life/game controller/game controller_080.jpg,game controller_080.jpg,92931,85f5c366418c98d0c9a102cdf5f8f19f0cbe2fb838ae251c0249226611ea03e8
real_life,game controller,Adaptiope/real_life/game controller/game controller_038.jpg,game controller_038.jpg,91627,17099a9f215fbacf4035794c479cfb725a9051fb347857a81842292b6525eb30
real_life,game controller,Adaptiope/real_life/game controller/game controller_083.jpg,game controller_083.jpg,142795,9ab11f90561a6a7146331ef5dfe67005fcb6dcbd5c0b0bb5ee53970f6b9a6cb7
real_life,game controller,Adaptiope/real_life/game controller/game controller_055.jpg,game controller_055.jpg,176263,0b9e072bb12f77566a835e1767844ded3805e999d4aaa12d3e2e3e7d6461acea
real_life,game controller,Adaptiope/real_life/game controller/game controller_009.jpg,game controller_009.jpg,134432,b763a285061d8f140ee65bbcabbbdcdbe5ea845c50ff20b09655d495e14caa78
real_life,game controller,Adaptiope/real_life/game controller/game controller_062.jpg,game controller_062.jpg,294505,8eb7d0469311fb8195b5b88b2bffcfe593f904eab5483bc688ef7a1033a70af7
real_life,game controller,Adaptiope/real_life/game controller/game controller_072.jpg,game controller_072.jpg,234061,a3e91a1c0ec7b5fb9d7320bf8746cc5303ff7558f972e4af96071572e5574251
real_life,game controller,Adaptiope/real_life/game controller/game controller_018.jpg,game controller_018.jpg,179748,68ab9c158f8c11f7b895e29a0cc968838a0cd075d8e65075cc6ee7e1fff81c06
real_life,game controller,Adaptiope/real_life/game controller/game controller_085.jpg,game controller_085.jpg,94564,860a7391ef30262dd0977ae62a55d699a2042db3548703aeea6df50338eeee84
real_life,game controller,Adaptiope/real_life/game controller/game controller_026.jpg,game controller_026.jpg,128060,41c818abce78f56a91df56d66fb150db24490ed22df6257b236efeb5fe78babd
real_life,game controller,Adaptiope/real_life/game controller/game controller_046.jpg,game controller_046.jpg,112867,99ec09dac56bba04df0e44a6a87189c66a92561dc77c478a849cddf673c9625e
real_life,game controller,Adaptiope/real_life/game controller/game controller_035.jpg,game controller_035.jpg,125279,07d003b89a402e24bbbe5af71f3cb39d69b43d15afd834406bd1494007f985b6
real_life,game controller,Adaptiope/real_life/game controller/game controller_024.jpg,game controller_024.jpg,140016,2b41c07a0077f888687f5c4c164148403f07d469ff29166be1e6a6d5bc47d53b
real_life,game controller,Adaptiope/real_life/game controller/game controller_075.jpg,game controller_075.jpg,96033,0ea7e57c64dd5b49ab36619e71868dd3f79412fd88a7caad65ad409753820a6a
real_life,game controller,Adaptiope/real_life/game controller/game controller_002.jpg,game controller_002.jpg,114648,7e88afb31fae796e065ddc3d58c5f5bab32b937577dc049d9a2113ea2c6f8602
real_life,game controller,Adaptiope/real_life/game controller/game controller_091.jpg,game controller_091.jpg,235802,5bda78444d97f77aadbcfff216440886b111b46aade60218871acc6331123f45
real_life,game controller,Adaptiope/real_life/game controller/game controller_099.jpg,game controller_099.jpg,81390,e4c4c781c916b537304ce81c06883b88079c99e1b5de6ccfc49b27b511deb0cf
real_life,game controller,Adaptiope/real_life/game controller/game controller_084.jpg,game controller_084.jpg,245863,cdb1f3263c375bf6393bd67842616753e4a754ed9c8c84481d6d169f00a74965
real_life,game controller,Adaptiope/real_life/game controller/game controller_044.jpg,game controller_044.jpg,227752,5491af1948515b55c668cd2ccd9ccbe5b140a4a3b10128f326d0ea7b04afb0ca
real_life,game controller,Adaptiope/real_life/game controller/game controller_090.jpg,game controller_090.jpg,159855,603040eace9b275554937053a8fe3fa732bff29791358e23022f4178249dde75
real_life,game controller,Adaptiope/real_life/game controller/game controller_048.jpg,game controller_048.jpg,284799,5836dbf735ff680e7e54e659cfb53581887d7136ef02df82399a70a2271aa557
real_life,game controller,Adaptiope/real_life/game controller/game controller_042.jpg,game controller_042.jpg,362848,1e37a9174e7e3f899d4cd93df98c08292c8a218169e52158a2bf0e5428ee81c2
real_life,game controller,Adaptiope/real_life/game controller/game controller_057.jpg,game controller_057.jpg,133027,97242fa3ca3705a4a51a66b0d512d098865e564c1c928054d814de5b5948f63c
real_life,game controller,Adaptiope/real_life/game controller/game controller_054.jpg,game controller_054.jpg,130109,e1830ec699512a27d9dc3ea554533dacb38ff472682276aae93a24189ca1822a
real_life,game controller,Adaptiope/real_life/game controller/game controller_095.jpg,game controller_095.jpg,177049,67600e7e3a60ff4061df82ea6b9ce6446b7101ef7206420ec0e3b88b6dfcd155
real_life,game controller,Adaptiope/real_life/game controller/game controller_098.jpg,game controller_098.jpg,272770,2bb11aacb9e2a1d886bbbadd5bdf7d4f6f2715953548c9043eca43cc7d9058f4
real_life,game controller,Adaptiope/real_life/game controller/game controller_011.jpg,game controller_011.jpg,236092,51918a990a43b29bc94edb1b9c19e9cb0272ab438ae59868ac02c5ccb9e36943
real_life,game controller,Adaptiope/real_life/game controller/game controller_081.jpg,game controller_081.jpg,101971,2e5e8271ed128340687e5cad618cde9198c65f77b94a95b5f39fdace7e3dd0ae
real_life,game controller,Adaptiope/real_life/game controller/game controller_012.jpg,game controller_012.jpg,154368,7ae50b7ae31699ca5351477e9ecaa9c97f981986fc0a4ce0944f18b144c6d87d
real_life,game controller,Adaptiope/real_life/game controller/game controller_058.jpg,game controller_058.jpg,167611,b78aaf62419c1978de225af4a3185267f54b7c011603829561b99650cc4d2fa6
real_life,game controller,Adaptiope/real_life/game controller/game controller_015.jpg,game controller_015.jpg,472247,99a7d69d439889dd10a2441258ef33b7d5aa225e299933624bde9efb58443b18
real_life,game controller,Adaptiope/real_life/game controller/game controller_059.jpg,game controller_059.jpg,340487,d2b5271693a6ca5a950aa99c6342d48e228c6fd916896e6b09638006dcb626cb
real_life,game controller,Adaptiope/real_life/game controller/game controller_082.jpg,game controller_082.jpg,195565,05774377cbb4664a2aebd216f14492b56e6560b45eb0dca2a594c92dfc717a92
real_life,game controller,Adaptiope/real_life/game controller/game controller_027.jpg,game controller_027.jpg,216358,df2d1d704a9aa37f6bfcda827942c032da7eceaa22f32b21ccbe1d6a4650d5d8
real_life,game controller,Adaptiope/real_life/game controller/game controller_043.jpg,game controller_043.jpg,128501,3d249df32580a0fda4a36f1a58bea1a9799c1385fa55876764583ac97fd8d86f
real_life,game controller,Adaptiope/real_life/game controller/game controller_076.jpg,game controller_076.jpg,231282,6cd16c15d219305f87b66a726b185ff08b38d53e8387485a27447d9c33a2e9a2
real_life,game controller,Adaptiope/real_life/game controller/game controller_047.jpg,game controller_047.jpg,256756,77adec0f51a90d31c6939320f5cdd5b9530be1c733053be874359f07c2bc5996
real_life,game controller,Adaptiope/real_life/game controller/game controller_037.jpg,game controller_037.jpg,192814,f96149834a2dde129c3d8b52c39c5c37bb91fbe0dc60d656b81f6cbefd3e4bc0
real_life,game controller,Adaptiope/real_life/game controller/game controller_068.jpg,game controller_068.jpg,129840,ea62c9791a3c40696ef3db113c35ebfedbe9663069155c52ba23f5cb747a472f
real_life,game controller,Adaptiope/real_life/game controller/game controller_094.jpg,game controller_094.jpg,89621,89fd2620741dcd8f0d418ac5c2a3016c2ec66a8da06eedb1b80ed2446dfc4727
real_life,game controller,Adaptiope/real_life/game controller/game controller_096.jpg,game controller_096.jpg,146015,dcc7e376d57164688815c688b5ec7903fbaba7124267f94f3cc287e3a6e13391
real_life,game controller,Adaptiope/real_life/game controller/game controller_022.jpg,game controller_022.jpg,160441,9225da8099ac6762f693b869065aadff50fe23f5d5c81b3f3fd83b26550540e5
real_life,game controller,Adaptiope/real_life/game controller/game controller_053.jpg,game controller_053.jpg,126879,a91e28dd51515ea4dbf208c72cc16745c151994676d780a39b7b62dc6fd496e5
real_life,game controller,Adaptiope/real_life/game controller/game controller_028.jpg,game controller_028.jpg,104805,14eb8b7f0ab8bd138cc67de03e523597d12db1e1fc2ec220dd631559e77e3e55
real_life,game controller,Adaptiope/real_life/game controller/game controller_049.jpg,game controller_049.jpg,118727,f423b839a16c16115044bc8745b0d603f941b039a6e5726fe3d0914210a49da2
real_life,game controller,Adaptiope/real_life/game controller/game controller_088.jpg,game controller_088.jpg,181401,8ac60570be35b1b6e75ab0ca2ea2aaf4e65513540ab1e60fe4d1fd7ec7138812
real_life,game controller,Adaptiope/real_life/game controller/game controller_007.jpg,game controller_007.jpg,134271,57cdcaf1b339dada4f13d6672a3e926e3751d6938bdc227e1afa821dfb37aa69
real_life,game controller,Adaptiope/real_life/game controller/game controller_060.jpg,game controller_060.jpg,146543,5bb891663077f529c05eb5238f831ea8236bc2cd336e34bc28bb84ef385de967
real_life,game controller,Adaptiope/real_life/game controller/game controller_051.jpg,game controller_051.jpg,144899,a6b31bef6fb11dfa0b7577468cb3f89ec56b435edf737ec178be65270351a408
real_life,game controller,Adaptiope/real_life/game controller/game controller_029.jpg,game controller_029.jpg,117865,f507b6a7212d003ae186b544f1a383f27e42ab303359fb7b264e6ed4744eb5b1
real_life,game controller,Adaptiope/real_life/game controller/game controller_017.jpg,game controller_017.jpg,193081,9dc28a3a9ddc95793572a26045ffca663fbb92b09f433fde06432d8fc46374de
real_life,game controller,Adaptiope/real_life/game controller/game controller_079.jpg,game controller_079.jpg,251264,75d2f07b267cb8793cbaa2701ee3f4e58d1e94d64b3cf3b592b6101fa2af3e73
real_life,game controller,Adaptiope/real_life/game controller/game controller_001.jpg,game controller_001.jpg,87663,e871f126bfc4f171ce9f411133dc95582668087e9a995f2065212272847e802f
real_life,game controller,Adaptiope/real_life/game controller/game controller_086.jpg,game controller_086.jpg,124126,34d08e4a55faa71b9d0aa4dfeb6f4f8e79162a48b58728881f02573aada83e31
real_life,game controller,Adaptiope/real_life/game controller/game controller_045.jpg,game controller_045.jpg,122598,9e4ce67be51516ec94053f646338dc977185d6f2ff06cb5421184e49a97e058c
real_life,game controller,Adaptiope/real_life/game controller/game controller_033.jpg,game controller_033.jpg,79824,7b87a73ad34be141cda4a0cf62ac387ad9d6ccf7ce68d7292bf539efa4606318
real_life,game controller,Adaptiope/real_life/game controller/game controller_077.jpg,game controller_077.jpg,82824,de5b110d28bba674bdd3624be46ed6d9ba339ff3097e8d11f0bc711571a2d169
real_life,game controller,Adaptiope/real_life/game controller/game controller_003.jpg,game controller_003.jpg,100742,cc9b59813693fadbb5d747fc6b13f2f5aa3aeb71b9d09e7e73ab32e10374ae9b
real_life,game controller,Adaptiope/real_life/game controller/game controller_016.jpg,game controller_016.jpg,144787,5ac9ff7f0c88e2e1c6e9b7bccb99114a100b8192b3bd044ff3c13882ca88cd8a
real_life,laptop,Adaptiope/real_life/laptop/laptop_061.jpg,laptop_061.jpg,148061,a15c569c01060dda689f11eb8b1e9db9ba2c7e01b0922c1171dbb02c1a28e6c8
real_life,laptop,Adaptiope/real_life/laptop/laptop_031.jpg,laptop_031.jpg,240778,b44e509ecbfd5b720759e55b8f4d140386589e7cdad3564b1442e739b9ca0f71
real_life,laptop,Adaptiope/real_life/laptop/laptop_085.jpg,laptop_085.jpg,188331,5a157bfe5124fd08d04fbe0022c1fe11a4158c20151fdebe77ae54a4a7b08e04
real_life,laptop,Adaptiope/real_life/laptop/laptop_064.jpg,laptop_064.jpg,302097,b391f3236a14766d3c1c5b24c97e8aff88246057901d727d41bd2e591df59002
real_life,laptop,Adaptiope/real_life/laptop/laptop_056.jpg,laptop_056.jpg,151384,aa24678701b3b931264750a6ca47ed576976f0b90c99be78cc70ec3254c9b1cb
real_life,laptop,Adaptiope/real_life/laptop/laptop_076.jpg,laptop_076.jpg,159619,f6214e896a6884e7a0db53c76165c65572af9035f8dd4d25192192fee6e9eead
real_life,laptop,Adaptiope/real_life/laptop/laptop_028.jpg,laptop_028.jpg,110100,a40f0a7fda1aec8c131b3585b0c15f3ff0a5cc8c99baa3eb19b82d112081ff7a
real_life,laptop,Adaptiope/real_life/laptop/laptop_023.jpg,laptop_023.jpg,174701,2b90dcf1ebf6582f7f5c0f3b672b92c88efb9d0b7769da3504b83d4a042afcb3
real_life,laptop,Adaptiope/real_life/laptop/laptop_069.jpg,laptop_069.jpg,341095,91edaeeac5548f05dd613d3021ddd088214b1b55b575837045204462a2526ed4
real_life,laptop,Adaptiope/real_life/laptop/laptop_027.jpg,laptop_027.jpg,123624,4a191eee4cfdaa6731a636edb8446830ddc6ebf753d5a200679b659b737f4ce9
real_life,laptop,Adaptiope/real_life/laptop/laptop_044.jpg,laptop_044.jpg,84357,27d6188b5de593697b15cb16009c45c910c5d83cf51cb967edbbb87ba23f2e67
real_life,laptop,Adaptiope/real_life/laptop/laptop_095.jpg,laptop_095.jpg,173330,d02189758ddb275079ba506eb08c95351fd0f4dbd64fc421e4218d54c98eceb2
real_life,laptop,Adaptiope/real_life/laptop/laptop_073.jpg,laptop_073.jpg,191828,2028e65ac279e355f1ced5f0dba0e90ebd2140083696032b7eb6b0fec99d7219
real_life,laptop,Adaptiope/real_life/laptop/laptop_054.jpg,laptop_054.jpg,160332,0aa8420cd5d13184802263f3031bd4aade23db614316b80c412988d68494fc5f
real_life,laptop,Adaptiope/real_life/laptop/laptop_050.jpg,laptop_050.jpg,124231,e61b694a31b8aaf0d962ab9f37ec19edc9d74e5e9ea7fde6fd79dffc85ef0297
real_life,laptop,Adaptiope/real_life/laptop/laptop_004.jpg,laptop_004.jpg,196505,5545e298ba3815208f6fdc029dccf5f923ce50575d16a9124e242599bcf30131
real_life,laptop,Adaptiope/real_life/laptop/laptop_021.jpg,laptop_021.jpg,95317,c0ac45a277b2dae3bcf59c52e43e00d47b8841ecbdaaf2b3546230105329d7b8
real_life,laptop,Adaptiope/real_life/laptop/laptop_055.jpg,laptop_055.jpg,156926,fa74552a04e345511071c0bb7aef608b12a20f80b279971e79dd7bf4d9955357
real_life,laptop,Adaptiope/real_life/laptop/laptop_018.jpg,laptop_018.jpg,230480,3ace6995b39a04517764cfd2e45a82101f8db55a2d19e583aab5758b8a0dc9eb
real_life,laptop,Adaptiope/real_life/laptop/laptop_040.jpg,laptop_040.jpg,163490,be5d0ffe6be420e0b7ae2568cd05093070a73e4bac9cbe6e2986f9ce828e46ce
real_life,laptop,Adaptiope/real_life/laptop/laptop_012.jpg,laptop_012.jpg,227849,ca10c568dd3026d8d73a8422e809b2c816db172507a38df92b195e71fa83e8b8
real_life,laptop,Adaptiope/real_life/laptop/laptop_051.jpg,laptop_051.jpg,145442,2fed279d69f39d570a8fb9f659f69ce2775a77546bd213e0fbe3f2dff34cedfe
real_life,laptop,Adaptiope/real_life/laptop/laptop_098.jpg,laptop_098.jpg,228572,6148e7b2184ea3cfe04689035f0c9207f005ab1326dffa4e5bdb1020e6643d4e
real_life,laptop,Adaptiope/real_life/laptop/laptop_026.jpg,laptop_026.jpg,177118,ea3f00782696429e87c35767471fce7b1e4fbf53cf9cebbd91bd144324d33f53
real_life,laptop,Adaptiope/real_life/laptop/laptop_025.jpg,laptop_025.jpg,69589,55663c1f4b3b298e22132569a844ae806b95e9cf127d1ec487b5120e361e2343
real_life,laptop,Adaptiope/real_life/laptop/laptop_074.jpg,laptop_074.jpg,251455,a74af81effda0c4bdbc5ad705e54b1ccd38a5263050c5b93e8fc63a3b8978df3
real_life,laptop,Adaptiope/real_life/laptop/laptop_034.jpg,laptop_034.jpg,313185,0c472430727378e1100fdc811d57f5a8ce64866cd48e82aaa91545172ed73cd4
real_life,laptop,Adaptiope/real_life/laptop/laptop_035.jpg,laptop_035.jpg,143044,218557fc0ce6fee989d70fd9c99a51aa9996bb42926e0ffb961d45ebcf9f90de
real_life,laptop,Adaptiope/real_life/laptop/laptop_014.jpg,laptop_014.jpg,213468,3f01a15e1635b7bd9a7c5877523eae9f9d720d0f0a7f75206021bb2b3bf5ecc6
real_life,laptop,Adaptiope/real_life/laptop/laptop_093.jpg,laptop_093.jpg,181641,e8f9fa14e6418061a4493b944a0dd21d10876bfaa7c911fb465267296fcf065d
real_life,laptop,Adaptiope/real_life/laptop/laptop_046.jpg,laptop_046.jpg,195755,415b81ab1c966e787f8d98aea7d6a0aad30f7c6b4acda7cf007d4911d781f618
real_life,laptop,Adaptiope/real_life/laptop/laptop_053.jpg,laptop_053.jpg,206759,a75053048c1950dfad06b46f956a1c64a42db8a78bc14c0e5755c7792b00d843
real_life,laptop,Adaptiope/real_life/laptop/laptop_036.jpg,laptop_036.jpg,174824,5dde1932966370960582e89c7740e50b056ac4cfd962e7fd3982562763521177
real_life,laptop,Adaptiope/real_life/laptop/laptop_091.jpg,laptop_091.jpg,194462,0c5c90de0c3371f309b66a449edb7908d98db089a303240bd592a40c7a1582cc
real_life,laptop,Adaptiope/real_life/laptop/laptop_000.jpg,laptop_000.jpg,163594,117c1d1ee6c9f80980edf6a12ba4d37bfd827383f2db5e9d369f539653840628
real_life,laptop,Adaptiope/real_life/laptop/laptop_087.jpg,laptop_087.jpg,188407,77346a1eda7dbe8d62ad4f58018346307735240dfae59181ed86db8b12052305
real_life,laptop,Adaptiope/real_life/laptop/laptop_049.jpg,laptop_049.jpg,131404,f0cc2fc559b6f0a36870b9d979f6eeb6e7d275b12b0a58f0051a22d3058db3d6
real_life,laptop,Adaptiope/real_life/laptop/laptop_070.jpg,laptop_070.jpg,108685,13ec2fd83d807c71861051cb687b9c4bc52648468a5625f0d93ac3ad60b5059a
real_life,laptop,Adaptiope/real_life/laptop/laptop_099.jpg,laptop_099.jpg,273159,6d2fc00f605f24294f4b51bcdf2fb81ad51f357174479cacff3b85b75ff3fc6b
real_life,laptop,Adaptiope/real_life/laptop/laptop_082.jpg,laptop_082.jpg,113789,1569e92facaeed483a6c5deb3812d4cb0ffed44c00b631a0224c6a6f9860ead3
real_life,laptop,Adaptiope/real_life/laptop/laptop_041.jpg,laptop_041.jpg,153334,64093a4a8315a858f808182b580b9b3b60aadd494e34eb015175be4582eab06b
real_life,laptop,Adaptiope/real_life/laptop/laptop_092.jpg,laptop_092.jpg,206905,6a2a7bb5ed53dc86ecb0dd11b83b16ad6967830d3976c925c6a35dae78a5aa82
real_life,laptop,Adaptiope/real_life/laptop/laptop_048.jpg,laptop_048.jpg,110289,57576279d5d920b69d4938256b66ff90f20eaab295c83ee8062968aed64f2feb
real_life,laptop,Adaptiope/real_life/laptop/laptop_060.jpg,laptop_060.jpg,154549,01e572f20de3c9080e6351c33f1b4bc8526b2681ac9d4e434740fd1410a123c8
real_life,laptop,Adaptiope/real_life/laptop/laptop_067.jpg,laptop_067.jpg,162917,99158c7ede694cffa70d58fcfb2ca1e439806d8e3d9a0180c44ea99ffd303dc3
real_life,laptop,Adaptiope/real_life/laptop/laptop_011.jpg,laptop_011.jpg,131844,cbc59aa8b1819b9f3b6644493b3a06f727e369ab1c1f36030fd0ad6302112f5e
real_life,laptop,Adaptiope/real_life/laptop/laptop_017.jpg,laptop_017.jpg,320279,97c9e82330d9725052d8ffe8ca7d6fe9ea4551f38c77e2ca01c13b01dca45541
real_life,laptop,Adaptiope/real_life/laptop/laptop_086.jpg,laptop_086.jpg,111413,332fa54ac9858d84cb73827a683ff065b8b686ff6d87edf48913db3efba374ba
real_life,laptop,Adaptiope/real_life/laptop/laptop_059.jpg,laptop_059.jpg,139619,b36dede90f04d23fc2610e7772f862eca61edbdc6119d8abeeb4dfbf8d550022
real_life,laptop,Adaptiope/real_life/laptop/laptop_006.jpg,laptop_006.jpg,139329,f919f24cdbe8371d27b9c89d3d8db530e36beda20b7df67def33d42617dc61ad
real_life,laptop,Adaptiope/real_life/laptop/laptop_063.jpg,laptop_063.jpg,110129,0766b12a09acd9da365f68a54752123c914e31586c56af2cf7f2a8c13b4cab73
real_life,laptop,Adaptiope/real_life/laptop/laptop_072.jpg,laptop_072.jpg,206257,e5d97a144190aa0297df4ef31b1b6976f518ca1e9f5ea998224c395d69018d48
real_life,laptop,Adaptiope/real_life/laptop/laptop_047.jpg,laptop_047.jpg,165790,cfa6446a4ee3109930a9411a94ec20859fc81d8d4768de45e883cf9f65ec9410
real_life,laptop,Adaptiope/real_life/laptop/laptop_081.jpg,laptop_081.jpg,215097,e1e45491d029e489d66871394229f10a472c13288927563c069133360ce35c58
real_life,laptop,Adaptiope/real_life/laptop/laptop_084.jpg,laptop_084.jpg,308778,7219918dab4dc6596659bc6f9c0913dbaec54907941160b466e51edff36516d3
real_life,laptop,Adaptiope/real_life/laptop/laptop_052.jpg,laptop_052.jpg,201115,7a0ec3e9913b0f21f75a7ee116d31b8de75d0bc43b91fe94b5742df36bf6b71e
real_life,laptop,Adaptiope/real_life/laptop/laptop_094.jpg,laptop_094.jpg,264386,cead09a2ce2ee42076d545b234fe02fe2f4086a9508da0b97ac3caab7f96fa06
real_life,laptop,Adaptiope/real_life/laptop/laptop_043.jpg,laptop_043.jpg,156093,64276fde4b90037c607fd24966cc16b8d6ac306dbbda619cc14163a1b0a3adcd
real_life,laptop,Adaptiope/real_life/laptop/laptop_033.jpg,laptop_033.jpg,60430,be447bb6e4fb5e0af05c37b3bbf14f7c807fa0f7d257336bae44ac8cef6f6991
real_life,laptop,Adaptiope/real_life/laptop/laptop_039.jpg,laptop_039.jpg,160058,69a45203581d92df2077ffdef0821ef5a125d42b81a2a5f8c0bb7756c2a89af8
real_life,laptop,Adaptiope/real_life/laptop/laptop_013.jpg,laptop_013.jpg,160761,41afc4c6217ae4237c9de471adbc59bb5b970705e7c31076bcba2a37769866b9
real_life,laptop,Adaptiope/real_life/laptop/laptop_032.jpg,laptop_032.jpg,153277,272c369883850499f945c8bfde07b66f7b310cda1c576a3b62e0f609e72ba93c
real_life,laptop,Adaptiope/real_life/laptop/laptop_003.jpg,laptop_003.jpg,174013,581a0739da6f3006ba0292134197d997b3a9b2c9ad85dd2fdbe6836849b8f541
real_life,laptop,Adaptiope/real_life/laptop/laptop_001.jpg,laptop_001.jpg,141483,fb65ae3bd3b4f1500170a9492121cf2040eff905f7017c12886d1182b62a38eb
real_life,laptop,Adaptiope/real_life/laptop/laptop_066.jpg,laptop_066.jpg,234262,662ef81a259250deee2cc85cee7c5d4c94de6e2a18e7bbbc99f29659c27f53c3
real_life,laptop,Adaptiope/real_life/laptop/laptop_010.jpg,laptop_010.jpg,353782,531ce0ba352c3718f15a248909317ef69c91c24589cb84cc5201e866d6e91e8a
real_life,laptop,Adaptiope/real_life/laptop/laptop_009.jpg,laptop_009.jpg,214737,829b30cdbcb3e0ffb299279542b298f8726963d85d3971d8f01d290f649fd32b
real_life,laptop,Adaptiope/real_life/laptop/laptop_042.jpg,laptop_042.jpg,157304,d0b64bbc46b8be83f869180091ecd035373375ec355c40ba0f84a8ca3ec60578
real_life,laptop,Adaptiope/real_life/laptop/laptop_016.jpg,laptop_016.jpg,15961,954682b5daddce6088bf9cc4b7098f9d8279bd0eceebc6c3dcdbb4a7cb51653f
real_life,laptop,Adaptiope/real_life/laptop/laptop_002.jpg,laptop_002.jpg,247705,5a1a046989ddc10662acaebcd503e0e45803d82575ea378691ad13dadca317ec
real_life,laptop,Adaptiope/real_life/laptop/laptop_030.jpg,laptop_030.jpg,361766,836d04dfb255a8e017a5559ee4dfa93d112f2ec950861a7e38baa01effb5e918
real_life,laptop,Adaptiope/real_life/laptop/laptop_062.jpg,laptop_062.jpg,113143,5078d7a4026ec55ca0b8dc2436fa55737a60adbca8d8bca3fa53a2fa0b77c3e3
real_life,laptop,Adaptiope/real_life/laptop/laptop_083.jpg,laptop_083.jpg,205407,878c02ae8a79c6d3b4f45e68a80cc26cbfe6a1e02501c7ea670522cd8d80cad8
real_life,laptop,Adaptiope/real_life/laptop/laptop_090.jpg,laptop_090.jpg,125057,5aca0b70f8e96ee654934adb6a28942f7f657ff1cfa907debbf4627e43f883ab
real_life,laptop,Adaptiope/real_life/laptop/laptop_097.jpg,laptop_097.jpg,154225,c7dde9b90daf767b7504df292d3699f1cbc8fb81838f805146a04c77d7c4bcd9
real_life,laptop,Adaptiope/real_life/laptop/laptop_088.jpg,laptop_088.jpg,175048,2681802fa8b9ad304381088825d268677837d31ed45422801367618f3f85910e
real_life,laptop,Adaptiope/real_life/laptop/laptop_020.jpg,laptop_020.jpg,140003,26d74dd2bbeeac47898807e41f46cd064e31bd381d076ada882f6c3cd63b8087
real_life,laptop,Adaptiope/real_life/laptop/laptop_075.jpg,laptop_075.jpg,108517,b0fd53653d5411bb29dab0a6f884f3c285ba07d59d296ee8937c06b6a2980d7a
real_life,laptop,Adaptiope/real_life/laptop/laptop_024.jpg,laptop_024.jpg,134308,b9ed9200358e96aad0416a83d4232f8c0b2d023a006afddc48ef2bbcb65cab19
real_life,laptop,Adaptiope/real_life/laptop/laptop_022.jpg,laptop_022.jpg,251462,639bd72c9be032e272fc1507a3d9db3f38648da13d01183a99a932d2e22480c7
real_life,laptop,Adaptiope/real_life/laptop/laptop_038.jpg,laptop_038.jpg,191674,817f6424ebc28d777b90ae85f5128609f52c4a695237e9ed247ca15c64bbe7cc
real_life,laptop,Adaptiope/real_life/laptop/laptop_015.jpg,laptop_015.jpg,220029,b36ddf372678b076de85c0918f7ca82a30d7386f4040d370f7d5b012171844e9
real_life,laptop,Adaptiope/real_life/laptop/laptop_077.jpg,laptop_077.jpg,119328,c22928f2b70cdd35334ba36b02fd9fbc4986c6b94d9b2170ae100fc6b45af1fc
real_life,laptop,Adaptiope/real_life/laptop/laptop_007.jpg,laptop_007.jpg,165926,07cd1d6887051cc75ad3e96c9a5caa1850419167b58b5b9be8346f2224299b8a
real_life,laptop,Adaptiope/real_life/laptop/laptop_079.jpg,laptop_079.jpg,205003,9fc19e13f6d738997cc495136f7e4f18afef3942062154569d9a246aa888bafc
real_life,laptop,Adaptiope/real_life/laptop/laptop_045.jpg,laptop_045.jpg,190471,64e0f34ff575da812e9fda4f8f748b44dbd632cdd6667ae438e3fa074c1b625b
real_life,laptop,Adaptiope/real_life/laptop/laptop_019.jpg,laptop_019.jpg,197488,f7d87be3c5b374c7ded411205f9b8e7d879b72c916b9b473ff790f4d22b90c88
real_life,laptop,Adaptiope/real_life/laptop/laptop_068.jpg,laptop_068.jpg,361250,8956ddb77e61c37caed41e93867910df21225dd750f518e294744935466616d1
real_life,laptop,Adaptiope/real_life/laptop/laptop_037.jpg,laptop_037.jpg,174679,f0eafb48bbd014446ed4db5a586461dcc46df0d4b424ed50c00b36d9f0ac2fae
real_life,laptop,Adaptiope/real_life/laptop/laptop_008.jpg,laptop_008.jpg,70087,d022b9f9c2f7a4c7601725efea159c954246f16cc0f3878b13ad4e6d03a64779
real_life,laptop,Adaptiope/real_life/laptop/laptop_065.jpg,laptop_065.jpg,106026,08e461b45f0e5e819e1bbf40897a184391176d99a4f5cce899fe76e805f0ba55
real_life,laptop,Adaptiope/real_life/laptop/laptop_078.jpg,laptop_078.jpg,142971,22d98903ec47a898450a03f5d9d1f7e6f3b77601391419f540ecae76d1867278
real_life,laptop,Adaptiope/real_life/laptop/laptop_057.jpg,laptop_057.jpg,177027,1b0cab66267d0d78b0477ed8cb27a608fe7ffe8397a0b8552ebeeb4d2f3eb8ec
real_life,laptop,Adaptiope/real_life/laptop/laptop_005.jpg,laptop_005.jpg,142390,9b8bda9a1c8fd43e53ada9ab421b9d62dbb53ad500a89ed34a1efdcfe493997f
real_life,laptop,Adaptiope/real_life/laptop/laptop_089.jpg,laptop_089.jpg,151078,4b0b04eb8019d9c8b8a88c5928e260d616850830877c7b72645d4bae6734d3b9
real_life,laptop,Adaptiope/real_life/laptop/laptop_071.jpg,laptop_071.jpg,184964,9c49c90aca97e002c0828969fac2b83534cfb47c780a53331968f0cfee667b5b
real_life,laptop,Adaptiope/real_life/laptop/laptop_029.jpg,laptop_029.jpg,227692,94bcb8bca7a0a0dcdb306c05bb85f9fe194e48fe01c62eef3710e4a6000d3ad5
real_life,laptop,Adaptiope/real_life/laptop/laptop_058.jpg,laptop_058.jpg,39582,6baf7532ff97e784499c4cbc345b4eb97069182d9f4dd0110a3bf4a58b54372f
real_life,laptop,Adaptiope/real_life/laptop/laptop_096.jpg,laptop_096.jpg,149688,9a8174947d3f63b745aee8c1d705d668902d5c2e8e052766914c9420795172c0
real_life,laptop,Adaptiope/real_life/laptop/laptop_080.jpg,laptop_080.jpg,134914,98c29d2b588687005518779020be40de4ff47a9847ca9ba072c3bed87abc45be
real_life,monitor,Adaptiope/real_life/monitor/monitor_099.jpg,monitor_099.jpg,33737,f5b97557d4d0c81437db537c77bd2d7cba0e1ef511c558d887d8523ab991429f
real_life,monitor,Adaptiope/real_life/monitor/monitor_059.jpg,monitor_059.jpg,177406,e0155ffc632ffa0c6ad1bc5b3b5fb25ad8f9a97587071d599ee4b33f3a1877fd
real_life,monitor,Adaptiope/real_life/monitor/monitor_015.jpg,monitor_015.jpg,254257,849096f0fc4a86301f71ff2ec0861e22363868da433921fc65c343239f928d16
real_life,monitor,Adaptiope/real_life/monitor/monitor_005.jpg,monitor_005.jpg,205965,e9d1c2f434a08ef7ab023053184156aeef8647092a3c34ea08f4a5103e4269cf
real_life,monitor,Adaptiope/real_life/monitor/monitor_047.jpg,monitor_047.jpg,333302,38de069f02a13130128589470ec7291e68423eac1d6c0d4f3d96c73cf463b944
real_life,monitor,Adaptiope/real_life/monitor/monitor_060.jpg,monitor_060.jpg,171672,0e1072f9cfb6bb5439cb1f804b82f7cd6df6a66892e31833946dc667c67dd1b6
real_life,monitor,Adaptiope/real_life/monitor/monitor_027.jpg,monitor_027.jpg,214145,6925ca49a176ab9f81474605176898233dc510ee853ceaff12a1a861f7737be3
real_life,monitor,Adaptiope/real_life/monitor/monitor_001.jpg,monitor_001.jpg,120993,3de21c7ffdefc8a7fca3e079a60d3c0253554f3a352413dcf26c530adcfff0a1
real_life,monitor,Adaptiope/real_life/monitor/monitor_020.jpg,monitor_020.jpg,193734,59d1b7f73d1af414783bbf30495bda91d2c41ad660c00538e368aad8f150b99c
real_life,monitor,Adaptiope/real_life/monitor/monitor_031.jpg,monitor_031.jpg,142095,2df303a2c2b17a1845d5f813e3234246d9318bced2be4f543320b1a543023de4
real_life,monitor,Adaptiope/real_life/monitor/monitor_098.jpg,monitor_098.jpg,44343,42a5f2b46b4e064cfbdb37450a432828583005b86d5a644d9c1e3e59a3bcda0e
real_life,monitor,Adaptiope/real_life/monitor/monitor_094.jpg,monitor_094.jpg,138536,34f13a4ca59a85ce397bb8be6f7c5610e441183d8ee28798e42efbcd6b6f1306
real_life,monitor,Adaptiope/real_life/monitor/monitor_016.jpg,monitor_016.jpg,125171,6fb1cbecad64a588de5ba4fb0be2d055933eb0209367773b2ce0cf75bc32ba54
real_life,monitor,Adaptiope/real_life/monitor/monitor_051.jpg,monitor_051.jpg,169322,4acab0611fa9862ed4fdc999c23fb28e15cd5952349bcd8f971a7a8f27f5211b
real_life,monitor,Adaptiope/real_life/monitor/monitor_077.jpg,monitor_077.jpg,121640,2bfbe4d020f4d21b6765b6ee02b3a3536df86aa13fe8839925e30f808d4cd005
real_life,monitor,Adaptiope/real_life/monitor/monitor_045.jpg,monitor_045.jpg,94405,2ed54a8081b9d7f4b198cda7fad8826a9ae2dd40defba2413b7fb26a9dc6eed8
real_life,monitor,Adaptiope/real_life/monitor/monitor_036.jpg,monitor_036.jpg,184424,43aec12acecf69c342fb072ac4c536cbf34516da303ea08b7af70f9d5dab20d1
real_life,monitor,Adaptiope/real_life/monitor/monitor_087.jpg,monitor_087.jpg,204808,4e078cd27834c6d732c3968443d097b2190020472749b75a217fd592220b096c
real_life,monitor,Adaptiope/real_life/monitor/monitor_004.jpg,monitor_004.jpg,92984,b4ffcf0a1ad13727fcb188e0a4ce3001adc9f60e22572b13ddf57f6e47b34530
real_life,monitor,Adaptiope/real_life/monitor/monitor_086.jpg,monitor_086.jpg,395834,36c9675a743da10a9a58c34f9bd8935e1ff71d29f8ce83cdac11842b304aeddd
real_life,monitor,Adaptiope/real_life/monitor/monitor_013.jpg,monitor_013.jpg,183760,ac457d890a20aa16f3bf72f13bc62c1bbd73bdbb8b2591f8e5cdc139cdd3c90d
real_life,monitor,Adaptiope/real_life/monitor/monitor_012.jpg,monitor_012.jpg,292024,6fad90370d1784816198aac6a200ce351a5550a0cb019a812ff4bf203a272842
real_life,monitor,Adaptiope/real_life/monitor/monitor_030.jpg,monitor_030.jpg,113349,fc4c6ad3252e252388f5b0d364832d35879f5fc42b380a1d1dc8da60a6ac8096
real_life,monitor,Adaptiope/real_life/monitor/monitor_037.jpg,monitor_037.jpg,82240,e26bf22a2438453be9ebe259667ff3a4d80b93ca3b339ec5a5d48b34da82019a
real_life,monitor,Adaptiope/real_life/monitor/monitor_032.jpg,monitor_032.jpg,129955,13537a153eeda4847a9e70e092cd56dd11cc138e513e44f6edd6bf178cec05ec
real_life,monitor,Adaptiope/real_life/monitor/monitor_040.jpg,monitor_040.jpg,162253,6b4fbc6c4547a27db6de54bf89bf7add2da3cbea573253ee6f39cc3ffd44ed5d
real_life,monitor,Adaptiope/real_life/monitor/monitor_074.jpg,monitor_074.jpg,240873,8f9b35b2cc4b97d25d758a0eab3016f97c328e96b6ef41b449e7fa2756002d1b
real_life,monitor,Adaptiope/real_life/monitor/monitor_028.jpg,monitor_028.jpg,86997,295eac5c3649385b0bd23f73b8d699028d85779e95e6c093da33381372d090b4
real_life,monitor,Adaptiope/real_life/monitor/monitor_024.jpg,monitor_024.jpg,240706,3de0366747fb1278100cdb9d26a87b0d0d435ac459c2ba6eeeff3c5d6f058c59
real_life,monitor,Adaptiope/real_life/monitor/monitor_053.jpg,monitor_053.jpg,197242,fef130a1c3a2551610933d0b52dff31b0b23f3f10c395ea3a565ca70984d12a7
real_life,monitor,Adaptiope/real_life/monitor/monitor_065.jpg,monitor_065.jpg,224421,216de1605df7d50d2bd5121c45f4422299c565a4baf09c189c23c2f62ad0c024
real_life,monitor,Adaptiope/real_life/monitor/monitor_092.jpg,monitor_092.jpg,121049,7537744816d8c96f1a3f5b211edea32a40509debadcd2bdc0885552ebc94304f
real_life,monitor,Adaptiope/real_life/monitor/monitor_000.jpg,monitor_000.jpg,408249,8036497d3af3915f80e8d5dbdeb89ce197bedd596b46827d31304f77119d8b9c
real_life,monitor,Adaptiope/real_life/monitor/monitor_061.jpg,monitor_061.jpg,363497,d2e238092ac0c1335a3141db96832ab18cab5c394e3599283fe524174df4111a
real_life,monitor,Adaptiope/real_life/monitor/monitor_019.jpg,monitor_019.jpg,182947,3ccdf2c72114581793909a0c585a4b039505c2560b7d1dec64b64bb90e22dec2
real_life,monitor,Adaptiope/real_life/monitor/monitor_081.jpg,monitor_081.jpg,88788,08d6774da23f1ae0df617a17fc10fad62e26619964d2f6e525dbc380f39445b9
real_life,monitor,Adaptiope/real_life/monitor/monitor_033.jpg,monitor_033.jpg,195045,78ae95537cba61115aa13fbbdb7998e9f9d139414397285804320419b70af733
real_life,monitor,Adaptiope/real_life/monitor/monitor_075.jpg,monitor_075.jpg,110457,2e3b7186a8cb605cdaf522d2799bd677c001e2efb0053865ed8169c7b9bc1da4
real_life,monitor,Adaptiope/real_life/monitor/monitor_095.jpg,monitor_095.jpg,91625,4e367413deb8a4a0e1296c04f161e27e6d4780b5f82d7279b39122dc236777cf
real_life,monitor,Adaptiope/real_life/monitor/monitor_058.jpg,monitor_058.jpg,155243,a6836443072428cd24fa65552cdd80c19e878e231c16e7a7a827535288281f16
real_life,monitor,Adaptiope/real_life/monitor/monitor_069.jpg,monitor_069.jpg,49590,f499df81db2735e342f04b454b5fdb3d3e7d9897aba5fc330827b026dda4bdb9
real_life,monitor,Adaptiope/real_life/monitor/monitor_043.jpg,monitor_043.jpg,98674,c536894fbfc22adf4880773db6c341565b44684a0e8b2094f9f6d16e00265a5a
real_life,monitor,Adaptiope/real_life/monitor/monitor_090.jpg,monitor_090.jpg,133996,7720a0497227dc9c1589cbb430b312e9af49dc847031237af9b1b47475bc9252
real_life,monitor,Adaptiope/real_life/monitor/monitor_006.jpg,monitor_006.jpg,70084,0417aff76674afac96ef129a72acac3501ef0dc8ea14c35f7b51a2c99fb51a6c
real_life,monitor,Adaptiope/real_life/monitor/monitor_010.jpg,monitor_010.jpg,247712,c519be8a731b0797beb28622e7f891e7fb4ca6d624e0fb0144fc36d929c528d3
real_life,monitor,Adaptiope/real_life/monitor/monitor_056.jpg,monitor_056.jpg,99158,529a24c59b747d270d2a73eadd9b9038cdab80b4690d79a1a5e4a9d70b20d9d3
real_life,monitor,Adaptiope/real_life/monitor/monitor_035.jpg,monitor_035.jpg,78635,a35ce4e4fe580368364c093a783659eee44bd20d887e88ca25b3c5eac86781a5
real_life,monitor,Adaptiope/real_life/monitor/monitor_080.jpg,monitor_080.jpg,317483,ff2804e9622bbd38db91721c0f0401429e3213e24befc17c0f9c803cfe4b863b
real_life,monitor,Adaptiope/real_life/monitor/monitor_071.jpg,monitor_071.jpg,197243,782c77ccfa475f66545b453accf35e6b5d6cf22e5ba4d932f67b0c16a3be3569
real_life,monitor,Adaptiope/real_life/monitor/monitor_063.jpg,monitor_063.jpg,106018,d6bd17d93dcabf79ef2cf380dc12dda049b0dffd5f879515392f780cec28b2a1
real_life,monitor,Adaptiope/real_life/monitor/monitor_041.jpg,monitor_041.jpg,312924,bb113c2db2f542c1c20a97e25944d710aac7c22a09d33c547cc0a0606f62d7fa
real_life,monitor,Adaptiope/real_life/monitor/monitor_034.jpg,monitor_034.jpg,99920,04e76d882700e4aad175e00da86591e7a0aa3e895352ba27baece5fe3cbe442f
real_life,monitor,Adaptiope/real_life/monitor/monitor_083.jpg,monitor_083.jpg,246759,33e25ed7c9ee25e9e261b96d6ce7b1bbbea309dbc1ef9e0b26b5d5e63430a0e5
real_life,monitor,Adaptiope/real_life/monitor/monitor_079.jpg,monitor_079.jpg,126425,4250b27f5e714f81621c9f10dc94aa2d500db24d8e5cbdfb11c8ee8f2fa3c7a9
real_life,monitor,Adaptiope/real_life/monitor/monitor_073.jpg,monitor_073.jpg,323471,724f1998cd0b9b4a109470d21186b1d18488e1ffa6df590fa4ba287d685cfd6f
real_life,monitor,Adaptiope/real_life/monitor/monitor_022.jpg,monitor_022.jpg,174823,732b8410efdc8856ac34687ca52792bb00f33935fb282a018dfd711eb4c41846
real_life,monitor,Adaptiope/real_life/monitor/monitor_088.jpg,monitor_088.jpg,28925,c19a5cdd15d77edc2c2d81ac23e9df2f46b0b10642bd18465e1d9f1809bd8592
real_life,monitor,Adaptiope/real_life/monitor/monitor_062.jpg,monitor_062.jpg,153835,87510f013b4cf894d5b5f715595089157be2bf0b1086fb98fa5f200a57db0d31
real_life,monitor,Adaptiope/real_life/monitor/monitor_026.jpg,monitor_026.jpg,73128,9294e9e4410cba8eb31a3d9d610390298c90bc206c137ae87e8751bf8ed0d9b3
real_life,monitor,Adaptiope/real_life/monitor/monitor_089.jpg,monitor_089.jpg,60419,67b7586438cf9d9a925ea915eec773d4f1ae65e3f3ce732ab722485b53ad58d3
real_life,monitor,Adaptiope/real_life/monitor/monitor_007.jpg,monitor_007.jpg,69006,f82e506ad7705ec83f8feab9f9321fbbc965cc2cb28a578fdfc0ed23c61f65db
real_life,monitor,Adaptiope/real_life/monitor/monitor_082.jpg,monitor_082.jpg,165699,5316cb56472b7ff6fa04de2bc7484b32309e2242b4f635c17081d8ca0b11e0f9
real_life,monitor,Adaptiope/real_life/monitor/monitor_068.jpg,monitor_068.jpg,121431,5cc7d7541893ca8fa487e74f011526f7a00ddfd4e5f8029990ca2f011840e69b
real_life,monitor,Adaptiope/real_life/monitor/monitor_003.jpg,monitor_003.jpg,120509,b4db09f466b8deebbfd2a56e122f126c36322abe324d187bff48b0cdc19d8bdb
real_life,monitor,Adaptiope/real_life/monitor/monitor_054.jpg,monitor_054.jpg,93007,9c205327056e7a387357149bf3c1e20fef4a24695e308896d70dadbad5f4d8bd
real_life,monitor,Adaptiope/real_life/monitor/monitor_064.jpg,monitor_064.jpg,213504,23f1d5e2f82a143a8b24ff134bb2b43ef7fb221f233084f8c927b3e50cab0f6b
real_life,monitor,Adaptiope/real_life/monitor/monitor_023.jpg,monitor_023.jpg,169853,3b448c9a65ca58d81eb27632e4c68cca062b96caa57584e3915521701fbbe4f9
real_life,monitor,Adaptiope/real_life/monitor/monitor_078.jpg,monitor_078.jpg,179824,b0c0aef1938ae71d7dd410daa09428231e533ed3ad4b5f352c5013fe504ec481
real_life,monitor,Adaptiope/real_life/monitor/monitor_017.jpg,monitor_017.jpg,211072,b6e8b4a7f7c0e1a6947cc4359a1e9fc4f4a0da934320ec1d8cd2fcb87ebf1782
real_life,monitor,Adaptiope/real_life/monitor/monitor_052.jpg,monitor_052.jpg,94641,c238c74cc5fd7667fce3223475305050cfc72ec918e546736628f475745c0a52
real_life,monitor,Adaptiope/real_life/monitor/monitor_044.jpg,monitor_044.jpg,133637,6e929c17d1ee6696df937b4fb72ec2292b3e0aefd8ee5bcae473af8234288e85
real_life,monitor,Adaptiope/real_life/monitor/monitor_076.jpg,monitor_076.jpg,203482,ea31170938d729b02087f04c859741eb1d57a31d8710b287d7e09695fff77507
real_life,monitor,Adaptiope/real_life/monitor/monitor_038.jpg,monitor_038.jpg,148900,dd6292fff527c4200b3eb932ce992238e433795bff5ef7b62c4ec1816a0a6f56
real_life,monitor,Adaptiope/real_life/monitor/monitor_066.jpg,monitor_066.jpg,157876,a585d97220a42f38ebf2836a48e43cd69518c18742d3bba4cde1582d85a47233
real_life,monitor,Adaptiope/real_life/monitor/monitor_093.jpg,monitor_093.jpg,213890,58cc865ad0ad2f1359ba6fbed15f2582dd341ad6f4c1c00ce0e2797578c37edb
real_life,monitor,Adaptiope/real_life/monitor/monitor_055.jpg,monitor_055.jpg,496351,8ef2068904ac98b33de0d06191e51a741cda95a82e6132e62fca879c0bf62347
real_life,monitor,Adaptiope/real_life/monitor/monitor_085.jpg,monitor_085.jpg,547299,69ab4ccc1bb06da91240ef7a7c34596476d582f2fa2e61f4b36a31b50ad1d945
real_life,monitor,Adaptiope/real_life/monitor/monitor_008.jpg,monitor_008.jpg,92971,b61978ab4446ca9c76450e7c97982421fdee2df0e9fd8683566aea9693aba947
real_life,monitor,Adaptiope/real_life/monitor/monitor_091.jpg,monitor_091.jpg,245232,3b34db4139b39055fcbdc7cb9c25e82a459cba134d7f5afac6bdeb765b53dc12
real_life,monitor,Adaptiope/real_life/monitor/monitor_097.jpg,monitor_097.jpg,216864,9078cb8bff9b78df9d53cdad8fe9b52d6a8f48d416e9a6103088c4b531a85939
real_life,monitor,Adaptiope/real_life/monitor/monitor_039.jpg,monitor_039.jpg,303650,eaf6c89a01c9248787157827f202184b0adafab0498b462d4630f03472ae8caf
real_life,monitor,Adaptiope/real_life/monitor/monitor_025.jpg,monitor_025.jpg,234723,74cb32f12a256e0fa4294151e29fda2f330e89a9dcc6399ad0ff7b55c218167d
real_life,monitor,Adaptiope/real_life/monitor/monitor_002.jpg,monitor_002.jpg,100255,da31dce11e8847c9e075dba0b6a30125bb3cacb473e2988916ae5f8214d5b913
real_life,monitor,Adaptiope/real_life/monitor/monitor_049.jpg,monitor_049.jpg,189399,d634507a5177e4dcbc9820ce0690505e315ccacaf4f814b03ab62fdcab4aa391
real_life,monitor,Adaptiope/real_life/monitor/monitor_096.jpg,monitor_096.jpg,164443,ddd16b673bfb4fffee19a2fd0bfc83d48c4c7328aaaa164f24a4bf6eb3c0774d
real_life,monitor,Adaptiope/real_life/monitor/monitor_050.jpg,monitor_050.jpg,143531,26dd7dbeea6f4a050b09be37cbae051426430de4fdf9a38711e5323149c0bcc5
real_life,monitor,Adaptiope/real_life/monitor/monitor_009.jpg,monitor_009.jpg,220970,6f58e9056a2bf35bed537bad732d128a006688a4e73757dc3cd35a6c14ca5bf6
real_life,monitor,Adaptiope/real_life/monitor/monitor_021.jpg,monitor_021.jpg,275825,7618eca9ae4d85463d93723a4fe99502759c17185846b818dfdd1c8e9300bf67
real_life,monitor,Adaptiope/real_life/monitor/monitor_046.jpg,monitor_046.jpg,83473,2c98b5a5cd35535b9e1f41ce6cf6ff7956790725d3767181bd18c1078ffacbcd
real_life,monitor,Adaptiope/real_life/monitor/monitor_011.jpg,monitor_011.jpg,265957,cab1b0ea26c6d407b2dfab2a609f41ba3676d88774b3d550ad6eaabda1f75f86
real_life,monitor,Adaptiope/real_life/monitor/monitor_042.jpg,monitor_042.jpg,211207,e0631b58dc7f8d6bc5fe053a86417feeea5ae88db80fdaba2b86ddc9f588c772
real_life,monitor,Adaptiope/real_life/monitor/monitor_029.jpg,monitor_029.jpg,177280,f7f3973f9eb7e8d04d18e2cc335d620b17fb680478c61770f41eb7d89e2c5906
real_life,monitor,Adaptiope/real_life/monitor/monitor_084.jpg,monitor_084.jpg,364879,80aaba9467195b6e868cfc7fbdfa11b9604bfe1b4c01d2bca26ee203d03c95c4
real_life,monitor,Adaptiope/real_life/monitor/monitor_018.jpg,monitor_018.jpg,126768,ea6b4e624e4535d4f969e3248bac307a91016fb51ec67b723f299ef0f1291d91
real_life,monitor,Adaptiope/real_life/monitor/monitor_072.jpg,monitor_072.jpg,136532,b7ffa03e6075ca759f2f85656a026edc3754f08c8ce615398f24e9ceda1e2601
real_life,monitor,Adaptiope/real_life/monitor/monitor_070.jpg,monitor_070.jpg,219533,83bcb0c624a5fdad876df2af606f4c36d28ea42453c28221cca0987e79ce61a8
real_life,monitor,Adaptiope/real_life/monitor/monitor_048.jpg,monitor_048.jpg,302933,7ae3122ceacfa92c356ca82f5a0d2ae7c8e9879626f77b4b5dad0759183efc9c
real_life,monitor,Adaptiope/real_life/monitor/monitor_057.jpg,monitor_057.jpg,140648,22b7b252388428aee172eb3b4cdc1bcd12f3bca601e88e995778f223ee19c49b
real_life,monitor,Adaptiope/real_life/monitor/monitor_067.jpg,monitor_067.jpg,253997,2f9920be53972e28b346128164a24b4c4b812a92419526565f769b8d3f66e11a
real_life,monitor,Adaptiope/real_life/monitor/monitor_014.jpg,monitor_014.jpg,148216,440c63d8c3da516668668fa857ab6241e0cbc0acb5885a86fb0c3b5f938e754e
real_life,keyboard,Adaptiope/real_life/keyboard/keyboard_007.jpg,keyboard_007.jpg,218126,0b328e923696c158e140491cf0c79b6ee9a3df31dc89f38f64a3b91655af4920
real_life,keyboard,Adaptiope/real_life/keyboard/keyboard_064.jpg,keyboard_064.jpg,61452,110be8c839c573347593bbbbf72ceae73d275ab3ebfa6dc789255ebf07270336
real_life,keyboard,Adaptiope/real_life/keyboard/keyboard_078.jpg,keyboard_078.jpg,283402,08d9e43758e261ef81f8199931009fbaa68be77ab02c69efdf05bfa17ed5b0b2
real_life,keyboard,Adaptiope/real_life/keyboard/keyboard_084.jpg,keyboard_084.jpg,269886,ee025b11ea0062bcca8aff2a95f5d6e1a4a2b5b0faafb2c2a6a83ce5a8090c33
real_life,keyboard,Adaptiope/real_life/keyboard/keyboard_034.jpg,keyboard_034.jpg,186340,5ff0e0787177e5464cf8ac875f3eba1464e335c1f1f9805cb9998316b4925672
real_life,keyboard,Adaptiope/real_life/keyboard/keyboard_051.jpg,keyboard_051.jpg,48547,76924d28b4a79cc59c4830382da2d93a5f028df5332261d34908c692ac395a2e
real_life,keyboard,Adaptiope/real_life/keyboard/keyboard_006.jpg,keyboard_006.jpg,173590,7c079507b233e4e6b157e1ba84669871ecb361408aa0164c986e7c185f1dfd72
real_life,keyboard,Adaptiope/real_life/keyboard/keyboard_030.jpg,keyboard_030.jpg,190895,b813cdb9952f487084732b9182358a3241c7a6155742340f091ad746d610684d
real_life,keyboard,Adaptiope/real_life/keyboard/keyboard_049.jpg,keyboard_049.jpg,118085,6508cca524984a8b60cb9da8a1328ba3b43c53732a1df7aa1ac5444a7cf3c57d
real_life,keyboard,Adaptiope/real_life/keyboard/keyboard_086.jpg,keyboard_086.jpg,225065,76483ab94519c814d9656c9dbdc98fc4e0b3f11d749137b726ebb8f6d7d1b2ea
real_life,keyboard,Adaptiope/real_life/keyboard/keyboard_004.jpg,keyboard_004.jpg,39684,b033fded01f5187b281eeda80f68be8806a6099282f3453becd49cfd704da4e0
real_life,keyboard,Adaptiope/real_life/keyboard/keyboard_009.jpg,keyboard_009.jpg,200134,2162c5ad8de893fcc22b69cebfda6f68d1ef481133ab5ced11dc5ed78b39e631
real_life,keyboard,Adaptiope/real_life/keyboard/keyboard_003.jpg,keyboard_003.jpg,19866,7a03b7deee4aa06ddb00f27c6578ae288fd9e86a41743879273f4b8db8d177e1
real_life,keyboard,Adaptiope/real_life/keyboard/keyboard_043.jpg,keyboard_043.jpg,324773,77b9b37a124cc60e3ee7a6fd6f805a0543b9bb6b238d0bbc83f286dbee68467a
real_life,keyboard,Adaptiope/real_life/keyboard/keyboard_050.jpg,keyboard_050.jpg,49394,fcc353a6fa3bd4af28b3a8e2ea9dbef190a3c6ac3a8711808c48a1d86d6b5766
real_life,keyboard,Adaptiope/real_life/keyboard/keyboard_022.jpg,keyboard_022.jpg,124804,a74cdc4e3e79c29cbf6fcec56805b1f6fa54fda73650a20822791d571e6fb31f
real_life,keyboard,Adaptiope/real_life/keyboard/keyboard_018.jpg,keyboard_018.jpg,322022,bd959ebe818445959f3c5f121218d35b466d2a9bcbf89af6e4302fdecdc246f3
real_life,keyboard,Adaptiope/real_life/keyboard/keyboard_029.jpg,keyboard_029.jpg,95377,e7c2b2737689ec3e54b0e9598da718ad6f1c7782d632d800f8474936f3399200
real_life,keyboard,Adaptiope/real_life/keyboard/keyboard_000.jpg,keyboard_000.jpg,238954,844184fa2cd9083e8587ca0f4efe7b5ccc0f264b2bd33c07d1b686005233cf12
real_life,keyboard,Adaptiope/real_life/keyboard/keyboard_039.jpg,keyboard_039.jpg,194196,169f854cd1685347326355408aa2c6c89e4c84809a6f331b58669de042ec7ba7
real_life,keyboard,Adaptiope/real_life/keyboard/keyboard_067.jpg,keyboard_067.jpg,164487,d8a5adec34309e3f4d16d2919bacfcde300beb5bc034e2649f293775e75bbc23
real_life,keyboard,Adaptiope/real_life/keyboard/keyboard_021.jpg,keyboard_021.jpg,156795,f69276f9a714819fea51368278e45bb0dc634829d61e0388a64398e392f43805
real_life,keyboard,Adaptiope/real_life/keyboard/keyboard_097.jpg,keyboard_097.jpg,257435,61a609432b3e12434ee9a4df71eed132fd5bb3fed1a7e4a380994383dfe951aa
real_life,keyboard,Adaptiope/real_life/keyboard/keyboard_017.jpg,keyboard_017.jpg,100940,edb5b46420293b273b6758c3b95180ba2fed790c4dedb097e749ef2ecfc31542
real_life,keyboard,Adaptiope/real_life/keyboard/keyboard_069.jpg,keyboard_069.jpg,342283,da88d4d55de21fb042805646f37f1a691bfceb97a117c3b1402fe68a015f0ad2
real_life,keyboard,Adaptiope/real_life/keyboard/keyboard_079.jpg,keyboard_079.jpg,104198,6d25941cde382ef4f5843baaf81bea10075510314282e24b20ca19dd0f36b5ee
real_life,keyboard,Adaptiope/real_life/keyboard/keyboard_005.jpg,keyboard_005.jpg,49000,7554a3111e369b2a24001daf2af6e92b40b082a7a348fd7aa2d1b4cfed3e48a3
real_life,keyboard,Adaptiope/real_life/keyboard/keyboard_065.jpg,keyboard_065.jpg,197576,85ad0e0f89c62d7c36b6ec21a5617df0b32a0fa6272da6f10f110bf85ba5dabe
real_life,keyboard,Adaptiope/real_life/keyboard/keyboard_083.jpg,keyboard_083.jpg,264124,604df722a2fb358a3c836c2e7dd0625732dfb7cc333898496b8137d3bc59ed41
real_life,keyboard,Adaptiope/real_life/keyboard/keyboard_040.jpg,keyboard_040.jpg,58093,24d10c54792d9dbede739d673f425ddd0ce2b3b7d9222e4983f5215ff97cf25d
real_life,keyboard,Adaptiope/real_life/keyboard/keyboard_077.jpg,keyboard_077.jpg,172664,d9997d88c478abe9a22999c9e0af4efa63f33e03ac843dcf919d47226ba1187f
real_life,keyboard,Adaptiope/real_life/keyboard/keyboard_059.jpg,keyboard_059.jpg,520676,274613fc4ed3e033539dabf44b774d62e5dbbabfc47834b5eb920d095daa6283
real_life,keyboard,Adaptiope/real_life/keyboard/keyboard_019.jpg,keyboard_019.jpg,154380,ceb3e89c36ce1e1cfed7f83390e7cccb7ab1b695f43af8a4e937db5c9d77ad70
real_life,keyboard,Adaptiope/real_life/keyboard/keyboard_023.jpg,keyboard_023.jpg,265428,c4a68cd2077cd276b2b2f5930c176c67d88d086b5dcabfea20adc608fb4d2172
real_life,keyboard,Adaptiope/real_life/keyboard/keyboard_063.jpg,keyboard_063.jpg,235054,255dd1c3f00f4239c374c0c49d2ccad5a23ac26907637cf9b9bb6bcf5fa4a940
real_life,keyboard,Adaptiope/real_life/keyboard/keyboard_061.jpg,keyboard_061.jpg,72762,6d48a45a398171a3775dcd2b29bb98d664890515a15ba0d3351e96993606b5c9
real_life,keyboard,Adaptiope/real_life/keyboard/keyboard_099.jpg,keyboard_099.jpg,227441,6e96fd199df691b02bbce85c5d37eee8a3b8e73d455f3208da52486512a61678
real_life,keyboard,Adaptiope/real_life/keyboard/keyboard_042.jpg,keyboard_042.jpg,287089,2fa78c81302b8331c5a89fb41247c63f31fb90b5ad1e450d182b08a5cfd2130e
real_life,keyboard,Adaptiope/real_life/keyboard/keyboard_016.jpg,keyboard_016.jpg,182934,b486cbaee124c742b8b8d371c5e276bf605b09460ebb351f16c1e2dd7e5ba55b
real_life,keyboard,Adaptiope/real_life/keyboard/keyboard_081.jpg,keyboard_081.jpg,193629,b3a83a8361ccfe5bf4aea9c7cc87d4217e40f26ad1b56b6982e1c2b425e60125
real_life,keyboard,Adaptiope/real_life/keyboard/keyboard_025.jpg,keyboard_025.jpg,335914,d4b9284878d85858ff685a39cd4f8248ac80c8a67e45502727008d67100faa7e
real_life,keyboard,Adaptiope/real_life/keyboard/keyboard_033.jpg,keyboard_033.jpg,157766,e59ab2d9d8ce5c8d605a24ff9a7590189232b41afd5fab830e9495bcb44be806
real_life,keyboard,Adaptiope/real_life/keyboard/keyboard_073.jpg,keyboard_073.jpg,164188,3c883e379e5f447288cf333f2ce7458cef556641d9e4f1368fdb34d9165747c3
real_life,keyboard,Adaptiope/real_life/keyboard/keyboard_093.jpg,keyboard_093.jpg,224790,43860967c86296c5f36c3a114cca82fcd750c625cbac76e444f6c0912d9d9cbd
real_life,keyboard,Adaptiope/real_life/keyboard/keyboard_080.jpg,keyboard_080.jpg,228831,904192074eb4cda0c331024ad54f20bf82fe2e7f387b9ceaf8ebcedfb20bece1
real_life,keyboard,Adaptiope/real_life/keyboard/keyboard_071.jpg,keyboard_071.jpg,289015,660533527828af4cd8ded29398d4cc30632ec8b47706b51fcd1e948b416abcf9
real_life,keyboard,Adaptiope/real_life/keyboard/keyboard_072.jpg,keyboard_072.jpg,80359,a2c7e5fda72a875ea8363905609569a6a1f27f1af4db2d744cc912b992077a67
real_life,keyboard,Adaptiope/real_life/keyboard/keyboard_011.jpg,keyboard_011.jpg,190575,dbfff7f0328c2c8beeebb707a44f4e5caa0c47e4b0528b4c820149c23e57799e
real_life,keyboard,Adaptiope/real_life/keyboard/keyboard_046.jpg,keyboard_046.jpg,99590,004388f1053b9a756069c4ff52bc71c05164c4cb024b28ba817b1a813a3355aa
real_life,keyboard,Adaptiope/real_life/keyboard/keyboard_002.jpg,keyboard_002.jpg,221339,81a8b788f12479027a6fcd3ce6775332054d99ad7a426d0772c0eb9e6690db10
real_life,keyboard,Adaptiope/real_life/keyboard/keyboard_091.jpg,keyboard_091.jpg,23146,31c8faab13f76773fe13575b5acb7bea321cf5e62dc59902583e369cf454f67a
real_life,keyboard,Adaptiope/real_life/keyboard/keyboard_089.jpg,keyboard_089.jpg,96099,f730b0769a3981455b3e0e252b381178e21d63fa759c6fc3d4c623833049e923
real_life,keyboard,Adaptiope/real_life/keyboard/keyboard_032.jpg,keyboard_032.jpg,171838,6ebf89348068ec85c87c731695abf22ca950e71cfd5a202e74924d2bf93eab3c
real_life,keyboard,Adaptiope/real_life/keyboard/keyboard_062.jpg,keyboard_062.jpg,178623,2baaa16f570aca2dacfd39b0f618f6d82996065efdb59ea1b5b23cd7b90a08d1
real_life,keyboard,Adaptiope/real_life/keyboard/keyboard_098.jpg,keyboard_098.jpg,302465,6f11ced05fec0496c270ca28ab255e1ecddbc1340f520124dda96aeec3e5e497
real_life,keyboard,Adaptiope/real_life/keyboard/keyboard_056.jpg,keyboard_056.jpg,60870,19fc55a0de467c6add17e445e6acda7b59f4892b49280250c63ed1a4ad8e044b
real_life,keyboard,Adaptiope/real_life/keyboard/keyboard_075.jpg,keyboard_075.jpg,109874,879951a1c950d1e8fa5c7ded1b604fe4382761dce11a0646073c6666e6a77444
real_life,keyboard,Adaptiope/real_life/keyboard/keyboard_001.jpg,keyboard_001.jpg,427729,a37c848de388e58235c5a74e690581c1e76397ee96378d2c944bcc4c2779a4f3
real_life,keyboard,Adaptiope/real_life/keyboard/keyboard_048.jpg,keyboard_048.jpg,96462,a8dd45a2945ced1e334382b640ddca5d3723893c92a51986164969b814f26d84
real_life,keyboard,Adaptiope/real_life/keyboard/keyboard_028.jpg,keyboard_028.jpg,132249,7b585fb156030050b3aaabd1334419adbbb38f1428f8a4a0b03c2e40ca6fb80a
real_life,keyboard,Adaptiope/real_life/keyboard/keyboard_060.jpg,keyboard_060.jpg,259335,e3689e9783f94d900ffa803e3136dde2fe379f242b7a0ed2cd30b83c6eea159b
real_life,keyboard,Adaptiope/real_life/keyboard/keyboard_053.jpg,keyboard_053.jpg,242632,445eab0c6d9262ea552850e011abe7fcc6d12f0c589db51345685a7e5e8699ed
real_life,keyboard,Adaptiope/real_life/keyboard/keyboard_057.jpg,keyboard_057.jpg,185798,00153beb49a62f55c9e881d45e8f6c7c2496e4f02e9d8e3bcb4d4f8bcb50ce06
real_life,keyboard,Adaptiope/real_life/keyboard/keyboard_012.jpg,keyboard_012.jpg,230642,07792b7d8c6e4744714e8a86421c92a1a4224ac6863a64cfcbfab4422c44a005
real_life,keyboard,Adaptiope/real_life/keyboard/keyboard_095.jpg,keyboard_095.jpg,207658,f7158a11979663bd4ebc02c83769a152cf3f4858a6c3260135675975f65c4fe1
real_life,keyboard,Adaptiope/real_life/keyboard/keyboard_045.jpg,keyboard_045.jpg,51947,1d3edef8c51e4cf30c6da174e1c69dfa8abadc68f8315b2e93cba1687a0aac9c
real_life,keyboard,Adaptiope/real_life/keyboard/keyboard_015.jpg,keyboard_015.jpg,214438,c5f81669b92f9b233e7acec897b801cc0edea3e339183d79c59e625a608cbe0d
real_life,keyboard,Adaptiope/real_life/keyboard/keyboard_008.jpg,keyboard_008.jpg,156412,f0286969f584b0c9ac8578abd71ea1b19eaa873c3ed74624281b47026852221c
real_life,keyboard,Adaptiope/real_life/keyboard/keyboard_047.jpg,keyboard_047.jpg,202567,43c648e94807efa29f9eecb8f1fa9d0eeb3f903e67222318e4a28462ef7f0472
real_life,keyboard,Adaptiope/real_life/keyboard/keyboard_027.jpg,keyboard_027.jpg,158999,fbd36e085705c918dad4330428af638f34f3a3b92f089639485c4dfd41a6d4cb
real_life,keyboard,Adaptiope/real_life/keyboard/keyboard_044.jpg,keyboard_044.jpg,211537,cd8a0a83cc72c5b657fe02b0189adf63d288de0915a478563d041ada8370d6ab
real_life,keyboard,Adaptiope/real_life/keyboard/keyboard_031.jpg,keyboard_031.jpg,242938,e513493970a4d0726cf717d01e2c77fd73701c6a314ce535ed00d8a4ae1ed263
real_life,keyboard,Adaptiope/real_life/keyboard/keyboard_052.jpg,keyboard_052.jpg,270493,62277d4283b3c30ff8a0fba71453d068f4a01f8b863029198d0fde39fc481de8
real_life,keyboard,Adaptiope/real_life/keyboard/keyboard_036.jpg,keyboard_036.jpg,159433,f861ca5e43454b44f428ecee5ba1d0112ef94d5ffa03f63eb1d22a954bab28bc
real_life,keyboard,Adaptiope/real_life/keyboard/keyboard_038.jpg,keyboard_038.jpg,51964,2fa9f607d88c4c6a1e7fb391231a4840dc69b22e7c5e0fc75738597aa656ba1c
real_life,keyboard,Adaptiope/real_life/keyboard/keyboard_013.jpg,keyboard_013.jpg,164391,0baa7969ad3eb4648ca5ecaebd540a0141401b0388ecbb704157c268df8a11d0
real_life,keyboard,Adaptiope/real_life/keyboard/keyboard_041.jpg,keyboard_041.jpg,207008,1000edfbddd9fe05291e37a21edeb962d04f7f66692b0b57f26be7b19d62a10a
real_life,keyboard,Adaptiope/real_life/keyboard/keyboard_035.jpg,keyboard_035.jpg,207043,e462f276fcefa8fecc0d91123f4de1d3250b46c1cb7f1d89d7ef7d096d0871a5
real_life,keyboard,Adaptiope/real_life/keyboard/keyboard_076.jpg,keyboard_076.jpg,149824,93840923067d279a07150a808f9a6d7e66245d10ada71165b1e08321e3ada329
real_life,keyboard,Adaptiope/real_life/keyboard/keyboard_020.jpg,keyboard_020.jpg,202257,662d9df4ffbbe246bc7fb5f47d3b54770954c0cb2f4207d9703e4978e9eb4f3a
real_life,keyboard,Adaptiope/real_life/keyboard/keyboard_024.jpg,keyboard_024.jpg,158184,1eade4eda63273f9d2656be7f9d9832fda367801ea6b2313ade194c6fffe7625
real_life,keyboard,Adaptiope/real_life/keyboard/keyboard_092.jpg,keyboard_092.jpg,168858,3b184d16e74cc9c643dd9ef77e95711a0b2f6d99ae511bb312f1116e48b541a8
real_life,keyboard,Adaptiope/real_life/keyboard/keyboard_087.jpg,keyboard_087.jpg,263080,68ba2f56ecb51aab4db3eca87262030462b965380f03467e95002e62625c44f9
real_life,keyboard,Adaptiope/real_life/keyboard/keyboard_074.jpg,keyboard_074.jpg,168452,0fd32e0ae0e1cdbad96a2ccea33f28c67d4881c49c1b1bc1dabdda1ace4f5f40
real_life,keyboard,Adaptiope/real_life/keyboard/keyboard_026.jpg,keyboard_026.jpg,86042,00b2d3201d4a4d97efcb6b2f59cd62aee51baa1eda7942e2956c23e61ce39497
real_life,keyboard,Adaptiope/real_life/keyboard/keyboard_054.jpg,keyboard_054.jpg,317696,48db308ee58065cbfa6b999ea0f5a8dec36135badedf9c488d5fac8ce8223c49
real_life,keyboard,Adaptiope/real_life/keyboard/keyboard_082.jpg,keyboard_082.jpg,221262,658c3bd96ea669cf06b63deece6360094fe13424f4696f87b41b122b185b2e17
real_life,keyboard,Adaptiope/real_life/keyboard/keyboard_088.jpg,keyboard_088.jpg,194924,2d8b55959feeac6c0238577ece524098f713610c52ae78bd362121c5195ec808
real_life,keyboard,Adaptiope/real_life/keyboard/keyboard_066.jpg,keyboard_066.jpg,177719,00ff26b8e851bef6a6228fe2f58da79fe5854dabca64a2ada3893a1a0769ee8b
real_life,keyboard,Adaptiope/real_life/keyboard/keyboard_090.jpg,keyboard_090.jpg,192779,484f350deefd210e36c8bccba32d4432acde924991c1582c8dce02aca8a2ea1a
real_life,keyboard,Adaptiope/real_life/keyboard/keyboard_094.jpg,keyboard_094.jpg,362254,82b6a52318bc523868ebaa18d7b2685b05522cc07719a749d641d20ce033e3f3
real_life,keyboard,Adaptiope/real_life/keyboard/keyboard_070.jpg,keyboard_070.jpg,146532,7c8911778a35a3975baef40d8ac8457c181150b439d7df2df6178f8b51f9eb20
real_life,keyboard,Adaptiope/real_life/keyboard/keyboard_085.jpg,keyboard_085.jpg,191681,1973505b9142b6df5863b2a77f7289354ce5c7a2600ae1a965c3c28779f60555
real_life,keyboard,Adaptiope/real_life/keyboard/keyboard_037.jpg,keyboard_037.jpg,104605,5aaeeb5371932adc63cdf67938c8d1be1b7d052e3a3c1dd7a666252b9abc6666
real_life,keyboard,Adaptiope/real_life/keyboard/keyboard_096.jpg,keyboard_096.jpg,175889,55997ca09480bca1ff5264530012a711b6819a964fe60178f77909d91a90ed7a
real_life,keyboard,Adaptiope/real_life/keyboard/keyboard_010.jpg,keyboard_010.jpg,349450,7819b5b6dc12408fa92c1780c17985f932924a945ee51546e725dd857f08ebe9
real_life,keyboard,Adaptiope/real_life/keyboard/keyboard_068.jpg,keyboard_068.jpg,157614,398ace5cec55f1f14e21deeb1d1fa6a93cd3753f9a30b44a0e6e90c9adf8a570
real_life,keyboard,Adaptiope/real_life/keyboard/keyboard_055.jpg,keyboard_055.jpg,57708,c789dc0b35080f4c428367aa1d8110291b2c4188db1c676cc9f21880524a1e37
real_life,keyboard,Adaptiope/real_life/keyboard/keyboard_014.jpg,keyboard_014.jpg,277154,521b2879cea45c065c1772ec0869795395c3d28e6b979a755e5ab94ea9ccdd58
real_life,keyboard,Adaptiope/real_life/keyboard/keyboard_058.jpg,keyboard_058.jpg,160527,31dd0e026eaeb8682a43a2dd623badc3cfeb8018b4bf8989c6f5d01e23f64409
real_life,webcam,Adaptiope/real_life/webcam/webcam_074.jpg,webcam_074.jpg,146363,55d27c64994eda4c31ed251dfef4ea66e3f2b5e65d8dc76043c999366a941ef7
real_life,webcam,Adaptiope/real_life/webcam/webcam_051.jpg,webcam_051.jpg,285130,39c1111078dcc76fb312f673e941f6d6c32c0a065cda0429ea2ab927af76b585
real_life,webcam,Adaptiope/real_life/webcam/webcam_043.jpg,webcam_043.jpg,117108,549650343f8b3095906510451b5345514c18b15236e96911674df83f7683a30e
real_life,webcam,Adaptiope/real_life/webcam/webcam_007.jpg,webcam_007.jpg,71678,b741d60a2b7cd6ff3a85f63ceb80c8b0d6b2858fa2935c65367fe32a8ad6673e
real_life,webcam,Adaptiope/real_life/webcam/webcam_071.jpg,webcam_071.jpg,231010,5e65e4c1db42395b6131edac40156b5e8673addc8a102cf336439cc5eda52770
real_life,webcam,Adaptiope/real_life/webcam/webcam_046.jpg,webcam_046.jpg,285696,95b5bbaf92374f48e3f6a5a4d5937dd50aefaa2ef2d7c6725b61ec07cd1dfcf2
real_life,webcam,Adaptiope/real_life/webcam/webcam_060.jpg,webcam_060.jpg,189934,d2ce71b9c58ac70615b2f2b89416cb67b18a8692b688c090abd5c9b2f420b2da
real_life,webcam,Adaptiope/real_life/webcam/webcam_047.jpg,webcam_047.jpg,57739,27c30377a350f76897832a2e67f4de8a315831dd42619eebf7d5c8d9e727ccd4
real_life,webcam,Adaptiope/real_life/webcam/webcam_090.jpg,webcam_090.jpg,184420,cb964992fe5e0b3d43b755b53251956732152e38307a634ebd65fc6c19a63bdd
real_life,webcam,Adaptiope/real_life/webcam/webcam_024.jpg,webcam_024.jpg,138999,4f5baaf57ae12d4032c6ae8c80ad80d0e2c30d53cf8cd74b05a175666ea548fd
real_life,webcam,Adaptiope/real_life/webcam/webcam_093.jpg,webcam_093.jpg,123163,7b39d659a8008cfba4c312cbdfd93d823460d573e9dab89d132ed65e97d1e682
real_life,webcam,Adaptiope/real_life/webcam/webcam_059.jpg,webcam_059.jpg,64076,eeb572486fe2849973ffd8ac1e96131f295595a98f590f7e5c657031a7c12a2a
real_life,webcam,Adaptiope/real_life/webcam/webcam_073.jpg,webcam_073.jpg,143739,08d6dfadb299c31cbc57333080ef32edfb4699cd9e8122da020f099fe63c9f95
real_life,webcam,Adaptiope/real_life/webcam/webcam_031.jpg,webcam_031.jpg,175164,5d0ab59a3674103a832ff354275705f5d5d7c931a46ba1e98f654b37931cf233
real_life,webcam,Adaptiope/real_life/webcam/webcam_014.jpg,webcam_014.jpg,44256,f1ea1fabab8fd2dde037dc216d5c9347c48c5188add7943955ae0b0bcfb17b6c
real_life,webcam,Adaptiope/real_life/webcam/webcam_040.jpg,webcam_040.jpg,285447,07891b8e4dd8f2c91aa29d5af791494975f317f07842aa528202cdcc326810c4
real_life,webcam,Adaptiope/real_life/webcam/webcam_045.jpg,webcam_045.jpg,138242,107a5510594393b27317e1dbcf76f474ed7d523d84447d0efbd7823e80d0e9df
real_life,webcam,Adaptiope/real_life/webcam/webcam_087.jpg,webcam_087.jpg,201578,e566c30efc0388bd7d1c2e62510181508a7f0d530454487252d32aeea0630822
real_life,webcam,Adaptiope/real_life/webcam/webcam_021.jpg,webcam_021.jpg,223908,a54e1124c202f0d5b399935ac1be6508858ba3922484b29ef55030d827b0bd44
real_life,webcam,Adaptiope/real_life/webcam/webcam_033.jpg,webcam_033.jpg,134319,906253faa48e4522231100f10fcf0e66857da266e6efc2d39467588b3f89810d
real_life,webcam,Adaptiope/real_life/webcam/webcam_016.jpg,webcam_016.jpg,194705,e295fed8ad2e52c5cf6213bd432911f7681b9c3dc384163ed5201eec9dbf93f0
real_life,webcam,Adaptiope/real_life/webcam/webcam_058.jpg,webcam_058.jpg,270309,dba3589b3a8fcc691673de014cfb6fd3fa157dc8534c31e85c7bc2d44f5e5906
real_life,webcam,Adaptiope/real_life/webcam/webcam_070.jpg,webcam_070.jpg,189747,c213c7ec155c471b9fcdaebf073695f70b8b4ad01a4f7008ad102d5a811b4244
real_life,webcam,Adaptiope/real_life/webcam/webcam_022.jpg,webcam_022.jpg,150135,9a7290dcaad858ca646f736097038a01b7d9f08600ff340647089810dc777807
real_life,webcam,Adaptiope/real_life/webcam/webcam_080.jpg,webcam_080.jpg,141750,0ee3182f099c5f831a8fa79e5881324cdeda409b354ef0d68c3d51d122e06271
real_life,webcam,Adaptiope/real_life/webcam/webcam_065.jpg,webcam_065.jpg,127728,7565265c0b3e1227df476e23bc56384775d80b8c86fcb928cef3d71c6b7cb2e7
real_life,webcam,Adaptiope/real_life/webcam/webcam_023.jpg,webcam_023.jpg,291098,c687d41be61a1053261f52d49c361a3d8bb476e8c80e8f2460fe0e017292b0f8
real_life,webcam,Adaptiope/real_life/webcam/webcam_082.jpg,webcam_082.jpg,76669,991dd521bb573fbb98941c57aaf4e23e74ce2c7788be8a1ed0de3e8a0822a5a3
real_life,webcam,Adaptiope/real_life/webcam/webcam_069.jpg,webcam_069.jpg,101437,d9078cd2e9f923ae67e8208cee9d2ba154e4306d20e4fdf7aa3daf32b59166a6
real_life,webcam,Adaptiope/real_life/webcam/webcam_002.jpg,webcam_002.jpg,168174,9e0b8ba422d541fec29a48adeae36423fdd1832f93e69923c4b23888a3227ea5
real_life,webcam,Adaptiope/real_life/webcam/webcam_081.jpg,webcam_081.jpg,169050,f13d940d6130b801d7e13565b8442b8e5ebb6f1769fab3f79190062d8ab136b3
real_life,webcam,Adaptiope/real_life/webcam/webcam_049.jpg,webcam_049.jpg,149701,75756bf70d899333411d512a05aa5afa32685fa04ad4d1ef7caa2fd84dcbe9cb
real_life,webcam,Adaptiope/real_life/webcam/webcam_001.jpg,webcam_001.jpg,43286,5c3afdaa82d89b1d357eb043ea403fc5f7b24ee02961116be1ba42af51a134ee
real_life,webcam,Adaptiope/real_life/webcam/webcam_044.jpg,webcam_044.jpg,147691,f7dc3a46d96eed947a6e516e3b4a5007b527655f6b42ccd08e3b11ee511aa55c
real_life,webcam,Adaptiope/real_life/webcam/webcam_091.jpg,webcam_091.jpg,237905,d5e24d7ce6c2cfb5325493e4fd5b985169c815653c69dbae789c7e91a0fc9d70
real_life,webcam,Adaptiope/real_life/webcam/webcam_019.jpg,webcam_019.jpg,265002,3b2f07d380b92288ece170aa397a10baf0aa9b64b6d0f58be9fdaacd2cee4eec
real_life,webcam,Adaptiope/real_life/webcam/webcam_050.jpg,webcam_050.jpg,168287,4c09d0f0e211a8c4eec0d461a20136bcbaece974aa1b308cd6e4b1323c33dbca
real_life,webcam,Adaptiope/real_life/webcam/webcam_034.jpg,webcam_034.jpg,117212,6c9521d8628596fdb8a8c9757608b0f0827de8f92664226856428bdd214162bd
real_life,webcam,Adaptiope/real_life/webcam/webcam_075.jpg,webcam_075.jpg,75103,f73309498dd3732008c65aa154e92dc7bfa8f2b92b5eb089a97859bdf8959e2f
real_life,webcam,Adaptiope/real_life/webcam/webcam_072.jpg,webcam_072.jpg,178642,66f348037bbeb951bb6c2e24fe259b0ffbb52e222f9a3c82f007ac2e47f04a3a
real_life,webcam,Adaptiope/real_life/webcam/webcam_067.jpg,webcam_067.jpg,338904,ccffadfd8e02d746eaf185ba22ff6b7257dd0033b7f3a35095cc7e6f309b6a4e
real_life,webcam,Adaptiope/real_life/webcam/webcam_039.jpg,webcam_039.jpg,146173,3184a4caf130c30eabdb012305ee07dd69243fe42554ceae2db8e280aaebdf20
real_life,webcam,Adaptiope/real_life/webcam/webcam_013.jpg,webcam_013.jpg,221933,6dc57522dec0d9b28cb2bdf1824208c389d4b926459f488929ec7775985ea799
real_life,webcam,Adaptiope/real_life/webcam/webcam_008.jpg,webcam_008.jpg,163225,54b939957111a663d9bd7cf88c3580b93e0f22658cfc64d52ff55fd54e647dce
real_life,webcam,Adaptiope/real_life/webcam/webcam_012.jpg,webcam_012.jpg,97856,5ce765a9812408f4b87a268fd6b115a9fe46a1e833bdab34034034755282bbd0
real_life,webcam,Adaptiope/real_life/webcam/webcam_041.jpg,webcam_041.jpg,148438,9f4fdea1a7ebcbb707d606f3a12c371d672db7e5d4c7bdf72574d3c4df40065c
real_life,webcam,Adaptiope/real_life/webcam/webcam_048.jpg,webcam_048.jpg,85691,f7b34f61792dfb022d67e9feba753c42a55701782b38c36fb6af3079e2ac0822
real_life,webcam,Adaptiope/real_life/webcam/webcam_095.jpg,webcam_095.jpg,59728,f407ad1ee1eedf900ae3525991407c6feb905c2baeaef691c47349b91929101c
real_life,webcam,Adaptiope/real_life/webcam/webcam_010.jpg,webcam_010.jpg,3114,ad58df2d29bee8bd02266da7651dce081ae18e600444d560c000fb38cb327c55
real_life,webcam,Adaptiope/real_life/webcam/webcam_062.jpg,webcam_062.jpg,85980,da55c42a07e97a477bc9e4efab9c4353ad7cd82d536f091c5aec099b269ce53f
real_life,webcam,Adaptiope/real_life/webcam/webcam_009.jpg,webcam_009.jpg,247793,3c50c50686873bd74f6c7f3aed1beda2d44b891461873402ee81f4fa575fc417
real_life,webcam,Adaptiope/real_life/webcam/webcam_011.jpg,webcam_011.jpg,44970,73c6fc34e600c7f9865639edb6bd5bc3c45caf3d68550b061876e5e113840308
real_life,webcam,Adaptiope/real_life/webcam/webcam_026.jpg,webcam_026.jpg,22813,0a615c3250f1e5e205c5bc9d4d4652da5d71b277a15c31ee8d313a55732197ab
real_life,webcam,Adaptiope/real_life/webcam/webcam_079.jpg,webcam_079.jpg,89795,04daf7c36e4d75847fffea4dc61d457152f3564efdab71a76dd5944886e3bb21
real_life,webcam,Adaptiope/real_life/webcam/webcam_056.jpg,webcam_056.jpg,151600,48fb223715040f0cc50f3116fdd0f1fde47e61e4242de307932a75430cee8779
real_life,webcam,Adaptiope/real_life/webcam/webcam_042.jpg,webcam_042.jpg,73828,0340e98a5138c0403a4db077aaff139bdab9a424a7e4d4d21efc6b8bbec33575
real_life,webcam,Adaptiope/real_life/webcam/webcam_092.jpg,webcam_092.jpg,146868,215d6179630ed35f4f56885b47d901efecbeaa6559bf4ed0fa4b6de70fa9d66b
real_life,webcam,Adaptiope/real_life/webcam/webcam_068.jpg,webcam_068.jpg,107546,058c7491601728712924e0608d1325c557a25dfa1adba04a94f3bfba6dca279b
real_life,webcam,Adaptiope/real_life/webcam/webcam_061.jpg,webcam_061.jpg,112689,5cf55851dabb19fb297713572d90a25fd79b8f0edfaafc7ed7d6176c46197b8b
real_life,webcam,Adaptiope/real_life/webcam/webcam_057.jpg,webcam_057.jpg,83945,43407252f01175587cfe72cd3a9d1e1aa4bd51591fe3b9d457a55a722af632ba
real_life,webcam,Adaptiope/real_life/webcam/webcam_097.jpg,webcam_097.jpg,354156,d28715b1638d6089443751a0b898f8ec31d04fed3a6f5ee90da895f995b57e92
real_life,webcam,Adaptiope/real_life/webcam/webcam_036.jpg,webcam_036.jpg,77513,012d5fbb90317ac2edb1a5abb711760bfaa5739eb4728db73a95dbdfc4bb014a
real_life,webcam,Adaptiope/real_life/webcam/webcam_066.jpg,webcam_066.jpg,149338,a4356331cf981a966c24ac853db3ced96e6c7f10e30c0e668637269ae1df2364
real_life,webcam,Adaptiope/real_life/webcam/webcam_003.jpg,webcam_003.jpg,115405,98af487a15ff5a758af22a61a1c822a5af31616a6b56b4b9f17fb348327aadf8
real_life,webcam,Adaptiope/real_life/webcam/webcam_096.jpg,webcam_096.jpg,111271,41005f3375e15aa2d636952089a509cba01ca4b8a508207b4f748c2cbb843585
real_life,webcam,Adaptiope/real_life/webcam/webcam_028.jpg,webcam_028.jpg,4173,c01ee3f2a51fb13ad31577b4d08decbb32b3a3986dc37932d3938d7993ea5bbd
real_life,webcam,Adaptiope/real_life/webcam/webcam_025.jpg,webcam_025.jpg,189213,740ce65490c477ef8317cbef62aae48242fd8989c6e6640b6a6bd48107040bb9
real_life,webcam,Adaptiope/real_life/webcam/webcam_054.jpg,webcam_054.jpg,82878,ed1f6907c4e7d218146634715a959977f488a4284c76cb4fec85282c10c219f3
real_life,webcam,Adaptiope/real_life/webcam/webcam_052.jpg,webcam_052.jpg,134710,df74bf07883b6f2961096939b36557bbd61497bea24a122c53a58ea0c87cded7
real_life,webcam,Adaptiope/real_life/webcam/webcam_064.jpg,webcam_064.jpg,121574,aaa08395bf037907e9f469099d70e2d83e3ba5144390091f4a7a2b1ed46470e2
real_life,webcam,Adaptiope/real_life/webcam/webcam_038.jpg,webcam_038.jpg,157832,25425a4258a0be8288d30ae80515c5da2d9380b314ecdc7f5b9ced3a0eef9f81
real_life,webcam,Adaptiope/real_life/webcam/webcam_053.jpg,webcam_053.jpg,55431,0eeb441b73c613a6ccb57be73f1ae95a7cb92fa3417c6a125d4dfb647ce01846
real_life,webcam,Adaptiope/real_life/webcam/webcam_083.jpg,webcam_083.jpg,334346,437a5125563c844c4041dd0367443513e2d23d92dae93c655827d9c1798565da
real_life,webcam,Adaptiope/real_life/webcam/webcam_063.jpg,webcam_063.jpg,106891,a50961735c3a0f1935e8cd3960380260e9e6adc835c60b7074cbbca0d4c59d42
real_life,webcam,Adaptiope/real_life/webcam/webcam_055.jpg,webcam_055.jpg,89479,bdd6b802864eef83bef42d6237a890fcee2b20c6b9d79a61fdbdbe0219cfd260
real_life,webcam,Adaptiope/real_life/webcam/webcam_099.jpg,webcam_099.jpg,74649,840469987cb8a6e097ede7dd72643298bf2cb1d3acd055200585ec353863e322
real_life,webcam,Adaptiope/real_life/webcam/webcam_020.jpg,webcam_020.jpg,91445,7688d0fd281d1e2b2eafc195093da6a5c65ba6d9119e9b0ef4ebdefa793ce2f9
real_life,webcam,Adaptiope/real_life/webcam/webcam_032.jpg,webcam_032.jpg,280453,56896447d713430954afda3f171a405e1029bdc5c8528e1f8336e38df49435d5
real_life,webcam,Adaptiope/real_life/webcam/webcam_084.jpg,webcam_084.jpg,204132,7e36882917a00099157636236da1a44e165874af6f2562b5c2153b09dbd8fab3
real_life,webcam,Adaptiope/real_life/webcam/webcam_037.jpg,webcam_037.jpg,127307,44b57590df75e02ab86a239bfafa76e433d3740261998056040284e2c59d1985
real_life,webcam,Adaptiope/real_life/webcam/webcam_004.jpg,webcam_004.jpg,185687,cabda4ed68778a884eacc8a7229af1a8967d90c5add5576036b4b6a743850605
real_life,webcam,Adaptiope/real_life/webcam/webcam_017.jpg,webcam_017.jpg,100246,a69c0eea065e976a8f15d949d7a8508ab5500ef7fb910735127481974ed0b3d1
real_life,webcam,Adaptiope/real_life/webcam/webcam_094.jpg,webcam_094.jpg,33823,97757ab93b6f106f24fe74efaa251f867b551dd41113656d1744b5cf417c3096
real_life,webcam,Adaptiope/real_life/webcam/webcam_015.jpg,webcam_015.jpg,130409,a0d004dd43bb168eded87b2449eb8fd33f1afa96e3c90f690888705b0c9aa280
real_life,webcam,Adaptiope/real_life/webcam/webcam_035.jpg,webcam_035.jpg,81618,a887830e8b4747432263f127d02aa98f80d58ba1a1e769b97f33c6e23b59e319
real_life,webcam,Adaptiope/real_life/webcam/webcam_098.jpg,webcam_098.jpg,55228,531bd21816910c780a9d535fd66b500f16515e9823c0bed6cc43701e36d59261
real_life,webcam,Adaptiope/real_life/webcam/webcam_089.jpg,webcam_089.jpg,94714,1fe1e21bebe612613588bbe5b3a3deb0e1c85e9ddc54853a5be51da9212919f7
real_life,webcam,Adaptiope/real_life/webcam/webcam_005.jpg,webcam_005.jpg,137354,ffab8ecf4754f7bdfce0c9574d8b50be04ad65feb77303ae4b519a7a51a3d250
real_life,webcam,Adaptiope/real_life/webcam/webcam_006.jpg,webcam_006.jpg,163863,7d29ff945a2ef20917c8297168e6185a8e164b856dac34260611410fecf5678c
real_life,webcam,Adaptiope/real_life/webcam/webcam_030.jpg,webcam_030.jpg,84999,65faf89663759dec1a3d8b975372dfdf9f972ca527309c7441852c1b50e2e4b7
real_life,webcam,Adaptiope/real_life/webcam/webcam_078.jpg,webcam_078.jpg,118609,8ba53655e6d63be013f2693d5fc3816c58b369a76753d99a516bff4e2ae7a211
real_life,webcam,Adaptiope/real_life/webcam/webcam_076.jpg,webcam_076.jpg,134819,b1f0fe6acd7cb76742ac9c3eb8873c081c39e881c853891196dc9fb81e59b073
real_life,webcam,Adaptiope/real_life/webcam/webcam_085.jpg,webcam_085.jpg,158042,e6bad866cf3b03fa7c2d2a6b79eca04ae4288e88deffa7870ee0ce906fa68159
real_life,webcam,Adaptiope/real_life/webcam/webcam_027.jpg,webcam_027.jpg,270917,f7a8cd5a68466a0c5cadcd1bf00ba8d9ffb04d4a9d70002d0ec747aac94643d3
real_life,webcam,Adaptiope/real_life/webcam/webcam_086.jpg,webcam_086.jpg,180058,b8e94b0f41d9266f84ef0cc6200512ba11b105b8fc358fcef0877ece79d0665b
real_life,webcam,Adaptiope/real_life/webcam/webcam_088.jpg,webcam_088.jpg,100680,102d60b7d1fbdc79a4ce19c4f12c558a2cfbbfd5a61cf4bcacc481b37b914fe9
real_life,webcam,Adaptiope/real_life/webcam/webcam_000.jpg,webcam_000.jpg,125181,0a7d7735fab0362d7eb2558f2847e08f707843974b35fe4b59157a33f7d327d7
real_life,webcam,Adaptiope/real_life/webcam/webcam_029.jpg,webcam_029.jpg,75023,8ed01983361c8307387c2e9051b5fc4c7a0b6867a2e5fff924c2cb77d143ea4a
real_life,webcam,Adaptiope/real_life/webcam/webcam_018.jpg,webcam_018.jpg,193795,10249b37194fd0ed905fc812c781043c1d91bcacc118c3322822d35933cbdcf1
real_life,webcam,Adaptiope/real_life/webcam/webcam_077.jpg,webcam_077.jpg,129598,0c0e82090175b681342daec76faac39c98485c6c33811f626d1c2487b797c84e
real_life,projector,Adaptiope/real_life/projector/projector_096.jpg,projector_096.jpg,94662,1a89df61b054ea2654550423d34c24cdac54cb5004e01436d7feb98cab883e1c
real_life,projector,Adaptiope/real_life/projector/projector_056.jpg,projector_056.jpg,130454,76ecb5ab616a8c88d7a9542c06c085c853d498f174e6e9103569dd75154c8827
real_life,projector,Adaptiope/real_life/projector/projector_045.jpg,projector_045.jpg,170808,57a2629a00ae7eadbfb1e727588956d57232a1540ff576f638eae0764077c32b
real_life,projector,Adaptiope/real_life/projector/projector_076.jpg,projector_076.jpg,116008,69ebbd7f3598d8799f5881412008d557604cb0c06cb672d394aaf7456f28d155
real_life,projector,Adaptiope/real_life/projector/projector_007.jpg,projector_007.jpg,293494,0b6510325287be96ddb10c61ca6b52d2a1b9fd9e2f1f409c49e1f923bc069f4b
real_life,projector,Adaptiope/real_life/projector/projector_009.jpg,projector_009.jpg,157400,18447d972e3a8ba462f3c20cf1873e8465dd3db5947775820bccfe8a61c2bb92
real_life,projector,Adaptiope/real_life/projector/projector_031.jpg,projector_031.jpg,273632,f637bc6ce10c63769270627461987869c87171c7f8ee23128c9cbe159a5e6be6
real_life,projector,Adaptiope/real_life/projector/projector_036.jpg,projector_036.jpg,154431,69868ba096c0d65b8a2ca7a7f6039b292382a66e8eccf7a33e3370fa507aa4ca
real_life,projector,Adaptiope/real_life/projector/projector_068.jpg,projector_068.jpg,126470,d8466795ae204626376e236325fdae073e6495e92beedd5ae028137f94f58600
real_life,projector,Adaptiope/real_life/projector/projector_050.jpg,projector_050.jpg,86275,d7d3577ad88443147868495e3dd006b46ec2b5f9bfd38ee62242bcf2d22198b5
real_life,projector,Adaptiope/real_life/projector/projector_026.jpg,projector_026.jpg,84252,2811904052131cde1323242cdd6371db46557fff85cc8de5c475d6fabe7f587a
real_life,projector,Adaptiope/real_life/projector/projector_061.jpg,projector_061.jpg,207871,67d8e65d10933de9c136bc997762be8d5051767d4cdd990623c21e4451883304
real_life,projector,Adaptiope/real_life/projector/projector_069.jpg,projector_069.jpg,175421,996ccf2f2c486f325daf1b24e697a2a132ae3f52e28d7d8fb2c2c869a61b87fa
real_life,projector,Adaptiope/real_life/projector/projector_027.jpg,projector_027.jpg,183150,e87a4355dee7191bcd4750365fd625c4a4bd40bc9eeffb6eba0016642e9faddb
real_life,projector,Adaptiope/real_life/projector/projector_024.jpg,projector_024.jpg,63256,17d8e3be5dfe1464ccdce89318b77e4113945f3d289c36ac90013d86cebfeba3
real_life,projector,Adaptiope/real_life/projector/projector_058.jpg,projector_058.jpg,104618,6be88756d3a247a1ab301c53bd3a1bfec52d9c515668a79047b482dc2e9d0a22
real_life,projector,Adaptiope/real_life/projector/projector_049.jpg,projector_049.jpg,48966,9224efae661a7ff4ce898fbe3a2fd75b9c0628bcc7f21a57101ba0b61ff60ff2
real_life,projector,Adaptiope/real_life/projector/projector_006.jpg,projector_006.jpg,154838,119e8bee12af5cdf0bafe6ceb53cf13b8058bffd30ba7fce4937921b7e9ace6c
real_life,projector,Adaptiope/real_life/projector/projector_015.jpg,projector_015.jpg,143612,3df89669c6a49be96da80dc383bea75de12e23ac18bd11c6c34e1d767a34dacd
real_life,projector,Adaptiope/real_life/projector/projector_004.jpg,projector_004.jpg,133488,a223904e88d2246a16b2890c5442956c083e7141e4d931119fec7dc8c0481258
real_life,projector,Adaptiope/real_life/projector/projector_043.jpg,projector_043.jpg,353269,0b6e6cc3063c1baf57932b2514ae1b0bfe4819bb1d2ae1bbd2fa94156ca651a1
real_life,projector,Adaptiope/real_life/projector/projector_079.jpg,projector_079.jpg,116764,e5bffbed1c62de4d8d2487c22fbfe0f5a006f9fab648b5f0973342046a2879bd
real_life,projector,Adaptiope/real_life/projector/projector_001.jpg,projector_001.jpg,124805,4f671b3381d21279bfd332fab08cf437eef8677449790143bbbc66d25c8cb2c5
real_life,projector,Adaptiope/real_life/projector/projector_000.jpg,projector_000.jpg,54240,fd797f9785c59d92e45ab5c83b320e3df090ac9e8b24b3faf9f7a99e7001fdf3
real_life,projector,Adaptiope/real_life/projector/projector_010.jpg,projector_010.jpg,166074,509bf311de72c52944f022522389c17b55c35d214f90b6a9adc8fef849b798f6
real_life,projector,Adaptiope/real_life/projector/projector_098.jpg,projector_098.jpg,101816,588f777f4ffee3a60131a55c5a29799726dc15b93c64eda80993b82e84b80dde
real_life,projector,Adaptiope/real_life/projector/projector_080.jpg,projector_080.jpg,13500,b819f1c28a0bf20d5ad73587d96df6b26a4f8192be18f25611aab199457d63c4
real_life,projector,Adaptiope/real_life/projector/projector_034.jpg,projector_034.jpg,202234,a173311bf6ad362a5edb186639e67c729ff2c5af0d9a82e7e7e6c6161ad15cd8
real_life,projector,Adaptiope/real_life/projector/projector_099.jpg,projector_099.jpg,123460,510c710a434fc279574e1d42749ea40a79cd0ac154719063059f1c6f8cc63753
real_life,projector,Adaptiope/real_life/projector/projector_032.jpg,projector_032.jpg,151153,d42c8e556b428761cad47fd3de711411fea6c1e3212755aba5ec38c3fcb738b0
real_life,projector,Adaptiope/real_life/projector/projector_060.jpg,projector_060.jpg,84783,73c14f4b4712d3e30f0d0a6aa73a989288f173416551cf69b49bd097635a8509
real_life,projector,Adaptiope/real_life/projector/projector_082.jpg,projector_082.jpg,191112,a88679e893291c34ebda3b839708ac7255104ba743e409f9ffe264adb6e33628
real_life,projector,Adaptiope/real_life/projector/projector_054.jpg,projector_054.jpg,374190,9f679b5c0e31f2a35dcae79e5c3224cc5c1f117485a04f06bedf031b4a698e06
real_life,projector,Adaptiope/real_life/projector/projector_093.jpg,projector_093.jpg,145056,8d99d9b54f43651824133cc647b5ca3bd95bc6d2af51e7329dbfcf0f1e04ba72
real_life,projector,Adaptiope/real_life/projector/projector_030.jpg,projector_030.jpg,133069,b04ac2fe0e791d6305918784806a3e7ced55e90555e47497eb70c0baf871c5a8
real_life,projector,Adaptiope/real_life/projector/projector_078.jpg,projector_078.jpg,116052,a2361c32416831ef830c3d8371fac11ba823d75b0dfd2a358fdf9e89bf61c9f1
real_life,projector,Adaptiope/real_life/projector/projector_070.jpg,projector_070.jpg,190273,41cd627d1298e3ab366f1f29dba88c058140da7476fd280e48ed583bb82a7fb6
real_life,projector,Adaptiope/real_life/projector/projector_002.jpg,projector_002.jpg,173569,ab00d5a61cfc07685575e97406415f6cfb990cde1ac389f707bac4afad4002e4
real_life,projector,Adaptiope/real_life/projector/projector_066.jpg,projector_066.jpg,118632,44d1a46ddda24245c673d4811ddcd35313f6f36409a6562afc2c39755ae37e9b
real_life,projector,Adaptiope/real_life/projector/projector_091.jpg,projector_091.jpg,244452,d97a86ae1f880168c8aa205cc8e34c53ac15f1e8ccb8b86df09ccb34c21c227b
real_life,projector,Adaptiope/real_life/projector/projector_089.jpg,projector_089.jpg,224676,f1e5fb20057c160f0777ff63cba15e7905751e3c6ebc49700a8400f26f81b31b
real_life,projector,Adaptiope/real_life/projector/projector_016.jpg,projector_016.jpg,112173,0eee3636f4d4b86df425c38bd5fb555e3b6ce57a9d6434199ff6d820e1a4af5c
real_life,projector,Adaptiope/real_life/projector/projector_055.jpg,projector_055.jpg,98680,69c48f3df41bd0c21eacb5acfebe723e3bfb552051372cf9e282f60f263ecf8a
real_life,projector,Adaptiope/real_life/projector/projector_075.jpg,projector_075.jpg,86976,b2e5edab36ad27b40395986d51d87b5c189ef60ee327f8d123a531393ce3d4a3
real_life,projector,Adaptiope/real_life/projector/projector_020.jpg,projector_020.jpg,197941,ce0edbf50e427ea3730eaae8f0841117a01fbedb3429340fb14328a2dbe22f67
real_life,projector,Adaptiope/real_life/projector/projector_022.jpg,projector_022.jpg,76996,6ff00c971cabf802ba54d9bad08938e2585ddac57b7caa3940dddad0857e04db
real_life,projector,Adaptiope/real_life/projector/projector_071.jpg,projector_071.jpg,139594,334a30f4f146d9ac4e26ec6699a96f0c04048747d78be70dd37771b8d285ae63
real_life,projector,Adaptiope/real_life/projector/projector_021.jpg,projector_021.jpg,87354,f604c2cee3b446e6e7d9678ac60eace0138ac3ec5472adfc4877209613ffe7f1
real_life,projector,Adaptiope/real_life/projector/projector_048.jpg,projector_048.jpg,194960,f0c455910df04700ea6b30810713f019f73fb1a3c57e37a11b8101808a54a184
real_life,projector,Adaptiope/real_life/projector/projector_084.jpg,projector_084.jpg,77821,30ec4af50136585e57cb05406334034483e1636253bc0efd4618e9da072fa3c7
real_life,projector,Adaptiope/real_life/projector/projector_077.jpg,projector_077.jpg,198174,ee19b97d67ab3258315d0a877c4adc857f33232c4080aca710f8f322e734577f
real_life,projector,Adaptiope/real_life/projector/projector_038.jpg,projector_038.jpg,127702,b7400c6472c0b7179c621161d188ee69908389682e172c567132d06b218495d5
real_life,projector,Adaptiope/real_life/projector/projector_046.jpg,projector_046.jpg,125052,d7ef3f5715679ac8a54fe52f8266f5de700658e81c246feb4069e64d4726f798
real_life,projector,Adaptiope/real_life/projector/projector_028.jpg,projector_028.jpg,15551,99beb05094560bc2d67c85d9c5387a8f35f03e114306c24d4b7cf912b3ac8dc2
real_life,projector,Adaptiope/real_life/projector/projector_039.jpg,projector_039.jpg,166121,69836175b7d923e9a7d5bca9a513771fd8663b381e283f59300563ac28949df5
real_life,projector,Adaptiope/real_life/projector/projector_090.jpg,projector_090.jpg,202478,7ea81fc62a7f94a9fcd73c06542a8536ef53a4b11593b1851c9762b6921ebdc7
real_life,projector,Adaptiope/real_life/projector/projector_051.jpg,projector_051.jpg,87303,9c8094ec6b7b182a339e89b8e441c49d76d33ff2aec99b6e9d3c021c656beea7
real_life,projector,Adaptiope/real_life/projector/projector_092.jpg,projector_092.jpg,94587,cafd82835355e85f7e1fd4ecf53a0bff925ddc4a587709fb54f2a7218e1a8ca1
real_life,projector,Adaptiope/real_life/projector/projector_040.jpg,projector_040.jpg,143789,0d0f6875097862fe54599ff4e696f3c070c7887d3b547bd6bca8a8eee9b372e4
real_life,projector,Adaptiope/real_life/projector/projector_047.jpg,projector_047.jpg,150948,4d0f36fa0ffe86639c0a00d867329443b1f5ee8dbf77f40b8206d90fa7a911ca
real_life,projector,Adaptiope/real_life/projector/projector_025.jpg,projector_025.jpg,208500,d61224fe40bd73dea420df2f5fb4d34f75f590985a1d458fb376200d28ad78f4
real_life,projector,Adaptiope/real_life/projector/projector_023.jpg,projector_023.jpg,137338,c39b04b147c41d82f0326b83926ebf09e667f2015c6d3512bf0d961aea88f2d5
real_life,projector,Adaptiope/real_life/projector/projector_044.jpg,projector_044.jpg,165503,4e0a8838b9188f30ad8ba2855c348eaddd938e28d62c8bde545ceebbda2f3241
real_life,projector,Adaptiope/real_life/projector/projector_094.jpg,projector_094.jpg,185229,d2d3c77ba82af85c63a825ed18869284ec0043bb59fbeba8d50679dc659f58d5
real_life,projector,Adaptiope/real_life/projector/projector_086.jpg,projector_086.jpg,96204,01d74a45bfbc2fa4e7867885a40cf532271b430caf9526957455dce93312d45c
real_life,projector,Adaptiope/real_life/projector/projector_013.jpg,projector_013.jpg,292047,2677a99aa19652926b01c18267a567f5f81addff482ab8f084c86b34712ab94f
real_life,projector,Adaptiope/real_life/projector/projector_011.jpg,projector_011.jpg,17201,7f673622bb8a4047af800271abba88e49111dafec85c58410e83b697d3793974
real_life,projector,Adaptiope/real_life/projector/projector_063.jpg,projector_063.jpg,124875,05bfc67ea224d3a0f3990371abc27fb01b12fcdf81881218e5c265ca867b1d57
real_life,projector,Adaptiope/real_life/projector/projector_059.jpg,projector_059.jpg,155135,fa73e25af6c9f845ad56584a869f3b2b469e32465d4d14dd3f49904edf4cc250
real_life,projector,Adaptiope/real_life/projector/projector_057.jpg,projector_057.jpg,94044,3637ae46409f6889feb460f601efd4676ac518a050f5c39d4cd4e942e2a92676
real_life,projector,Adaptiope/real_life/projector/projector_081.jpg,projector_081.jpg,144571,c6e6a2440cb6b454d78be128da03a8af0eff428e67f6094223f35bba6f307a51
real_life,projector,Adaptiope/real_life/projector/projector_073.jpg,projector_073.jpg,241223,4a0574c38b455763fef7516c3d30f8cb6d6fdc7f6935cf01615af3bc04ecb45d
real_life,projector,Adaptiope/real_life/projector/projector_005.jpg,projector_005.jpg,59383,66890db1bc8d52d3d1566bf0d5ec8d3b607d60c60c63a97640fb5ee1f12b04af
real_life,projector,Adaptiope/real_life/projector/projector_012.jpg,projector_012.jpg,196322,6edf9857eccb62cb3cfce8b69b5fb8663cdcab47add949749ac6935b20930c39
real_life,projector,Adaptiope/real_life/projector/projector_074.jpg,projector_074.jpg,154712,b0be6abfb0dddd3d35aac5acc714cf699c1155e152407f736b2c50debf7e7122
real_life,projector,Adaptiope/real_life/projector/projector_088.jpg,projector_088.jpg,170027,8ce6e5b4dfde9ed72304e133a6467618f8e0d66b017df2059e139c6e2b9d6f38
real_life,projector,Adaptiope/real_life/projector/projector_053.jpg,projector_053.jpg,125963,0f6060d942fb91aa1f7616a14590ca04903132cb5e44cdc98c8d9f80f0c8dbe6
real_life,projector,Adaptiope/real_life/projector/projector_014.jpg,projector_014.jpg,73912,c1c36664f32e7ebb6739dca027edd898d42862fd50329dc25f63f51c55e1ab01
real_life,projector,Adaptiope/real_life/projector/projector_042.jpg,projector_042.jpg,90092,82c6bb5a92b71d7dc33722899e48cbbb6b76c13d40c18d344b73c4d224f1c53a
real_life,projector,Adaptiope/real_life/projector/projector_052.jpg,projector_052.jpg,86715,8d9b9b5d5db595d4f93e3952e2f98d0eb3d05a6e66cec1095636fe03dface8fd
real_life,projector,Adaptiope/real_life/projector/projector_017.jpg,projector_017.jpg,182425,efc096416ed6b28dfad64a6f12b085bf37656e101c60daf5564495c658682eda
real_life,projector,Adaptiope/real_life/projector/projector_085.jpg,projector_085.jpg,134119,2b010e000a5b334e8fb1a2cf3638a4ff4836f930efa08e529cc5ec5b52f8ff94
real_life,projector,Adaptiope/real_life/projector/projector_097.jpg,projector_097.jpg,120160,5569d5614e4da8d0ccd24fbd143f9c11e5522a0ae0bcaa5d617f9296b33e627d
real_life,projector,Adaptiope/real_life/projector/projector_064.jpg,projector_064.jpg,105336,a79b9577382ed29d005a8a9a44ec560dd1f4d4d9367401f83fc0455bbede0718
real_life,projector,Adaptiope/real_life/projector/projector_003.jpg,projector_003.jpg,123827,e2fb901731822ead97445ed5394a778c4be83940a41b7c225e1809904c332180
real_life,projector,Adaptiope/real_life/projector/projector_095.jpg,projector_095.jpg,124464,3577a331b4fca5079685496fea576d5d6937e7652687564cbc6433ca7e7edb23
real_life,projector,Adaptiope/real_life/projector/projector_065.jpg,projector_065.jpg,109598,3f08049a121201fc98b32882df99fe39af35edd8dd07ad99a83e6393bb80761e
real_life,projector,Adaptiope/real_life/projector/projector_072.jpg,projector_072.jpg,123558,7e40260c16b55dcd5d5e21d28bbe264cc657b16afb27682206c99b9a3fbfb1de
real_life,projector,Adaptiope/real_life/projector/projector_083.jpg,projector_083.jpg,104790,a2134cd93788d6f2ae7ae7f9d2e1e8c7a760ca0e5cb05593e95f5bd68a3f0315
real_life,projector,Adaptiope/real_life/projector/projector_019.jpg,projector_019.jpg,243281,4d1bb25eb7dd818313940aa1452b48d62a5bcdbb5ce2ef88a7b5618274ecddfa
real_life,projector,Adaptiope/real_life/projector/projector_087.jpg,projector_087.jpg,159887,97c44170287aa2196a34b4f365c0bcf65db906a2d22cdd838718b395f1f8b094
real_life,projector,Adaptiope/real_life/projector/projector_008.jpg,projector_008.jpg,444336,baded15eda7a73b98b507e4392f34f392883f989943417ce07cf098f22a24d43
real_life,projector,Adaptiope/real_life/projector/projector_037.jpg,projector_037.jpg,9576,8acb0338e80139421d5504f75db6013f18b1cb1b1db0ecc8606ecee7be19a57f
real_life,projector,Adaptiope/real_life/projector/projector_029.jpg,projector_029.jpg,263955,abbdb051277e9c544b22e389b4eb6a48e40aa0aaf0b547d516d38975995db471
real_life,projector,Adaptiope/real_life/projector/projector_033.jpg,projector_033.jpg,188987,a3f674b282b5a4e067b35c58661d60bf2707fb3f8d3ee6f7933eef505c5649e3
real_life,projector,Adaptiope/real_life/projector/projector_018.jpg,projector_018.jpg,190670,305fb4a63bb42734d032b1763042d119679c5437e372a6d15ad4838126e89fd5
real_life,projector,Adaptiope/real_life/projector/projector_067.jpg,projector_067.jpg,178223,0bc63262cb21ba53e018919ccc183a47e95ead15f2fbbd333903d3a8e8f4806e
real_life,projector,Adaptiope/real_life/projector/projector_041.jpg,projector_041.jpg,155894,cf170c482ed21861daca13f0321cd98f0a8ac88c5e623ee03808fbc3557e7ace
real_life,projector,Adaptiope/real_life/projector/projector_035.jpg,projector_035.jpg,175721,7ba2492e6c786b52b4999909035edea9665536d494cc00e172a324aa12bf565f
real_life,projector,Adaptiope/real_life/projector/projector_062.jpg,projector_062.jpg,174975,f141cf2d53f1d35565f448ba166b9b5fee4b9dfaa790a9011d8ebd90ffae390c
real_life,over-ear headphones,Adaptiope/real_life/over-ear headphones/over-ear headphones_000.jpg,over-ear headphones_000.jpg,108132,9e8d1aa9af17c5b71ec211e506a835cd74e67482609cc21045cea4328c3d437f
real_life,over-ear headphones,Adaptiope/real_life/over-ear headphones/over-ear headphones_084.jpg,over-ear headphones_084.jpg,353730,25b4c822f6e1dc4b392b6dfe3dfe1f2105c1dc91ce323348c5365322b111e6df
real_life,over-ear headphones,Adaptiope/real_life/over-ear headphones/over-ear headphones_087.jpg,over-ear headphones_087.jpg,225687,30b90701400852b9d40a5348c10b6299be837281ed86e52cef8901d834907580
real_life,over-ear headphones,Adaptiope/real_life/over-ear headphones/over-ear headphones_043.jpg,over-ear headphones_043.jpg,141155,9f389df15dd897e51963962641856d66d47eee7c66f0a52216d60d2e86e1ccf4
real_life,over-ear headphones,Adaptiope/real_life/over-ear headphones/over-ear headphones_074.jpg,over-ear headphones_074.jpg,105334,e1a81a877aaf848436ac60e47077dee37f37f6ceb79f156b9f30a19bbd248b59
real_life,over-ear headphones,Adaptiope/real_life/over-ear headphones/over-ear headphones_051.jpg,over-ear headphones_051.jpg,264468,1edcc5952ef5f3a72585dcd178fc013aafc146b61160bbecaad116350adf02d8
real_life,over-ear headphones,Adaptiope/real_life/over-ear headphones/over-ear headphones_071.jpg,over-ear headphones_071.jpg,129619,9d1b5b57fd7551d21a84e75854913578ed76c891aed3ef53a822a0cced0626bd
real_life,over-ear headphones,Adaptiope/real_life/over-ear headphones/over-ear headphones_028.jpg,over-ear headphones_028.jpg,80817,fc2753a2f0b37c129681c4bcf04f7fbd0febce137763c76ff59df1c8e9bbbfa0
real_life,over-ear headphones,Adaptiope/real_life/over-ear headphones/over-ear headphones_042.jpg,over-ear headphones_042.jpg,162864,3982ceefce77208c69bfb47dd910a4614ce42c92568e86d556892706721c89dd
real_life,over-ear headphones,Adaptiope/real_life/over-ear headphones/over-ear headphones_026.jpg,over-ear headphones_026.jpg,85550,8824f0df832d2e43667801ab3ae04f7660f295160642ab2d70157b7296b80324
real_life,over-ear headphones,Adaptiope/real_life/over-ear headphones/over-ear headphones_012.jpg,over-ear headphones_012.jpg,93397,27805a10df108b08404b84654aaa2d14249db8cf539b891a42599ba8041eab3e
real_life,over-ear headphones,Adaptiope/real_life/over-ear headphones/over-ear headphones_061.jpg,over-ear headphones_061.jpg,430891,4f573368ddb7febf94eb62fb47cf4ed772b21a7e562f5757b94cf10eec68ba81
real_life,over-ear headphones,Adaptiope/real_life/over-ear headphones/over-ear headphones_015.jpg,over-ear headphones_015.jpg,334274,9788ac2fbc14364ce7184b82b49826199f58f4bf85fa6b14bbfc801e556c4212
real_life,over-ear headphones,Adaptiope/real_life/over-ear headphones/over-ear headphones_099.jpg,over-ear headphones_099.jpg,116866,963dbef433b879270a1a989a549b2fcb2e656e7c27007d2210736423223eeb59
real_life,over-ear headphones,Adaptiope/real_life/over-ear headphones/over-ear headphones_077.jpg,over-ear headphones_077.jpg,110291,584c06c004d2a92c2a2574621c981d96887948978ac0bc147a76d8b215fa401f
real_life,over-ear headphones,Adaptiope/real_life/over-ear headphones/over-ear headphones_016.jpg,over-ear headphones_016.jpg,247456,c1738e4873f5258e5a8e11f207183652dee1b73dcef58aa89232375f3a3d4028
real_life,over-ear headphones,Adaptiope/real_life/over-ear headphones/over-ear headphones_059.jpg,over-ear headphones_059.jpg,122307,04229cb6832499ca1b39c83e42fb3864a9b88cccbc377f825e02be5191f3d906
real_life,over-ear headphones,Adaptiope/real_life/over-ear headphones/over-ear headphones_073.jpg,over-ear headphones_073.jpg,41568,96391e77305be293b2f3555c2d13711976bc9c7551523e4d951488ce7d9f4eb4
real_life,over-ear headphones,Adaptiope/real_life/over-ear headphones/over-ear headphones_005.jpg,over-ear headphones_005.jpg,394084,9b5b815208eee41706016c86553469e2f1c0f944f8b0e6ad694e91ffe81b6398
real_life,over-ear headphones,Adaptiope/real_life/over-ear headphones/over-ear headphones_090.jpg,over-ear headphones_090.jpg,174289,18b00ea0c03c861b329f3379d3cae9fd44d5493d498a4a7fc058fbc3d0c9abf1
real_life,over-ear headphones,Adaptiope/real_life/over-ear headphones/over-ear headphones_037.jpg,over-ear headphones_037.jpg,284088,f202787e4ca78084d1283057fe628f576f3518da26a714b88dee90f9d2dc0c54
real_life,over-ear headphones,Adaptiope/real_life/over-ear headphones/over-ear headphones_095.jpg,over-ear headphones_095.jpg,193568,af39477be84620393b554d857ea7e376f00077e45dea89156e550eaf84b4d9a4
real_life,over-ear headphones,Adaptiope/real_life/over-ear headphones/over-ear headphones_062.jpg,over-ear headphones_062.jpg,254688,d0be52ffec416e151394e9ab8c782666eae8e08ed9a67de6ce9194686f61580a
real_life,over-ear headphones,Adaptiope/real_life/over-ear headphones/over-ear headphones_010.jpg,over-ear headphones_010.jpg,228845,b47f23d75ae3516361cd6a6af5a80eecd61dd1a7073d05b654a39b0b8d10e286
real_life,over-ear headphones,Adaptiope/real_life/over-ear headphones/over-ear headphones_023.jpg,over-ear headphones_023.jpg,175393,ac3c550341e07487d107261fccb4fcde591fbbcfd1ab0d88f89c6aa0060c1db0
real_life,over-ear headphones,Adaptiope/real_life/over-ear headphones/over-ear headphones_029.jpg,over-ear headphones_029.jpg,241635,0862ec2706f2d1b67b6a6529cbea311cee08da077bb83a3c8e8dc84ea928d59c
real_life,over-ear headphones,Adaptiope/real_life/over-ear headphones/over-ear headphones_057.jpg,over-ear headphones_057.jpg,235655,ac1e325d2c67233fa4158372e8572944552f2b2dd1f544635256bf1ea1406bbe
real_life,over-ear headphones,Adaptiope/real_life/over-ear headphones/over-ear headphones_032.jpg,over-ear headphones_032.jpg,432745,eff407282f78b72db5347864c40c718312a0cb0e03d564e14844c4bcba14f1c3
real_life,over-ear headphones,Adaptiope/real_life/over-ear headphones/over-ear headphones_035.jpg,over-ear headphones_035.jpg,202923,c3deaac971827789107fca17d014978455d623e850c963fab0514c19fc616975
real_life,over-ear headphones,Adaptiope/real_life/over-ear headphones/over-ear headphones_085.jpg,over-ear headphones_085.jpg,250874,44dffb83cbc8e1d96cbb3be9c9861ddcf71872ef04869d61e5d19cc4af662702
real_life,over-ear headphones,Adaptiope/real_life/over-ear headphones/over-ear headphones_066.jpg,over-ear headphones_066.jpg,151081,b720471b1a697af1b606de47d2c02360b49346f7f57e7d195ff9a7d79f012f17
real_life,over-ear headphones,Adaptiope/real_life/over-ear headphones/over-ear headphones_001.jpg,over-ear headphones_001.jpg,232079,a5f1e658e31ca92df3aa4bbdd3663ee41248da4a112afac607fc658a55708385
real_life,over-ear headphones,Adaptiope/real_life/over-ear headphones/over-ear headphones_004.jpg,over-ear headphones_004.jpg,174492,9e5096d05bdb2cd6021caf141c66a94f79630bbe7d749b1f990f536f173b9421
real_life,over-ear headphones,Adaptiope/real_life/over-ear headphones/over-ear headphones_081.jpg,over-ear headphones_081.jpg,200039,7e1ff60c94fa2eca20df8d8b70eeb6bada6060cb410e2475d4a7e45b4d53c5eb
real_life,over-ear headphones,Adaptiope/real_life/over-ear headphones/over-ear headphones_096.jpg,over-ear headphones_096.jpg,170432,89d0229bc6c8ca9d72251a565207266d92536576964479fa18efcabb9d444942
real_life,over-ear headphones,Adaptiope/real_life/over-ear headphones/over-ear headphones_076.jpg,over-ear headphones_076.jpg,253459,8d0bbb448be3f6b1628e60f12a0ea8e95bde320da2d80745846a313f003e5d9f
real_life,over-ear headphones,Adaptiope/real_life/over-ear headphones/over-ear headphones_009.jpg,over-ear headphones_009.jpg,154553,d9bbc1d101ef22b762641f973bca34baaa9f9ba511eeca68d9bd71f61b15c624
real_life,over-ear headphones,Adaptiope/real_life/over-ear headphones/over-ear headphones_041.jpg,over-ear headphones_041.jpg,171177,b43c48a6c2cf7e872f6727203250d47e607a6c8bd3ad9844569de602f9aa7219
real_life,over-ear headphones,Adaptiope/real_life/over-ear headphones/over-ear headphones_055.jpg,over-ear headphones_055.jpg,77888,9198542b82592111b0ca60bd60fb41792d3cefd0cbed8a51a018f938074f0169
real_life,over-ear headphones,Adaptiope/real_life/over-ear headphones/over-ear headphones_022.jpg,over-ear headphones_022.jpg,199893,e76a082fb305e008f6563c40f8c3069f57875fa5c28e0f9e3a9825e9677cf6d1
real_life,over-ear headphones,Adaptiope/real_life/over-ear headphones/over-ear headphones_039.jpg,over-ear headphones_039.jpg,162318,0d708ac13122cc0228bd3dd1bc1e6b2efd605a71ab158ff40e57fc50a871a0c6
real_life,over-ear headphones,Adaptiope/real_life/over-ear headphones/over-ear headphones_088.jpg,over-ear headphones_088.jpg,497809,86d189d3c73213b1b134dd4fd000480c21fd5aa05c2197ab09e92458c5820604
real_life,over-ear headphones,Adaptiope/real_life/over-ear headphones/over-ear headphones_038.jpg,over-ear headphones_038.jpg,63162,d609d51a534e2b1d874551a7e8a89fec097fb033cbf37477371fc2406276a7f3
real_life,over-ear headphones,Adaptiope/real_life/over-ear headphones/over-ear headphones_046.jpg,over-ear headphones_046.jpg,159599,0921abdedfabf5348e024aab8877636d53e8b3b6207e4f9355ac19059528b43e
real_life,over-ear headphones,Adaptiope/real_life/over-ear headphones/over-ear headphones_027.jpg,over-ear headphones_027.jpg,107564,7a03c0d9cbec485a4202632ca02e1001371b5f61dc81b0c96f770524255c1c71
real_life,over-ear headphones,Adaptiope/real_life/over-ear headphones/over-ear headphones_083.jpg,over-ear headphones_083.jpg,57506,de0628dddcb5a22e882e1d5ee24fe6689eb2b0091f941947f9613f94d3e8bc12
real_life,over-ear headphones,Adaptiope/real_life/over-ear headphones/over-ear headphones_069.jpg,over-ear headphones_069.jpg,58357,7c41a4d43aa0cba6a44617e29a0525b17a157e6b6b95a89598ac449bd6c6ba58
real_life,over-ear headphones,Adaptiope/real_life/over-ear headphones/over-ear headphones_020.jpg,over-ear headphones_020.jpg,375524,57b3c68730a810cae13f2c21c7fce906f255d68c425a70085068f0dd768080f4
real_life,over-ear headphones,Adaptiope/real_life/over-ear headphones/over-ear headphones_025.jpg,over-ear headphones_025.jpg,224499,59d4dc277300eb7cdd2ee5507702a75dff8656da2d20202ea06556cda22f890a
real_life,over-ear headphones,Adaptiope/real_life/over-ear headphones/over-ear headphones_091.jpg,over-ear headphones_091.jpg,163929,c00ef4ec02f8d2db9ac519b5ecfd7659032e0f6f33a74bfa3f4ee2d2586570ce
real_life,over-ear headphones,Adaptiope/real_life/over-ear headphones/over-ear headphones_054.jpg,over-ear headphones_054.jpg,112824,12c114eb39d194682382ee7edda97ab5f7c78016b33b0b897d78de0c91d228b8
real_life,over-ear headphones,Adaptiope/real_life/over-ear headphones/over-ear headphones_058.jpg,over-ear headphones_058.jpg,114325,e3c874aad80af782adcbc79f62fa4b5fe913ed6621f5c9b118d37ce70dda5370
real_life,over-ear headphones,Adaptiope/real_life/over-ear headphones/over-ear headphones_063.jpg,over-ear headphones_063.jpg,228589,9a0dca077f87846a1b4450b2e1eb1db549243cab57f1eb70bd4a42cadd1ceb1f
real_life,over-ear headphones,Adaptiope/real_life/over-ear headphones/over-ear headphones_075.jpg,over-ear headphones_075.jpg,157438,485764712a10e66b2ba820c638a569013fe4496ead4e7d4291ad7881f08fc357
real_life,over-ear headphones,Adaptiope/real_life/over-ear headphones/over-ear headphones_089.jpg,over-ear headphones_089.jpg,181075,949981415c3f3dc9428f4ed96e6709a2d2e25d6269b1694f414b896b43e72bb8
real_life,over-ear headphones,Adaptiope/real_life/over-ear headphones/over-ear headphones_006.jpg,over-ear headphones_006.jpg,154826,c0dff4a45684159b570862cc8399f33acc7f49d9f46bc2a62b7e2a1517092a2d
real_life,over-ear headphones,Adaptiope/real_life/over-ear headphones/over-ear headphones_052.jpg,over-ear headphones_052.jpg,158339,049dc7c7bd09cb57dcb52613ddf6d35ec07872b1f32ee17a25b29d5cdd3d5395
real_life,over-ear headphones,Adaptiope/real_life/over-ear headphones/over-ear headphones_094.jpg,over-ear headphones_094.jpg,218817,dc9dffa93f3dcf8812d02902e1fca7093f9744fc2937a0faee298eaa33c06413
real_life,over-ear headphones,Adaptiope/real_life/over-ear headphones/over-ear headphones_047.jpg,over-ear headphones_047.jpg,107249,19742f71dd7e6172bd2ed141d9bfef72b9124f8ca3fac309beae9e8200b4c38a
real_life,over-ear headphones,Adaptiope/real_life/over-ear headphones/over-ear headphones_045.jpg,over-ear headphones_045.jpg,218450,2de56e840ee3e8840e7ddeb85c31e5236990ab8212d712094b65a53264a1b1ae
real_life,over-ear headphones,Adaptiope/real_life/over-ear headphones/over-ear headphones_060.jpg,over-ear headphones_060.jpg,137487,d6f9210b3dca93b5053f8b3d73b56e798027f26af01f9a1ec83916f27be9a990
real_life,over-ear headphones,Adaptiope/real_life/over-ear headphones/over-ear headphones_082.jpg,over-ear headphones_082.jpg,127740,fde514404fc20ca4fc0abe6cf19f9beb464ed463c13b1f5a31a480a6da22c624
real_life,over-ear headphones,Adaptiope/real_life/over-ear headphones/over-ear headphones_078.jpg,over-ear headphones_078.jpg,92896,78191056632135cc711084b9e12cb61b6d631900abfd374a193d3e4cedde2b44
real_life,over-ear headphones,Adaptiope/real_life/over-ear headphones/over-ear headphones_002.jpg,over-ear headphones_002.jpg,45982,d96f372f65ea0a0dc5dec7e0dd6841b5c08f2cb81bc9b7994d4ad8344573c6f1
real_life,over-ear headphones,Adaptiope/real_life/over-ear headphones/over-ear headphones_070.jpg,over-ear headphones_070.jpg,255126,036f7a52644bce9b143b49432325a65f5ed7c7d1d82d2c8f0cf477b3feed3f1a
real_life,over-ear headphones,Adaptiope/real_life/over-ear headphones/over-ear headphones_030.jpg,over-ear headphones_030.jpg,197774,be785a639f486571f8e764f5044b7137326dbf4913c10ff80ff25e653762af2e
real_life,over-ear headphones,Adaptiope/real_life/over-ear headphones/over-ear headphones_049.jpg,over-ear headphones_049.jpg,227527,8ff20fb0e8ade4edf0300466d7da0683dc579206553f036fdb7c2136a4a82b64
real_life,over-ear headphones,Adaptiope/real_life/over-ear headphones/over-ear headphones_036.jpg,over-ear headphones_036.jpg,300318,9a9b0e23be8a90ca40f1bc11f5fb28a162a8d7ac8659363e54a0134bbd714fb9
real_life,over-ear headphones,Adaptiope/real_life/over-ear headphones/over-ear headphones_072.jpg,over-ear headphones_072.jpg,113865,dd694e9595036e38fb64ba8322d2d6ed47bcc8c024cc38a6e5c5b82ff863ad03
real_life,over-ear headphones,Adaptiope/real_life/over-ear headphones/over-ear headphones_048.jpg,over-ear headphones_048.jpg,260014,1395f253f62d4cf0bd73ddf34244da6e13b9dfd182909a44e2d7d1a01c601691
real_life,over-ear headphones,Adaptiope/real_life/over-ear headphones/over-ear headphones_014.jpg,over-ear headphones_014.jpg,259914,f0c1fe59d06fb0aea66e5aa4525a6f98f4ea74d8d4340fe69a03354fbff09f55
real_life,over-ear headphones,Adaptiope/real_life/over-ear headphones/over-ear headphones_098.jpg,over-ear headphones_098.jpg,81170,711c04306e7589a289b234504a93c2963f13ee33442f3c62abd06dd420053baa
real_life,over-ear headphones,Adaptiope/real_life/over-ear headphones/over-ear headphones_008.jpg,over-ear headphones_008.jpg,189632,4f5c77944ded7dd94de762d9d8ee5e8261a187a402b6d60b2f6942e77021caa6
real_life,over-ear headphones,Adaptiope/real_life/over-ear headphones/over-ear headphones_064.jpg,over-ear headphones_064.jpg,355340,e8cda8e027e16428ea0cc8d23144ce0fe3f028529684d7038e0cde7097d3a589
real_life,over-ear headphones,Adaptiope/real_life/over-ear headphones/over-ear headphones_024.jpg,over-ear headphones_024.jpg,263382,c890e09767500d15bac26ef9055ff2be917fce1cdf4f3f426779351ee1871f98
real_life,over-ear headphones,Adaptiope/real_life/over-ear headphones/over-ear headphones_034.jpg,over-ear headphones_034.jpg,195243,bbf164b98116ba67f2a366d0aa5c8a5e7d6beb792a6fafb5fc071291b468f06d
real_life,over-ear headphones,Adaptiope/real_life/over-ear headphones/over-ear headphones_018.jpg,over-ear headphones_018.jpg,244637,b79ce788fc9a7818d194a02c8c78b86dd7a4ea96b8c27bbe634172b46b8df8e6
real_life,over-ear headphones,Adaptiope/real_life/over-ear headphones/over-ear headphones_086.jpg,over-ear headphones_086.jpg,116727,862fe06e188dfdcb5249de492cff66fab8bb1fd0e24e15ed2e078447180fab76
real_life,over-ear headphones,Adaptiope/real_life/over-ear headphones/over-ear headphones_080.jpg,over-ear headphones_080.jpg,185075,87c294f7f0c57e25aedc4f665e4bbd2685378d94c78341925beac270e53f94b9
real_life,over-ear headphones,Adaptiope/real_life/over-ear headphones/over-ear headphones_007.jpg,over-ear headphones_007.jpg,177720,a16f66a809ecdb592164e2f3ad65ff00d314412158d37f4ff540fb2bca9d8e77
real_life,over-ear headphones,Adaptiope/real_life/over-ear headphones/over-ear headphones_068.jpg,over-ear headphones_068.jpg,178382,89b18317b54ad001d23c29cb697c372d3caf3711586e7512fd71e8fc2f159419
real_life,over-ear headphones,Adaptiope/real_life/over-ear headphones/over-ear headphones_021.jpg,over-ear headphones_021.jpg,98720,922d4cf73f8abdca40ebad7749d5a524cc1094eed51721e70acc3419e6c92c09
real_life,over-ear headphones,Adaptiope/real_life/over-ear headphones/over-ear headphones_019.jpg,over-ear headphones_019.jpg,361852,978957fdee9faacf05661995992875e19976a991673f1f7980e3e5759a4768dd
real_life,over-ear headphones,Adaptiope/real_life/over-ear headphones/over-ear headphones_017.jpg,over-ear headphones_017.jpg,213635,65827ab747c16ccee3fe803f321370cef102369d66deb981c718630de54ee9f3
real_life,over-ear headphones,Adaptiope/real_life/over-ear headphones/over-ear headphones_067.jpg,over-ear headphones_067.jpg,184353,01e20baaa4467bd52f5e98d5e63bcde44705360424382475eefdcd979814d443
real_life,over-ear headphones,Adaptiope/real_life/over-ear headphones/over-ear headphones_033.jpg,over-ear headphones_033.jpg,317974,d705b6b12459dac4b37f250aa079d9881b5fd8e18182f3d07257c4f8df526a11
real_life,over-ear headphones,Adaptiope/real_life/over-ear headphones/over-ear headphones_013.jpg,over-ear headphones_013.jpg,108847,6144f1109fc1aedd3deeef518756511e11518a0d025a0564f830f3c04ea84550
real_life,over-ear headphones,Adaptiope/real_life/over-ear headphones/over-ear headphones_031.jpg,over-ear headphones_031.jpg,169296,8d9811ee59d0c41387892437750d71a4b8ad74c60dbbee6d7088171336e58d99
real_life,over-ear headphones,Adaptiope/real_life/over-ear headphones/over-ear headphones_093.jpg,over-ear headphones_093.jpg,145005,0ae6b88fafc209a2b807abe7cea26fc087ced1efcb0c767f5d9d4aba683f7031
real_life,over-ear headphones,Adaptiope/real_life/over-ear headphones/over-ear headphones_079.jpg,over-ear headphones_079.jpg,172230,804965e4993177bedcb78f21d5b5c732dd4ff2d9b014ab9dc179386573571c13
real_life,over-ear headphones,Adaptiope/real_life/over-ear headphones/over-ear headphones_065.jpg,over-ear headphones_065.jpg,141621,89155a61a99ff4e4ef3d9ee4a2ed273582093919088c605499f9ecba8b13662d
real_life,over-ear headphones,Adaptiope/real_life/over-ear headphones/over-ear headphones_050.jpg,over-ear headphones_050.jpg,126903,6191ad45c6502885f74a46a0d33c93aafe2acbb8ea061f8153885cb43a112735
real_life,over-ear headphones,Adaptiope/real_life/over-ear headphones/over-ear headphones_097.jpg,over-ear headphones_097.jpg,203910,d3c1231759efd71ff15eb03601285c66120ce59d876454aeec3411bccc6bca85
real_life,over-ear headphones,Adaptiope/real_life/over-ear headphones/over-ear headphones_011.jpg,over-ear headphones_011.jpg,138674,6454adb2655cc4e3198a9aebabb02615733bf70eeb0750d2930b65a8f2e3e2b7
real_life,over-ear headphones,Adaptiope/real_life/over-ear headphones/over-ear headphones_092.jpg,over-ear headphones_092.jpg,212357,46b8f273d76ebc672a1b53c3ecb245d17bfc48fee48c04585cbb1f3fcf16e7a5
real_life,over-ear headphones,Adaptiope/real_life/over-ear headphones/over-ear headphones_003.jpg,over-ear headphones_003.jpg,140487,e8c728a20071d7a23fa17237d508e3f1bd2d3a0d0421043a0e652fbc994fb9e6
real_life,over-ear headphones,Adaptiope/real_life/over-ear headphones/over-ear headphones_056.jpg,over-ear headphones_056.jpg,276689,a20f002504518a7305abe804c80e5463facee57bd2fa8498cc91ce7b54170fdd
real_life,over-ear headphones,Adaptiope/real_life/over-ear headphones/over-ear headphones_044.jpg,over-ear headphones_044.jpg,117152,f3a74d846f206f164a06e82f0fa138c08b95fef0de66ccc6ddfa26d7a98cffd9
real_life,over-ear headphones,Adaptiope/real_life/over-ear headphones/over-ear headphones_040.jpg,over-ear headphones_040.jpg,118731,e25745c600560c03a385996641d9bba1284d96c173f97955494f3d89488f5358
real_life,over-ear headphones,Adaptiope/real_life/over-ear headphones/over-ear headphones_053.jpg,over-ear headphones_053.jpg,107922,45227b6ad7e114e10df1b3a29676ef8d3cc2a3611949f9a207ebd5114a652a80
real_life,computer,Adaptiope/real_life/computer/computer_005.jpg,computer_005.jpg,210899,175c83840b41981503fe72cb4a44c9f1c528ede406a4f2ce91cab5edda07bcc8
real_life,computer,Adaptiope/real_life/computer/computer_015.jpg,computer_015.jpg,168732,75d1193a6cc3101ae74c0b652b60714aaac8d2d6a998800b89ee953e96a71658
real_life,computer,Adaptiope/real_life/computer/computer_066.jpg,computer_066.jpg,167334,63841ab72a16a2e62b7b94b05d9e1bfbe645736c0af1ab90db56d3120f4b9fd3
real_life,computer,Adaptiope/real_life/computer/computer_037.jpg,computer_037.jpg,90684,f501a72415831c0219912abdce27adbb1f73a6a03fc3d600e35877644e6a919d
real_life,computer,Adaptiope/real_life/computer/computer_026.jpg,computer_026.jpg,217116,15ede250805c48bce259dcd7131f5ce755377a02abcf7ee9f830e2db4f9cbc55
real_life,computer,Adaptiope/real_life/computer/computer_097.jpg,computer_097.jpg,158860,5d913c7923e140a0862ad23c8fc1dc497671a1c37a329fd6b08367b07c189224
real_life,computer,Adaptiope/real_life/computer/computer_035.jpg,computer_035.jpg,90342,1909fd8d0d60458bdd4616b7fd2e39b76929f2cf58298a02353d2bf8e346c037
real_life,computer,Adaptiope/real_life/computer/computer_090.jpg,computer_090.jpg,188222,f0abd369e7093d2938c9f9b9bdb6a2576e88824f29711ff9774edcc8a49c05f9
real_life,computer,Adaptiope/real_life/computer/computer_095.jpg,computer_095.jpg,18382,be7fdc0bf60782482250851a31499d373d09e1f5fbb64fe54275afe39a731225
real_life,computer,Adaptiope/real_life/computer/computer_040.jpg,computer_040.jpg,182266,32a8979e032961ed7c0899ae11731647a4131771a93b287c3724b243e334ef5c
real_life,computer,Adaptiope/real_life/computer/computer_076.jpg,computer_076.jpg,119444,1a3c9826e5f819d75e95a20b13919e62eb2f234e1a7ca257f12106494927d70b
real_life,computer,Adaptiope/real_life/computer/computer_003.jpg,computer_003.jpg,229619,9597db1fe6f88c9aae86ff7b5e1a36a5477d890e2234288746289d7df86ae822
real_life,computer,Adaptiope/real_life/computer/computer_065.jpg,computer_065.jpg,74160,6361c1649bb8610c8d9632481018f9fc6fd6626d184cf7a91f450686269e6b31
real_life,computer,Adaptiope/real_life/computer/computer_062.jpg,computer_062.jpg,195269,dc0ca122f81118e155f3464bdc81140afe5552d148356da5bfda706c9a41c83c
real_life,computer,Adaptiope/real_life/computer/computer_083.jpg,computer_083.jpg,164378,d3de22b9bd76faaf9d8a82e92533379b1669140148fe369b04ef5d86378ac8c5
real_life,computer,Adaptiope/real_life/computer/computer_054.jpg,computer_054.jpg,143183,5f114c105f4021378f6089e6b4f88610814f75f8330e5239b687b10ee3f152a8
real_life,computer,Adaptiope/real_life/computer/computer_059.jpg,computer_059.jpg,103691,fd994659c4d1a66333226cfdcac4c2107ce54a47f4706ae490b04e2c2b109a8f
real_life,computer,Adaptiope/real_life/computer/computer_010.jpg,computer_010.jpg,269794,030c932fe68ba97db3b42b3b8e35aeae35fb5e53e44a843c0186b2e722d40f34
real_life,computer,Adaptiope/real_life/computer/computer_072.jpg,computer_072.jpg,298249,cae06d25b9a8d744b17e847fdb8d26977e3f02b51b9efad72fd392aa9d1a72a6
real_life,computer,Adaptiope/real_life/computer/computer_082.jpg,computer_082.jpg,127642,002c89a8c5bcedff1f875a672fdd959feaca8d99f9794e98a61ef5fd2158c8d4
real_life,computer,Adaptiope/real_life/computer/computer_027.jpg,computer_027.jpg,86459,793cf57d89db09ab7277776ca0ef42f4a2a3a93f55b19e50f80feb2fa44edd0f
real_life,computer,Adaptiope/real_life/computer/computer_080.jpg,computer_080.jpg,277040,dc96bbcd7d13c5d6dc57a8416420021622f9f741422ccd8aec9ad92d674cca30
real_life,computer,Adaptiope/real_life/computer/computer_022.jpg,computer_022.jpg,183519,deceaa13f3740046a381191ddb4cf03335d8400d1ba0ea2b46a9b997eea8b3d9
real_life,computer,Adaptiope/real_life/computer/computer_078.jpg,computer_078.jpg,107386,119e8e16a939ad290ebb90e68eae0dcbaca4ebc4867055cfb5231faa8e3643a7
real_life,computer,Adaptiope/real_life/computer/computer_094.jpg,computer_094.jpg,129495,79894193962672c817a1eeddc759518910911cfca2ff339771adf493e83b385f
real_life,computer,Adaptiope/real_life/computer/computer_056.jpg,computer_056.jpg,151042,acb3323b1b77a2a7ccd81f173383430c49e4dcb1cb79ddece4223b0c78fdaf48
real_life,computer,Adaptiope/real_life/computer/computer_074.jpg,computer_074.jpg,284708,11dbdd2a47ea11812c2b4dab62be80e1ce5fb4e62556d131ab7c942049beda3e
real_life,computer,Adaptiope/real_life/computer/computer_031.jpg,computer_031.jpg,165861,317f00586940fab3b9ef28e2e68a83025ce2cf83442eada1f4294a845f35f462
real_life,computer,Adaptiope/real_life/computer/computer_096.jpg,computer_096.jpg,431806,0d0a709405e043a831efadb9c8e3d275b4ab13ade3564da7187d6ed12551ea7a
real_life,computer,Adaptiope/real_life/computer/computer_068.jpg,computer_068.jpg,104990,72720765594671e9708728cf092ff9fba9d75071df31fb4854e60d4d7e8b691c
real_life,computer,Adaptiope/real_life/computer/computer_001.jpg,computer_001.jpg,46121,880546ab3aad4bacb252bc044c49f81d83fa108df0056d669650a6777aa93cd7
real_life,computer,Adaptiope/real_life/computer/computer_050.jpg,computer_050.jpg,137817,8d7c4bac07b26b62203450928d4c0da70ba108af6a0e4481d9c6d10ad6bfbd4f
real_life,computer,Adaptiope/real_life/computer/computer_099.jpg,computer_099.jpg,270446,9e3b81f81ea041db7618f926c611a58587cee1661fabe699e40b24c18fb46d05
real_life,computer,Adaptiope/real_life/computer/computer_060.jpg,computer_060.jpg,245466,92e68902b31c5ef7173d4f64f910564a1033a6429eaa13348b160538e5646443
real_life,computer,Adaptiope/real_life/computer/computer_009.jpg,computer_009.jpg,237562,0efcd299e32ad49800ef9b398cd396dcfe61e752aff28c851ab7be48ebf85c60
real_life,computer,Adaptiope/real_life/computer/computer_025.jpg,computer_025.jpg,194084,3f46aa445523619132ac8e0fb3f78e8b417b22ec4f05c7bb4c41e6896e03977b
real_life,computer,Adaptiope/real_life/computer/computer_020.jpg,computer_020.jpg,126907,0d91ebfe7687cb721118dc15d29737e22e84df2b5aa63e3ae00aa0b8f5793303
real_life,computer,Adaptiope/real_life/computer/computer_043.jpg,computer_043.jpg,263521,6b6c751906cff53025fa3c4cfe7a88b9894681617a5c4945f1f921521b83a78f
real_life,computer,Adaptiope/real_life/computer/computer_017.jpg,computer_017.jpg,205508,f869347f429a53152f50fc66e5fb5d9250bc2ee315f291c048e189fd4b5735f5
real_life,computer,Adaptiope/real_life/computer/computer_079.jpg,computer_079.jpg,123928,13d39e1f28922e6c9feb95c2f76d7216886d5128ed67aaa1a33971c1336ae638
real_life,computer,Adaptiope/real_life/computer/computer_061.jpg,computer_061.jpg,201001,11400a17dd3ac96af2347e0979c0badd500ad0382cf8e7a274391f204dc607dd
real_life,computer,Adaptiope/real_life/computer/computer_038.jpg,computer_038.jpg,197588,876384f2276c48d5488bfdf5cf24a8eb3feb0ca250b855635c3e71ac7fb3f18c
real_life,computer,Adaptiope/real_life/computer/computer_077.jpg,computer_077.jpg,179628,545777e988a2699bc904eb81885a7785a666231354440b1c4b703ae7e66025e8
real_life,computer,Adaptiope/real_life/computer/computer_030.jpg,computer_030.jpg,111979,387027c904fb3fa91cf9f0a1510ab25d7e5f2fa7f6db3456ea3e594cb2426930
real_life,computer,Adaptiope/real_life/computer/computer_093.jpg,computer_093.jpg,134276,7fcd1888597ac8f61b8b6c5fbeb9796f4e74e37dd37b2eb9bf38c8864882753e
real_life,computer,Adaptiope/real_life/computer/computer_055.jpg,computer_055.jpg,214510,971bfc03a42dca5b3e016cf1aae36d8610d7e5f32d4c2f1e38279664a3ca8563
real_life,computer,Adaptiope/real_life/computer/computer_012.jpg,computer_012.jpg,145568,6a616b89059d56471373ae4f0c1a0df96c19db96046d10f801dcf64488b6d615
real_life,computer,Adaptiope/real_life/computer/computer_067.jpg,computer_067.jpg,183322,7a66c3dd0b9b1d59ab11f4c817ed44d03aca765047070d9f1bdb616ce1f51e49
real_life,computer,Adaptiope/real_life/computer/computer_070.jpg,computer_070.jpg,134281,aed083fd0b1bc19733c3e43b4a6979fcf41b8ae8795ddbaccff183e48393559b
real_life,computer,Adaptiope/real_life/computer/computer_071.jpg,computer_071.jpg,226965,9689eb0740f94e18749a6c91eb1f1b7ccad3795b833ebbaa933a644f5581411b
real_life,computer,Adaptiope/real_life/computer/computer_032.jpg,computer_032.jpg,166207,86dc4bd71fc66bd28ad8ff28ced45a68080db2a2d78db7c02ec4d07077da587b
real_life,computer,Adaptiope/real_life/computer/computer_048.jpg,computer_048.jpg,84083,f1dcd1c613f40e2b56b1eda893a8291a4b0b49b84ebc82d7f635fa16e551e7ed
real_life,computer,Adaptiope/real_life/computer/computer_018.jpg,computer_018.jpg,23962,5244b0964d8739549a372d493c6db4f322a30f531a985576b2502c5c19b2716e
real_life,computer,Adaptiope/real_life/computer/computer_008.jpg,computer_008.jpg,192997,e2ce939ceed95700e2dc44c654685574449d058b004a59cdfb656ed4d865c00d
real_life,computer,Adaptiope/real_life/computer/computer_004.jpg,computer_004.jpg,216582,c89d92fb22086f54cc67566923d2d5a3202b55a05b9c2b741ae36af445009118
real_life,computer,Adaptiope/real_life/computer/computer_013.jpg,computer_013.jpg,285413,e614891b727850e16f93a4eb649edd606de1fb1b6e98d02614b629db051796a8
real_life,computer,Adaptiope/real_life/computer/computer_081.jpg,computer_081.jpg,117070,8105aaa38adf9e1f5e0d80af6ab213ea1dc21c87bfbb9dc5f3a727630a9493f5
real_life,computer,Adaptiope/real_life/computer/computer_023.jpg,computer_023.jpg,205041,7348b3c971b41741a12d4b8e1d214e2c3f28bb19789078eb9e8e39cd9bf27a7a
real_life,computer,Adaptiope/real_life/computer/computer_036.jpg,computer_036.jpg,211986,6e1cb28c006d2a571a0e5837eeb7ac034ef4bd8bc16c6fee2631ef8b9e60b59c
real_life,computer,Adaptiope/real_life/computer/computer_000.jpg,computer_000.jpg,237888,f020e7dce72fca509b42fa8c3c65f8f7b949689b794988157baa6c32ae4bd1bb
real_life,computer,Adaptiope/real_life/computer/computer_084.jpg,computer_084.jpg,76565,bbf8edcf1ec6fff52d7532a73bc7a6556b3f30f329d16c8b305afec6aea40e1d
real_life,computer,Adaptiope/real_life/computer/computer_033.jpg,computer_033.jpg,204176,880ef7e6c6bab6522fe3c5b51806e6bf42dc11f059187c7c0f61b4b3ac537c58
real_life,computer,Adaptiope/real_life/computer/computer_049.jpg,computer_049.jpg,48499,2324584d1cff65d5804a252d2cf5ab4a31e437a5a75657886f890117f5481e04
real_life,computer,Adaptiope/real_life/computer/computer_057.jpg,computer_057.jpg,249399,09767e8c87f95793a68fb3a70a32c655ad8a9ee930a584c095e27ffd5e78527c
real_life,computer,Adaptiope/real_life/computer/computer_088.jpg,computer_088.jpg,47492,6641ebe34aff869bff9fa3ed5e0c5a35dce0afe1dde672e1aa53819e0f66ba0c
real_life,computer,Adaptiope/real_life/computer/computer_044.jpg,computer_044.jpg,191566,8f6db91ce8c1e9b3af02a3645c420badffde2a14a09318ac00dbcbe54a39b490
real_life,computer,Adaptiope/real_life/computer/computer_075.jpg,computer_075.jpg,120019,55c9409b77ec71bdaea01205928a163fafe559f31f9c2d5d7b9ab322ba8e8655
real_life,computer,Adaptiope/real_life/computer/computer_069.jpg,computer_069.jpg,166346,a43b4842125c4306a1886ef6cd3ea2411b077a2086073c7408a51ea4c9365907
real_life,computer,Adaptiope/real_life/computer/computer_042.jpg,computer_042.jpg,78525,72fe9f9d1cf428ae08aae9cee03f7abe4d39799d9d3a2de50c1a51aeec164a38
real_life,computer,Adaptiope/real_life/computer/computer_011.jpg,computer_011.jpg,129543,f9e89dfda86d05c63980980cf9be37456b8fdf45db54c26b936833b3d41681e0
real_life,computer,Adaptiope/real_life/computer/computer_053.jpg,computer_053.jpg,271034,22ce1b738c879ff98286351f857979fd1666efb3ef2dd841cd4354f79b1e7b69
real_life,computer,Adaptiope/real_life/computer/computer_087.jpg,computer_087.jpg,335668,0d2bc772c1867a7f5e64685b0bb12288bdf9f8df3b8e719d263428df4a823c13
real_life,computer,Adaptiope/real_life/computer/computer_046.jpg,computer_046.jpg,214588,1ceeadb42b9141b1cb969f22278954950e2253ea57a98edcbcc7cd0e0fac21da
real_life,computer,Adaptiope/real_life/computer/computer_058.jpg,computer_058.jpg,132187,f078087bf4dfc08c36226f5360b66bed1975a08afcdca98bb012a67d57b7b638
real_life,computer,Adaptiope/real_life/computer/computer_006.jpg,computer_006.jpg,182554,9503324a198e1949b58177f3a8b7025b42bf688af99d2f5f3457f7a1c6775677
real_life,computer,Adaptiope/real_life/computer/computer_045.jpg,computer_045.jpg,185020,030f93d102f6d3329d6629b59ffb25440987721e84ff98f329b25ea3c7b0e9b2
real_life,computer,Adaptiope/real_life/computer/computer_051.jpg,computer_051.jpg,152573,72d72f033625d75361f8fae497ca814a1e8af810048091180430ff81e6ca12ac
real_life,computer,Adaptiope/real_life/computer/computer_019.jpg,computer_019.jpg,307292,35d6f2692830f3993e56ff2c09aa0da14e74146149258a54edef01e4136fc2cc
real_life,computer,Adaptiope/real_life/computer/computer_085.jpg,computer_085.jpg,157420,d3a48fc4ed5cd96d0958508b6e38e71079d3c01b3b2539a409c3d459c1f2c76f
real_life,computer,Adaptiope/real_life/computer/computer_028.jpg,computer_028.jpg,256670,4e1c55760e6c1a23773deadad86b0096268a716dd35e578f9920c9eaa915ba20
real_life,computer,Adaptiope/real_life/computer/computer_039.jpg,computer_039.jpg,322372,009b2c3a92fad100810712cc85adf60edd2145ff512bc41669f9eb2b20a9247f
real_life,computer,Adaptiope/real_life/computer/computer_029.jpg,computer_029.jpg,215594,8741b8765c95be1b36e7e635fc2e1e5dce7862c07a79af46b634e6d4b0b714bd
real_life,computer,Adaptiope/real_life/computer/computer_047.jpg,computer_047.jpg,278575,13daddb4b04f15914aefceb6a85d4ec862e9ddedc3698019b092abf5bf971a72
real_life,computer,Adaptiope/real_life/computer/computer_052.jpg,computer_052.jpg,59313,8e707278ea65e47a620eff3a8e2b015f541f3e9c98a66df569643ac3add5e3b2
real_life,computer,Adaptiope/real_life/computer/computer_073.jpg,computer_073.jpg,159750,c3f4288d021efc98b5da39df748a4dc0ec9bf603c67d0d22df097c6fb5811d74
real_life,computer,Adaptiope/real_life/computer/computer_016.jpg,computer_016.jpg,287164,1f581ada6e6b6430b85871e3c2bb3169025764fff2e9b0fd9bf8f26a2116c864
real_life,computer,Adaptiope/real_life/computer/computer_002.jpg,computer_002.jpg,120164,6af92a05d492a873f75a881c3d181bc75040e1bc46639de1ce2c379e99884741
real_life,computer,Adaptiope/real_life/computer/computer_041.jpg,computer_041.jpg,165390,d1773c7e363813d3dd7314c6aaa335c7d106ee89c9b46a95c55a39b4a3b86f14
real_life,computer,Adaptiope/real_life/computer/computer_014.jpg,computer_014.jpg,117124,a185c1d8729cad04f878c59b210590bbd53b7c9b7e4c4951dbc3ab604c5e123f
real_life,computer,Adaptiope/real_life/computer/computer_089.jpg,computer_089.jpg,138454,d813e1c113f3754a727af427862d94417cf75ecfa194b9602ca31a53bed86cc6
real_life,computer,Adaptiope/real_life/computer/computer_064.jpg,computer_064.jpg,200783,c59ffcc3d5981fac65f06d559bbd919bb18006af515c5bdd716afb2e2a3b98a8
real_life,computer,Adaptiope/real_life/computer/computer_091.jpg,computer_091.jpg,116233,f7a51630f1454819bf56f696651dba30cc778664a908a46111552f1b2ad346d3
real_life,computer,Adaptiope/real_life/computer/computer_024.jpg,computer_024.jpg,201148,0c30964179c2f87836865df6e6d71ff721eec747ca6346e8daa352ed5d6fb982
real_life,computer,Adaptiope/real_life/computer/computer_092.jpg,computer_092.jpg,186065,6a3fab12c5193c07ce10bc99dbd8992f9767983c66c95ef03bab40bc9953ea59
real_life,computer,Adaptiope/real_life/computer/computer_098.jpg,computer_098.jpg,260958,3d16e0c95f307ba9a9f2fb19cc3e6a1627e8e5d49df8176f7230d3fde22ec0f1
real_life,computer,Adaptiope/real_life/computer/computer_063.jpg,computer_063.jpg,293097,7f0fa3aa248d71d94765478cf58a54f0fa29acbfa5adeafdab24c917588f0627
real_life,computer,Adaptiope/real_life/computer/computer_086.jpg,computer_086.jpg,79643,e697e549e7f72fcf263489c49313a6e8abbeb2c9d3cc0e9600ca4c053f5bfc69
real_life,computer,Adaptiope/real_life/computer/computer_034.jpg,computer_034.jpg,248271,9ffc12a2e236c1ab9babfc230672c7b84b31678c0752d0fa4889821dc90f544f
real_life,computer,Adaptiope/real_life/computer/computer_007.jpg,computer_007.jpg,258998,4570324c26740bc92cb01a0f24115a3ed5564f5f2a12d0e84723bc3199313543
real_life,computer,Adaptiope/real_life/computer/computer_021.jpg,computer_021.jpg,184868,081d3a78e20dffcf0b218ab4b8f4120134fe1c77ce17a074bdf9789649a4732e
real_life,cordless fixed phone,Adaptiope/real_life/cordless fixed phone/cordless fixed phone_094.jpg,cordless fixed phone_094.jpg,70059,9c485af4f0e1c6398e12f22908b2458143e9e81bc35d043806c1571eb66ddb0e
real_life,cordless fixed phone,Adaptiope/real_life/cordless fixed phone/cordless fixed phone_030.jpg,cordless fixed phone_030.jpg,197951,9734136a3d24e0ffa586489c83e601b5587090a3b51578b5e9f8b91b68011611
real_life,cordless fixed phone,Adaptiope/real_life/cordless fixed phone/cordless fixed phone_071.jpg,cordless fixed phone_071.jpg,245387,7ae69e21089f9e35518679135795e437b59966960d574110cf386005a13f312c
real_life,cordless fixed phone,Adaptiope/real_life/cordless fixed phone/cordless fixed phone_031.jpg,cordless fixed phone_031.jpg,43870,5d4a91bb32fcc61cad178f19d146219c7825a05ca8ddebc83c3eae81c8eec1f4
real_life,cordless fixed phone,Adaptiope/real_life/cordless fixed phone/cordless fixed phone_038.jpg,cordless fixed phone_038.jpg,272799,6d149ef6a500714a0ae63a1ee9b97e5d7f31863b8b69e35d9fdba68bd5b92c3a
real_life,cordless fixed phone,Adaptiope/real_life/cordless fixed phone/cordless fixed phone_023.jpg,cordless fixed phone_023.jpg,194933,03628a9234b2c974325ac7384e5a86baea1210caadd8d6160ec6f57cc88e97c2
real_life,cordless fixed phone,Adaptiope/real_life/cordless fixed phone/cordless fixed phone_026.jpg,cordless fixed phone_026.jpg,132337,6d331e7f1fc96dbb9138b7bd935b8eee5ec356549551c9c2b2dc68e025d39d45
real_life,cordless fixed phone,Adaptiope/real_life/cordless fixed phone/cordless fixed phone_008.jpg,cordless fixed phone_008.jpg,138312,abe47baefac3b93db9c7cf1733bc798505f8ba954eae520eb7fefa9d53397894
real_life,cordless fixed phone,Adaptiope/real_life/cordless fixed phone/cordless fixed phone_060.jpg,cordless fixed phone_060.jpg,172742,8f5e7c0a83625844b4371d42812377cd8d9de53c155e1c6da87609c4baf9004e
real_life,cordless fixed phone,Adaptiope/real_life/cordless fixed phone/cordless fixed phone_004.jpg,cordless fixed phone_004.jpg,196637,7bddb908378fe4b2abd6dbea1955d23b0c56cdd94aa51dbac9a3a98b79f826cc
real_life,cordless fixed phone,Adaptiope/real_life/cordless fixed phone/cordless fixed phone_099.jpg,cordless fixed phone_099.jpg,170046,67f728e863fb66745bd141f054d8629fef1b9fe3e9c404d10ccf156b2e2ecb36
real_life,cordless fixed phone,Adaptiope/real_life/cordless fixed phone/cordless fixed phone_025.jpg,cordless fixed phone_025.jpg,90795,0bb100d7ffa120c0adaa21e6e792f1bb40b18995687bd2dd38e30815f2c94cde
real_life,cordless fixed phone,Adaptiope/real_life/cordless fixed phone/cordless fixed phone_014.jpg,cordless fixed phone_014.jpg,182990,00c69624c428d9efbf4072dcbd9e780fd8911441c2391f46d4a15fa0381103f6
real_life,cordless fixed phone,Adaptiope/real_life/cordless fixed phone/cordless fixed phone_013.jpg,cordless fixed phone_013.jpg,89978,39d39f3981784666b86860b1bd2feca283d68f5b75e75c7a030f2fd9671f83ef
real_life,cordless fixed phone,Adaptiope/real_life/cordless fixed phone/cordless fixed phone_063.jpg,cordless fixed phone_063.jpg,132073,32e2d56745e7abbaa660e085a075c138b732ec89aa2a62834df514d8168471e1
real_life,cordless fixed phone,Adaptiope/real_life/cordless fixed phone/cordless fixed phone_003.jpg,cordless fixed phone_003.jpg,173095,1cdfd440fdb3e01e486977c219fdf79884cbaca4ddb5d8e476d9432bc91bd93b
real_life,cordless fixed phone,Adaptiope/real_life/cordless fixed phone/cordless fixed phone_007.jpg,cordless fixed phone_007.jpg,314371,7318ded790fba1482b09c9176020f0a616647def667c92796da396d18329996e
real_life,cordless fixed phone,Adaptiope/real_life/cordless fixed phone/cordless fixed phone_012.jpg,cordless fixed phone_012.jpg,140907,652695fc7655acca1febbdbb099ea3aef0899c03faa8d43d1541af5f12903ff0
real_life,cordless fixed phone,Adaptiope/real_life/cordless fixed phone/cordless fixed phone_076.jpg,cordless fixed phone_076.jpg,201786,72397b369f6e5c2d2909f672a44da58fa8e17a40136fb231622415bfc5cd75cf
real_life,cordless fixed phone,Adaptiope/real_life/cordless fixed phone/cordless fixed phone_057.jpg,cordless fixed phone_057.jpg,60699,2fd93d11bbe067143ad137a6075014da2054ea1d8eec920c108fda9d64b14b0b
real_life,cordless fixed phone,Adaptiope/real_life/cordless fixed phone/cordless fixed phone_005.jpg,cordless fixed phone_005.jpg,146956,13149e8e0c698d8a744e7a974d0924bcde20b04d33cfe69c5bc1f981bc670a98
real_life,cordless fixed phone,Adaptiope/real_life/cordless fixed phone/cordless fixed phone_001.jpg,cordless fixed phone_001.jpg,85481,caf87ca7c33d4ec2fa8f15cd635a078cbb97d718a055f286725f864c6c9f9377
real_life,cordless fixed phone,Adaptiope/real_life/cordless fixed phone/cordless fixed phone_078.jpg,cordless fixed phone_078.jpg,235960,937d7f6aad369dfa043b44ef6f841d2aba11d18f6216c53c729efd51ed08d2c9
real_life,cordless fixed phone,Adaptiope/real_life/cordless fixed phone/cordless fixed phone_018.jpg,cordless fixed phone_018.jpg,155873,a0c37dcb10c2b58c3d94d3cdc9d0c470605f436f120e5ed6be8918e5777a4406
real_life,cordless fixed phone,Adaptiope/real_life/cordless fixed phone/cordless fixed phone_072.jpg,cordless fixed phone_072.jpg,73476,0c7dffd6ef2422ac83422ddfbd599e7c7831ceff775ac1dcf11fb818876861a8
real_life,cordless fixed phone,Adaptiope/real_life/cordless fixed phone/cordless fixed phone_067.jpg,cordless fixed phone_067.jpg,190764,023081960ce0db865398d2bc3a616e4909c89381cf52c9a9347d0779ff70f530
real_life,cordless fixed phone,Adaptiope/real_life/cordless fixed phone/cordless fixed phone_083.jpg,cordless fixed phone_083.jpg,281738,f27c88837730fba7fa233b31386a0a2f9c1a34ac89db8569848555226280964e
real_life,cordless fixed phone,Adaptiope/real_life/cordless fixed phone/cordless fixed phone_045.jpg,cordless fixed phone_045.jpg,125106,f083bf89e741144399d5c16935a1596c53fc935df63bb541e374a1e47fddba87
real_life,cordless fixed phone,Adaptiope/real_life/cordless fixed phone/cordless fixed phone_032.jpg,cordless fixed phone_032.jpg,141739,ee6f180b7dd653bb10ee45617dcab3e518088470341256fb5e748d906291d3f8
real_life,cordless fixed phone,Adaptiope/real_life/cordless fixed phone/cordless fixed phone_036.jpg,cordless fixed phone_036.jpg,252710,6dc4e8a03c204ac2c025b91dc3b35afa8ac3c0cbc45d3b0a15bdf38582779c71
real_life,cordless fixed phone,Adaptiope/real_life/cordless fixed phone/cordless fixed phone_081.jpg,cordless fixed phone_081.jpg,232637,25ca2e206ecef8a0bae6c3f83c075c41384b7ed12333d216fa05df5f8965ad44
real_life,cordless fixed phone,Adaptiope/real_life/cordless fixed phone/cordless fixed phone_021.jpg,cordless fixed phone_021.jpg,151611,2c7ac03ae8eae3f664339275840d01d3cabf35455308c433c897e90ee6cd0c27
real_life,cordless fixed phone,Adaptiope/real_life/cordless fixed phone/cordless fixed phone_020.jpg,cordless fixed phone_020.jpg,76833,3840bb8ae99617f993f41be0254518f015a1d014445ef9dcab72c53871712fa2
real_life,cordless fixed phone,Adaptiope/real_life/cordless fixed phone/cordless fixed phone_087.jpg,cordless fixed phone_087.jpg,198937,64c2f30e6801a326bbb5263547212255a25d79c12825561fcd0a69490fc8f0e3
real_life,cordless fixed phone,Adaptiope/real_life/cordless fixed phone/cordless fixed phone_084.jpg,cordless fixed phone_084.jpg,193945,949c97fad16c9ea3faedc5e5213e29daa2808cfae0c28bb108ae7514c3191a9d
real_life,cordless fixed phone,Adaptiope/real_life/cordless fixed phone/cordless fixed phone_042.jpg,cordless fixed phone_042.jpg,153499,7f0b56a4dbcbe311f8ac1b1e538b27e4bd5bf0eb528ad2bf1f49b1b7b55f909b
real_life,cordless fixed phone,Adaptiope/real_life/cordless fixed phone/cordless fixed phone_082.jpg,cordless fixed phone_082.jpg,263295,cc6546d48aec6de98bd13e29e05d4a59762d5a0ed6a59fd4dccab917dbe53d9c
real_life,cordless fixed phone,Adaptiope/real_life/cordless fixed phone/cordless fixed phone_064.jpg,cordless fixed phone_064.jpg,28901,913e56f7630306acd86f0644cd297ed3a75562bc700d46261ae558a665372bf8
real_life,cordless fixed phone,Adaptiope/real_life/cordless fixed phone/cordless fixed phone_065.jpg,cordless fixed phone_065.jpg,159554,90313dad932c354fdd5d1c49f1079e2861fb02f924c2b9efc995a84493d687cc
real_life,cordless fixed phone,Adaptiope/real_life/cordless fixed phone/cordless fixed phone_046.jpg,cordless fixed phone_046.jpg,180711,6615bf86fb8f29fcca5e882e5440317f02c44559756302d903e537428bf0ff51
real_life,cordless fixed phone,Adaptiope/real_life/cordless fixed phone/cordless fixed phone_062.jpg,cordless fixed phone_062.jpg,203197,b2c91fb500c37c1fef690bda337dd9201e187bf55e56f74c1037785145c85233
real_life,cordless fixed phone,Adaptiope/real_life/cordless fixed phone/cordless fixed phone_077.jpg,cordless fixed phone_077.jpg,280397,de3a5fdbb1d80599a913ac9755df8b99f3cc0defad26dbb57a2390dba4d12a13
real_life,cordless fixed phone,Adaptiope/real_life/cordless fixed phone/cordless fixed phone_029.jpg,cordless fixed phone_029.jpg,253473,0fec966e0dbe31731feade28fc208c0095eb0f196f60761428e20023bc1880f5
real_life,cordless fixed phone,Adaptiope/real_life/cordless fixed phone/cordless fixed phone_061.jpg,cordless fixed phone_061.jpg,156472,3f3fa338c274a45c92584a93715fcf8682b7ea48d9ce67c8023dff5737c3ea6d
real_life,cordless fixed phone,Adaptiope/real_life/cordless fixed phone/cordless fixed phone_070.jpg,cordless fixed phone_070.jpg,121565,b9c802299b5d34973207b86a847c36e3a776af8a86544fbef039ade35886fdb4
real_life,cordless fixed phone,Adaptiope/real_life/cordless fixed phone/cordless fixed phone_033.jpg,cordless fixed phone_033.jpg,208588,086aaf7cc81b46aebeefac7d6e231cc07c127e50bce58a194c747ce33ccb51f2
real_life,cordless fixed phone,Adaptiope/real_life/cordless fixed phone/cordless fixed phone_041.jpg,cordless fixed phone_041.jpg,99027,10a168366855216553c4f13b3b7bc478d7ee9f211a5ba6a9a093005ba1b7d1da
real_life,cordless fixed phone,Adaptiope/real_life/cordless fixed phone/cordless fixed phone_058.jpg,cordless fixed phone_058.jpg,192015,0dffdb597f22f06d3088a54db138c10e371e026bd12f07ccea24f7b1c490de72
real_life,cordless fixed phone,Adaptiope/real_life/cordless fixed phone/cordless fixed phone_044.jpg,cordless fixed phone_044.jpg,218502,ad2a5494db45dd0c6e5ea69c9b83a0b9200b7b10850aeed7ce201e2442febb7d
real_life,cordless fixed phone,Adaptiope/real_life/cordless fixed phone/cordless fixed phone_039.jpg,cordless fixed phone_039.jpg,109196,63fb515f7a8321579172a0b11f22aaaf871f22e2694a754cc32c8655831a41ff
real_life,cordless fixed phone,Adaptiope/real_life/cordless fixed phone/cordless fixed phone_086.jpg,cordless fixed phone_086.jpg,138900,c816e35342c17d49a71b7cb123a05479da90885f38e998e095ea801958f0e180
real_life,cordless fixed phone,Adaptiope/real_life/cordless fixed phone/cordless fixed phone_010.jpg,cordless fixed phone_010.jpg,155101,c40ad5709ce186679ab1ab00f96aaf08123c259933461cff7180a74c90a9020a
real_life,cordless fixed phone,Adaptiope/real_life/cordless fixed phone/cordless fixed phone_011.jpg,cordless fixed phone_011.jpg,174899,93c1d6e375a290b2bfc121e819b470c3ad24c236b352da11435897d57c27a70d
real_life,cordless fixed phone,Adaptiope/real_life/cordless fixed phone/cordless fixed phone_019.jpg,cordless fixed phone_019.jpg,79773,92ce7bce5e25ec9d2c54a5f4d5102049b5a4de5df40db65549af98d88ff82cc1
real_life,cordless fixed phone,Adaptiope/real_life/cordless fixed phone/cordless fixed phone_015.jpg,cordless fixed phone_015.jpg,202689,e8ff6318f29775315aa246e7941e88452bfa31e548a579c9ec155d9d7862984b
real_life,cordless fixed phone,Adaptiope/real_life/cordless fixed phone/cordless fixed phone_089.jpg,cordless fixed phone_089.jpg,243109,113d0b2f2750686c8d8c5317c799b62225c378c5a794b5e041534df1dfdd27e1
real_life,cordless fixed phone,Adaptiope/real_life/cordless fixed phone/cordless fixed phone_000.jpg,cordless fixed phone_000.jpg,233825,50e3b0efea0ab51eb2dda79ccc6d1a4b4ceb3caf5b1b9494127d911ad2fb6f6c
real_life,cordless fixed phone,Adaptiope/real_life/cordless fixed phone/cordless fixed phone_017.jpg,cordless fixed phone_017.jpg,8177,7de45383ef9f809fb8ad7509b0e1895e7efface98d9048df53f2a37ae99af95b
real_life,cordless fixed phone,Adaptiope/real_life/cordless fixed phone/cordless fixed phone_085.jpg,cordless fixed phone_085.jpg,74584,6a0d877cf1bd34b68c742fc25b8caba6850ff589bfa798b65df0f50aed07c1c7
real_life,cordless fixed phone,Adaptiope/real_life/cordless fixed phone/cordless fixed phone_049.jpg,cordless fixed phone_049.jpg,80237,8a7287d6698723334fa77dccd758146b18cc7de4bda366592020d9590970f0d4
real_life,cordless fixed phone,Adaptiope/real_life/cordless fixed phone/cordless fixed phone_056.jpg,cordless fixed phone_056.jpg,134227,f16cea86a3c5e32dff8c97ce4f85b935588b7c794da30a1e94e6ad75f6e55e3a
real_life,cordless fixed phone,Adaptiope/real_life/cordless fixed phone/cordless fixed phone_054.jpg,cordless fixed phone_054.jpg,213254,e98b5addb6fa38a9bbdc4bfebe99c80d6e34eedc671ba77454c1726e82056b5d
real_life,cordless fixed phone,Adaptiope/real_life/cordless fixed phone/cordless fixed phone_002.jpg,cordless fixed phone_002.jpg,137715,470639e8824e4a4774ba8d421a5340ad8e1086774639e6e7e4ba4504f248065a
real_life,cordless fixed phone,Adaptiope/real_life/cordless fixed phone/cordless fixed phone_024.jpg,cordless fixed phone_024.jpg,47797,5e7233fd9bd14a9723847825970ff114164353a1007ec55edfa0e0b666c64294
real_life,cordless fixed phone,Adaptiope/real_life/cordless fixed phone/cordless fixed phone_043.jpg,cordless fixed phone_043.jpg,19088,1484836ac03d18253095dde3ae35b4b8d982e2141f36e76dbe0bf216b6d616bb
real_life,cordless fixed phone,Adaptiope/real_life/cordless fixed phone/cordless fixed phone_051.jpg,cordless fixed phone_051.jpg,160216,6b4d445406237486b11915a7fe2dc2a830766b5d5357dabd9b2542ff2ef7573d
real_life,cordless fixed phone,Adaptiope/real_life/cordless fixed phone/cordless fixed phone_053.jpg,cordless fixed phone_053.jpg,181457,9d85fbafdb156c7dc9aa2e1f43d5b60bc7f088c1e19b5005a991b8e73ea67c59
real_life,cordless fixed phone,Adaptiope/real_life/cordless fixed phone/cordless fixed phone_050.jpg,cordless fixed phone_050.jpg,120023,e0192f0ae3a4684de61d894b1933acb443c7767537be84e618b20b57c5add834
real_life,cordless fixed phone,Adaptiope/real_life/cordless fixed phone/cordless fixed phone_091.jpg,cordless fixed phone_091.jpg,154560,179941c721d9545ffc0e1a2428b43f598a8d2db6b184e152f0b06bc18cecc04b
real_life,cordless fixed phone,Adaptiope/real_life/cordless fixed phone/cordless fixed phone_096.jpg,cordless fixed phone_096.jpg,179373,e01398b3ba4af9089f6b189e69486887f562a957afd424f75f54a9db2c37809f
real_life,cordless fixed phone,Adaptiope/real_life/cordless fixed phone/cordless fixed phone_028.jpg,cordless fixed phone_028.jpg,202807,25716b4de8c5d6961df05375f8591dfae048357ccad00259beb2707d957f612c
real_life,cordless fixed phone,Adaptiope/real_life/cordless fixed phone/cordless fixed phone_093.jpg,cordless fixed phone_093.jpg,201171,fefbb28081d372445b9a9b2a08ae879bc085b021bdf4bb887535fe8cf3ee1e15
real_life,cordless fixed phone,Adaptiope/real_life/cordless fixed phone/cordless fixed phone_055.jpg,cordless fixed phone_055.jpg,128395,6c642998e4d09a061f60c72a6e675666df1bd61655b998269f75d8e17224005c
real_life,cordless fixed phone,Adaptiope/real_life/cordless fixed phone/cordless fixed phone_074.jpg,cordless fixed phone_074.jpg,221569,156ee5ac43127f5508125934ac3a42fa3a355794dd323566dcb9d5fa020209e6
real_life,cordless fixed phone,Adaptiope/real_life/cordless fixed phone/cordless fixed phone_066.jpg,cordless fixed phone_066.jpg,243842,69ea0f0d80cc9acf14d397d9f5e3804991f5325f6cedf7acabaa8960973e8554
real_life,cordless fixed phone,Adaptiope/real_life/cordless fixed phone/cordless fixed phone_052.jpg,cordless fixed phone_052.jpg,184816,9a9ff25e1c22445370182c8676b2a450adcb09d04bb3d575fd492a9f33586153
real_life,cordless fixed phone,Adaptiope/real_life/cordless fixed phone/cordless fixed phone_016.jpg,cordless fixed phone_016.jpg,89417,d8ab3c92a99c7878585ecc7c60d452be10cf02906244ebf4cf42fd7f6e080bae
real_life,cordless fixed phone,Adaptiope/real_life/cordless fixed phone/cordless fixed phone_092.jpg,cordless fixed phone_092.jpg,59755,9f584472f69fc2501927f42e92f9d5c7e24072316aafc57b6544b312b7c1fe01
real_life,cordless fixed phone,Adaptiope/real_life/cordless fixed phone/cordless fixed phone_098.jpg,cordless fixed phone_098.jpg,112137,41c50ab9b3c90b36924cfa11e5cb076c5956bb71b430a1e4894abc92b8a3795a
real_life,cordless fixed phone,Adaptiope/real_life/cordless fixed phone/cordless fixed phone_027.jpg,cordless fixed phone_027.jpg,15372,946417ab6d64f20a298a44f832091f99d0e9ea068bd2c3b906f8f2e95d85a145
real_life,cordless fixed phone,Adaptiope/real_life/cordless fixed phone/cordless fixed phone_059.jpg,cordless fixed phone_059.jpg,306746,bfdc8735873379b6cb802f64cf1f7938a36af2306a18d27fde0eec530a4a6179
real_life,cordless fixed phone,Adaptiope/real_life/cordless fixed phone/cordless fixed phone_079.jpg,cordless fixed phone_079.jpg,244401,3121b2175142c5b1b6bd54a3fa1244a1b604a8e8f588bf814ffeed6c0c815a1c
real_life,cordless fixed phone,Adaptiope/real_life/cordless fixed phone/cordless fixed phone_009.jpg,cordless fixed phone_009.jpg,159543,410caf4917a8ada2274ed2e7831210e361751e5533a6e7c7530f35c7565a829b
real_life,cordless fixed phone,Adaptiope/real_life/cordless fixed phone/cordless fixed phone_088.jpg,cordless fixed phone_088.jpg,146460,9a18ac3237ed9ef1c3818c8ea13b99b6d559c6e9aa9e238160fead48a2d0a136
real_life,cordless fixed phone,Adaptiope/real_life/cordless fixed phone/cordless fixed phone_022.jpg,cordless fixed phone_022.jpg,52653,e12b57ef2cff158f7be0514da4ea86699e45b654b7ace48e9434fac80f7e6652
real_life,cordless fixed phone,Adaptiope/real_life/cordless fixed phone/cordless fixed phone_048.jpg,cordless fixed phone_048.jpg,191159,4c41f9316f5ea04473663ff3804b434d61c0176f1f77e1b3eba0d68c5db97474
real_life,cordless fixed phone,Adaptiope/real_life/cordless fixed phone/cordless fixed phone_075.jpg,cordless fixed phone_075.jpg,185583,f580231f2fcf238f9d6aedb3bd6794e2e4c4ba77a2846b77186ed49d0bd13db8
real_life,cordless fixed phone,Adaptiope/real_life/cordless fixed phone/cordless fixed phone_069.jpg,cordless fixed phone_069.jpg,59145,5b4da444c4ded30bd4f61375dde35ff51b84422576eaaf1288645056cfa82719
real_life,cordless fixed phone,Adaptiope/real_life/cordless fixed phone/cordless fixed phone_068.jpg,cordless fixed phone_068.jpg,11044,bbe952d8a6f2a05764451596b4596eae70c6ad7ff6aa199659cfd1f46786cf0e
real_life,cordless fixed phone,Adaptiope/real_life/cordless fixed phone/cordless fixed phone_097.jpg,cordless fixed phone_097.jpg,277125,55160020b2dd0db1033992db63ee9d22480988d576ad4856aae97ae5d47a304f
real_life,cordless fixed phone,Adaptiope/real_life/cordless fixed phone/cordless fixed phone_006.jpg,cordless fixed phone_006.jpg,136795,e33218f1be6181b677f7681ab9ae034cb3ccee8b08900d3b6edfbc773da70e6b
real_life,cordless fixed phone,Adaptiope/real_life/cordless fixed phone/cordless fixed phone_095.jpg,cordless fixed phone_095.jpg,163966,e561923e39fe06c355e1aff3a5686cdfd5d3c0163f8520092c1c7b5b74997e9b
real_life,cordless fixed phone,Adaptiope/real_life/cordless fixed phone/cordless fixed phone_037.jpg,cordless fixed phone_037.jpg,263118,4b0144314cbb3a4f6538dc35a6ac76955f3ca3ebcf2914c9400f6c61a080fbb8
real_life,cordless fixed phone,Adaptiope/real_life/cordless fixed phone/cordless fixed phone_080.jpg,cordless fixed phone_080.jpg,82918,4d51bf241ac6b65d8a3fa69cc583b8d30baa2d95ce743946318fd5e5b4a50b03
real_life,cordless fixed phone,Adaptiope/real_life/cordless fixed phone/cordless fixed phone_090.jpg,cordless fixed phone_090.jpg,272938,f468a5897158f426463b9fdbcde328b07a957b350f78bd5f20faeb15e6413c64
real_life,cordless fixed phone,Adaptiope/real_life/cordless fixed phone/cordless fixed phone_034.jpg,cordless fixed phone_034.jpg,51722,03fcd2e02955d06245c95386c28b2ea4693c5109d5e49ef70a395fa8919e12be
real_life,cordless fixed phone,Adaptiope/real_life/cordless fixed phone/cordless fixed phone_047.jpg,cordless fixed phone_047.jpg,194907,a7930b7cf5ae478b4e9e23528ea189c89cae3b1b6e51d2996bb3cf6562747757
real_life,cordless fixed phone,Adaptiope/real_life/cordless fixed phone/cordless fixed phone_035.jpg,cordless fixed phone_035.jpg,161317,869e88afdb715041edcd2d480a65e7308586cddd445538ac94c1c644ae8d389b
real_life,cordless fixed phone,Adaptiope/real_life/cordless fixed phone/cordless fixed phone_073.jpg,cordless fixed phone_073.jpg,221472,f00af3d4c8308f3f4458007aa178db43f75baca997cf37db070b66b467675c99
real_life,cordless fixed phone,Adaptiope/real_life/cordless fixed phone/cordless fixed phone_040.jpg,cordless fixed phone_040.jpg,147271,af3a24bd5a41555a51b252b52372ce9397d5ffd7dfae498de685d257019d6fbe
real_life,hard-wired fixed phone,Adaptiope/real_life/hard-wired fixed phone/hard-wired fixed phone_008.jpg,hard-wired fixed phone_008.jpg,209324,d2cbc302e81ea2ebc9160b27ece6b699d7a88bee5071878b51ec39c991a395e1
real_life,hard-wired fixed phone,Adaptiope/real_life/hard-wired fixed phone/hard-wired fixed phone_016.jpg,hard-wired fixed phone_016.jpg,119220,a0f580a5ea4d2a2fabc2dc67fc2d9ab36d5337b1a11cf5f9527f8a8289ec6f01
real_life,hard-wired fixed phone,Adaptiope/real_life/hard-wired fixed phone/hard-wired fixed phone_023.jpg,hard-wired fixed phone_023.jpg,544619,c52ad3cdf4f867360fb8ba1bd22f1bead4fc59190465843c6eddbed5527b94b5
real_life,hard-wired fixed phone,Adaptiope/real_life/hard-wired fixed phone/hard-wired fixed phone_070.jpg,hard-wired fixed phone_070.jpg,342339,a7e1f3b009540d643480f9a38a5dca4c6aba96c47b3b535a8959ee66f1321c2f
real_life,hard-wired fixed phone,Adaptiope/real_life/hard-wired fixed phone/hard-wired fixed phone_073.jpg,hard-wired fixed phone_073.jpg,437851,e006befe95313270d3aaae09d3cbd1c2bf94cd5dbcba2fea788167944460e29f
real_life,hard-wired fixed phone,Adaptiope/real_life/hard-wired fixed phone/hard-wired fixed phone_056.jpg,hard-wired fixed phone_056.jpg,134985,94960399ee016184675ad271b22048e13904b9fe6db4a0b7089cc7bc3b11c011
real_life,hard-wired fixed phone,Adaptiope/real_life/hard-wired fixed phone/hard-wired fixed phone_065.jpg,hard-wired fixed phone_065.jpg,236819,7eaf6d897814527d39f1d4b7fc758776a3664e28b45f954e528aa5eabfc05a20
real_life,hard-wired fixed phone,Adaptiope/real_life/hard-wired fixed phone/hard-wired fixed phone_010.jpg,hard-wired fixed phone_010.jpg,297141,fe9f19d152a888e8ab59aef62a089aafe951ae97db6d03de0c4423f749dffe5b
real_life,hard-wired fixed phone,Adaptiope/real_life/hard-wired fixed phone/hard-wired fixed phone_002.jpg,hard-wired fixed phone_002.jpg,286502,4d29711ff3d10601074057b87364b7d037ef01494a755c9484b1163a6e825054
real_life,hard-wired fixed phone,Adaptiope/real_life/hard-wired fixed phone/hard-wired fixed phone_038.jpg,hard-wired fixed phone_038.jpg,54712,ff2103edb94b5f02173f22b6d5f2af45fd9f823cb2659da70c79a87307c7eae0
real_life,hard-wired fixed phone,Adaptiope/real_life/hard-wired fixed phone/hard-wired fixed phone_066.jpg,hard-wired fixed phone_066.jpg,190245,b939f919fd781abb7afd1fdc28b638eb169bcf173561ae91e13bdfd5cf3b1d80
real_life,hard-wired fixed phone,Adaptiope/real_life/hard-wired fixed phone/hard-wired fixed phone_068.jpg,hard-wired fixed phone_068.jpg,180078,7e560075745037385b8f0b6fd0b5c05a0ed72f097469ee33915841752ec1facf
real_life,hard-wired fixed phone,Adaptiope/real_life/hard-wired fixed phone/hard-wired fixed phone_017.jpg,hard-wired fixed phone_017.jpg,28416,6a1df990b9926d2b4ce72548082348752bfd9a10c1350c85b41e435cd80e4e46
real_life,hard-wired fixed phone,Adaptiope/real_life/hard-wired fixed phone/hard-wired fixed phone_093.jpg,hard-wired fixed phone_093.jpg,189550,aa75477f6a6e57c72152c8e4457e689f17d07ef97e6ff74a70c40f02d5e443ec
real_life,hard-wired fixed phone,Adaptiope/real_life/hard-wired fixed phone/hard-wired fixed phone_094.jpg,hard-wired fixed phone_094.jpg,198173,7a0a5ae27eb3aa4b805c4845f31f8655d2f6527df76eca5a988e4ae7404e0877
real_life,hard-wired fixed phone,Adaptiope/real_life/hard-wired fixed phone/hard-wired fixed phone_095.jpg,hard-wired fixed phone_095.jpg,278150,b1ad6de7a684e80f3d7f279f3a47c9c2f493435029ec48e6900e4515eee2cd1d
real_life,hard-wired fixed phone,Adaptiope/real_life/hard-wired fixed phone/hard-wired fixed phone_000.jpg,hard-wired fixed phone_000.jpg,312326,ccbf28064025f5fd4a315aa29ffc7cdf477374414c75ae402a566b8a9672664b
real_life,hard-wired fixed phone,Adaptiope/real_life/hard-wired fixed phone/hard-wired fixed phone_036.jpg,hard-wired fixed phone_036.jpg,89505,328433a71baca6381275918b79bcb0d92664c34b4209388434f3a5fa3e077d3f
real_life,hard-wired fixed phone,Adaptiope/real_life/hard-wired fixed phone/hard-wired fixed phone_039.jpg,hard-wired fixed phone_039.jpg,168128,9919fa37cf97c715dab89347ed563c7adda2d37f8510b86e8d90f16526f6d13b
real_life,hard-wired fixed phone,Adaptiope/real_life/hard-wired fixed phone/hard-wired fixed phone_058.jpg,hard-wired fixed phone_058.jpg,305577,3d49ba0172c194439d1f80dded6f601f12f363b0b5bc51dd77254cd1b78ac05a
real_life,hard-wired fixed phone,Adaptiope/real_life/hard-wired fixed phone/hard-wired fixed phone_086.jpg,hard-wired fixed phone_086.jpg,291284,e179f3bf1537e4c8f6ae389c2ed2717f455d5911d1b44ac142c5877033649459
real_life,hard-wired fixed phone,Adaptiope/real_life/hard-wired fixed phone/hard-wired fixed phone_031.jpg,hard-wired fixed phone_031.jpg,227061,b20ef5149cd67d6809bd0fa5a0c8008bc64351b648fcd83f59949e52673e0b89
real_life,hard-wired fixed phone,Adaptiope/real_life/hard-wired fixed phone/hard-wired fixed phone_080.jpg,hard-wired fixed phone_080.jpg,279858,e123695bb6e9a2fbfc742e650212ecd8a384e5c4a08394769d3f946389ef80c7
real_life,hard-wired fixed phone,Adaptiope/real_life/hard-wired fixed phone/hard-wired fixed phone_034.jpg,hard-wired fixed phone_034.jpg,268195,bc91896f1f5dcaffae455f4abd6999c2950d7faf5d4a38874c58f64764284821
real_life,hard-wired fixed phone,Adaptiope/real_life/hard-wired fixed phone/hard-wired fixed phone_053.jpg,hard-wired fixed phone_053.jpg,33226,f1aff138b0d2c9e848c31aa5134167a0a5de3569552971f4024e049b3e2f03c7
real_life,hard-wired fixed phone,Adaptiope/real_life/hard-wired fixed phone/hard-wired fixed phone_061.jpg,hard-wired fixed phone_061.jpg,175265,90c87e03e02ab2170feca6c922bd7eb3f5d6bee2cf0f5cc3e235c09eecf3466f
real_life,hard-wired fixed phone,Adaptiope/real_life/hard-wired fixed phone/hard-wired fixed phone_011.jpg,hard-wired fixed phone_011.jpg,199603,2a42e3a936cb1a3f9625c1a0fa98a97e00d28c1e7529f7cfe19f72d509b7abf4
real_life,hard-wired fixed phone,Adaptiope/real_life/hard-wired fixed phone/hard-wired fixed phone_054.jpg,hard-wired fixed phone_054.jpg,231597,bfe414754a0e784b5c74f6851b5f62512e3aa77ea765f2ae7ccfcd76ec1e1325
real_life,hard-wired fixed phone,Adaptiope/real_life/hard-wired fixed phone/hard-wired fixed phone_013.jpg,hard-wired fixed phone_013.jpg,181687,2d81befff8fb9300f4ab3af9d4ca46ebfb7c0f59d0245a6611a87074904dd992
real_life,hard-wired fixed phone,Adaptiope/real_life/hard-wired fixed phone/hard-wired fixed phone_083.jpg,hard-wired fixed phone_083.jpg,305979,285b893145d73a81614a6eb75fe2a1b8d4787bae87ad0d6cc9a037a404327aed
real_life,hard-wired fixed phone,Adaptiope/real_life/hard-wired fixed phone/hard-wired fixed phone_022.jpg,hard-wired fixed phone_022.jpg,344066,c2b7dfbe58adaaf95ce97f8d3b736b889c36c5ef8ffe19150742ce4867d2ca85
real_life,hard-wired fixed phone,Adaptiope/real_life/hard-wired fixed phone/hard-wired fixed phone_096.jpg,hard-wired fixed phone_096.jpg,308885,ce29481a5590768908277a9409a79e7af3415b00943a4d8c1bddea5fd74a97e1
real_life,hard-wired fixed phone,Adaptiope/real_life/hard-wired fixed phone/hard-wired fixed phone_062.jpg,hard-wired fixed phone_062.jpg,277219,262adc09ab7e36e74caa500beba333657434914a4ac23562f89e8e80622cc531
real_life,hard-wired fixed phone,Adaptiope/real_life/hard-wired fixed phone/hard-wired fixed phone_021.jpg,hard-wired fixed phone_021.jpg,212905,5c9519af341fb960ffc8f07024b12ddc0985d7ac0534008cb3ac8da01b37abb6
real_life,hard-wired fixed phone,Adaptiope/real_life/hard-wired fixed phone/hard-wired fixed phone_005.jpg,hard-wired fixed phone_005.jpg,276854,aa7668f0304e129a22934f98a5bafdedeb5754db18d9825be9321cd69369ee0a
real_life,hard-wired fixed phone,Adaptiope/real_life/hard-wired fixed phone/hard-wired fixed phone_055.jpg,hard-wired fixed phone_055.jpg,361518,77ee50174c7cac0f0dc5598a66d8af7978163eb0050d2efc2d6f4bc63c3b94cc
real_life,hard-wired fixed phone,Adaptiope/real_life/hard-wired fixed phone/hard-wired fixed phone_001.jpg,hard-wired fixed phone_001.jpg,368273,8ec44d5c74e6fbfb287a92c11b0f41280fb77591d6de8f8362d02b0df7721afc
real_life,hard-wired fixed phone,Adaptiope/real_life/hard-wired fixed phone/hard-wired fixed phone_081.jpg,hard-wired fixed phone_081.jpg,401010,1488a23851ef393a000669179088d29a6769a35d3b16650a14abb7d659601829
real_life,hard-wired fixed phone,Adaptiope/real_life/hard-wired fixed phone/hard-wired fixed phone_026.jpg,hard-wired fixed phone_026.jpg,316905,be99e094acca6b17dc04e06edea7efe62df90185127e6db920929559c38dded7
real_life,hard-wired fixed phone,Adaptiope/real_life/hard-wired fixed phone/hard-wired fixed phone_074.jpg,hard-wired fixed phone_074.jpg,475989,79b8fe3bcd3d8ecb2c3777b52a7980b98328b8453eef1b72ecea653d2f8a5325
real_life,hard-wired fixed phone,Adaptiope/real_life/hard-wired fixed phone/hard-wired fixed phone_069.jpg,hard-wired fixed phone_069.jpg,120617,14495cd2bd74a1abefa74687b583d2e859b7f42a8872057f5e03da67fc7351dc
real_life,hard-wired fixed phone,Adaptiope/real_life/hard-wired fixed phone/hard-wired fixed phone_060.jpg,hard-wired fixed phone_060.jpg,174895,124a444daa07abb8e7d30b8a7ad73e303364deb316ab0cdfffe1ad8350c6c0da
real_life,hard-wired fixed phone,Adaptiope/real_life/hard-wired fixed phone/hard-wired fixed phone_044.jpg,hard-wired fixed phone_044.jpg,254451,bfa5c060070381ed8677ec1dedf915f0effcae9e9fff553d02eb7cf0086b3730
real_life,hard-wired fixed phone,Adaptiope/real_life/hard-wired fixed phone/hard-wired fixed phone_091.jpg,hard-wired fixed phone_091.jpg,171968,4fbdeb8a38ac9e7497f98a45b7c4ccc9af216325f29300127a1f751f7a0dd35c
real_life,hard-wired fixed phone,Adaptiope/real_life/hard-wired fixed phone/hard-wired fixed phone_012.jpg,hard-wired fixed phone_012.jpg,193428,48a507f063c6eeae4657959abcee6daee30bff7d0a807742348f6f2658a07f04
real_life,hard-wired fixed phone,Adaptiope/real_life/hard-wired fixed phone/hard-wired fixed phone_098.jpg,hard-wired fixed phone_098.jpg,151179,69383fb32a462b076009114e3fc73b4a4994c2851c0b68467419548cf2f3ecea
real_life,hard-wired fixed phone,Adaptiope/real_life/hard-wired fixed phone/hard-wired fixed phone_045.jpg,hard-wired fixed phone_045.jpg,385463,0da543418dfda4bce6538a09031592ebf2a5da9e980550f776eec36c19181a2e
real_life,hard-wired fixed phone,Adaptiope/real_life/hard-wired fixed phone/hard-wired fixed phone_037.jpg,hard-wired fixed phone_037.jpg,139185,f573a12bb396fc003cbd029ac5a2e1e84ca2b68dfc107e594e5647e49462e29c
real_life,hard-wired fixed phone,Adaptiope/real_life/hard-wired fixed phone/hard-wired fixed phone_033.jpg,hard-wired fixed phone_033.jpg,337750,79715dad3e40cd4ea45fa341f799cb881e54eea66ef4d9e1444417e67debe587
real_life,hard-wired fixed phone,Adaptiope/real_life/hard-wired fixed phone/hard-wired fixed phone_040.jpg,hard-wired fixed phone_040.jpg,148720,4703ed82c025bc200dbcdecbd2bcd3f7d403eec54429666bec3353cc92d9e987
real_life,hard-wired fixed phone,Adaptiope/real_life/hard-wired fixed phone/hard-wired fixed phone_024.jpg,hard-wired fixed phone_024.jpg,587313,671577d96a703949f3c3fe8aecd7845cdeae7c2b0657052e61db541f81457f59
real_life,hard-wired fixed phone,Adaptiope/real_life/hard-wired fixed phone/hard-wired fixed phone_032.jpg,hard-wired fixed phone_032.jpg,87066,90e9323f512a39640303818259c8f2c1467beeb1c163b49a0c8217d8307e985a
real_life,hard-wired fixed phone,Adaptiope/real_life/hard-wired fixed phone/hard-wired fixed phone_015.jpg,hard-wired fixed phone_015.jpg,53562,f51cb718779b975ae72afd55dd59db4372e82bead5c4cde78f139179ed089e42
real_life,hard-wired fixed phone,Adaptiope/real_life/hard-wired fixed phone/hard-wired fixed phone_041.jpg,hard-wired fixed phone_041.jpg,171696,2109b18ccfd2d30a8f6ce00a1b1c6a8e39507e297e297c065ff1ed8b4f7d476f
real_life,hard-wired fixed phone,Adaptiope/real_life/hard-wired fixed phone/hard-wired fixed phone_028.jpg,hard-wired fixed phone_028.jpg,206322,1575fe8bf5718e54ebcf9baa97ffb5f88f73bb54cdc425c6be8adb4d598664fe
real_life,hard-wired fixed phone,Adaptiope/real_life/hard-wired fixed phone/hard-wired fixed phone_007.jpg,hard-wired fixed phone_007.jpg,186931,d87e68fcdc0c0266d0da9b9261a8a9783a0e896fc55f497f6777f1365f408266
real_life,hard-wired fixed phone,Adaptiope/real_life/hard-wired fixed phone/hard-wired fixed phone_076.jpg,hard-wired fixed phone_076.jpg,453900,8cc8b9713692527f0e645c1a5a6fab0e89917315bf816cb9af9ad27f3202c66d
real_life,hard-wired fixed phone,Adaptiope/real_life/hard-wired fixed phone/hard-wired fixed phone_075.jpg,hard-wired fixed phone_075.jpg,63039,f4331d701bcef2995b5bbe299289722f516f500fe464f165f1f08050d2c2e817
real_life,hard-wired fixed phone,Adaptiope/real_life/hard-wired fixed phone/hard-wired fixed phone_046.jpg,hard-wired fixed phone_046.jpg,247111,f619c849e53cb17c72f891b6b840a3f08d543cafd95d4a22b6096ff6c0ac30a7
real_life,hard-wired fixed phone,Adaptiope/real_life/hard-wired fixed phone/hard-wired fixed phone_019.jpg,hard-wired fixed phone_019.jpg,281741,030ac33e3c8e7b811e9577ae72d3348956df64ecf3773221b186fe2ac8bf5b8c
real_life,hard-wired fixed phone,Adaptiope/real_life/hard-wired fixed phone/hard-wired fixed phone_082.jpg,hard-wired fixed phone_082.jpg,478123,9289a3ca896952a99848dc29b045f74bc62fd4021f9f0955635fcfddd64499bc
real_life,hard-wired fixed phone,Adaptiope/real_life/hard-wired fixed phone/hard-wired fixed phone_099.jpg,hard-wired fixed phone_099.jpg,189813,b62871d4be73a7a0d8387b10718ec95a0cdc617b6035c634a3df077569255a5e
real_life,hard-wired fixed phone,Adaptiope/real_life/hard-wired fixed phone/hard-wired fixed phone_030.jpg,hard-wired fixed phone_030.jpg,350159,8ca35f4be01d25b7132d9f1f953fea63b0575d49b61aa94e47fd22582f68b51e
real_life,hard-wired fixed phone,Adaptiope/real_life/hard-wired fixed phone/hard-wired fixed phone_067.jpg,hard-wired fixed phone_067.jpg,261304,50b7ee26de5395307892c96a377a45a19cec20d2c38fea93d001f8084a341d5a
real_life,hard-wired fixed phone,Adaptiope/real_life/hard-wired fixed phone/hard-wired fixed phone_027.jpg,hard-wired fixed phone_027.jpg,161357,cc25f4e7e0996b01c56a2cf3916d1559a8a576ce326c76c53bb411b362165868
real_life,hard-wired fixed phone,Adaptiope/real_life/hard-wired fixed phone/hard-wired fixed phone_059.jpg,hard-wired fixed phone_059.jpg,257007,bf002e375ece8882337db37f342e3337b45c649cf4b98f29554e98b97db5b4d0
real_life,hard-wired fixed phone,Adaptiope/real_life/hard-wired fixed phone/hard-wired fixed phone_048.jpg,hard-wired fixed phone_048.jpg,202070,5c264d9072eda5acedd31a79ca47cdd231028f715e0410eb6828691273929286
real_life,hard-wired fixed phone,Adaptiope/real_life/hard-wired fixed phone/hard-wired fixed phone_092.jpg,hard-wired fixed phone_092.jpg,201998,3db1ab81162ecbd16503896c93f4fd60be470a2d1649caadeb9d02ea520ea3bf
real_life,hard-wired fixed phone,Adaptiope/real_life/hard-wired fixed phone/hard-wired fixed phone_052.jpg,hard-wired fixed phone_052.jpg,296037,fcf13afa5291cfa9120f9477fb9c30a92db62b7e3749b4c4e4675c1e92ffd7dd
real_life,hard-wired fixed phone,Adaptiope/real_life/hard-wired fixed phone/hard-wired fixed phone_063.jpg,hard-wired fixed phone_063.jpg,72004,1a5367f581ed31aa46a99e6f367ee473b2abbd2ff17eb635746f607327019896
real_life,hard-wired fixed phone,Adaptiope/real_life/hard-wired fixed phone/hard-wired fixed phone_097.jpg,hard-wired fixed phone_097.jpg,167919,5e730f2303d2ac75002bc8b70ba2de30d3db305bf0745363214a32c24b44ef93
real_life,hard-wired fixed phone,Adaptiope/real_life/hard-wired fixed phone/hard-wired fixed phone_050.jpg,hard-wired fixed phone_050.jpg,306973,280b2cb36c5c051cb258c3b4ca993f75d4c3872120ae622c3e7b59e4f34288fd
real_life,hard-wired fixed phone,Adaptiope/real_life/hard-wired fixed phone/hard-wired fixed phone_072.jpg,hard-wired fixed phone_072.jpg,22894,9525f62eb9f916f0cdbc17cf96e37714e52497e9a8797a8919b58026c12ca9d5
real_life,hard-wired fixed phone,Adaptiope/real_life/hard-wired fixed phone/hard-wired fixed phone_078.jpg,hard-wired fixed phone_078.jpg,187482,dfe1f883adb6bfb96bc410c6ea6044c4a6191d8e7f7657182bfa01d79cf6d3aa
real_life,hard-wired fixed phone,Adaptiope/real_life/hard-wired fixed phone/hard-wired fixed phone_047.jpg,hard-wired fixed phone_047.jpg,124670,1ad56db06c16251160b456ca93c5a8c980fca7de13a8e0f5116ff82ef8ec3826
real_life,hard-wired fixed phone,Adaptiope/real_life/hard-wired fixed phone/hard-wired fixed phone_090.jpg,hard-wired fixed phone_090.jpg,166449,fd4fcf7601584f38088b40ccc172d5665a02dcaadae4011945da928aa29ec6a6
real_life,hard-wired fixed phone,Adaptiope/real_life/hard-wired fixed phone/hard-wired fixed phone_084.jpg,hard-wired fixed phone_084.jpg,370659,d4c43ec096c418d84f366b86b96ee3e04a459ff9ef2d2f2165a0aaf624f25f31
real_life,hard-wired fixed phone,Adaptiope/real_life/hard-wired fixed phone/hard-wired fixed phone_003.jpg,hard-wired fixed phone_003.jpg,392705,f2efa618ab6d291b1d86a4614e506427ddfc83b9dbabff247d9083325a1474a3
real_life,hard-wired fixed phone,Adaptiope/real_life/hard-wired fixed phone/hard-wired fixed phone_009.jpg,hard-wired fixed phone_009.jpg,328664,0613bf10190a07f0afe0dac8f0c6418b592c2714fd9cebaf9b388278da2078f2
real_life,hard-wired fixed phone,Adaptiope/real_life/hard-wired fixed phone/hard-wired fixed phone_089.jpg,hard-wired fixed phone_089.jpg,402560,378ffaa1a6c60ff3fdd27345d389dd66e8a308ecc4d35b958382678bc893e44e
real_life,hard-wired fixed phone,Adaptiope/real_life/hard-wired fixed phone/hard-wired fixed phone_029.jpg,hard-wired fixed phone_029.jpg,303671,c18453c7f7ac1134de3d0dec9c7b120059362ef2c397b2eded3108d0cb57bfe3
real_life,hard-wired fixed phone,Adaptiope/real_life/hard-wired fixed phone/hard-wired fixed phone_014.jpg,hard-wired fixed phone_014.jpg,61282,f9d20320b2055c985c0f5800bb108c23f222f46b5443c05cde3b61c08d711a14
real_life,hard-wired fixed phone,Adaptiope/real_life/hard-wired fixed phone/hard-wired fixed phone_049.jpg,hard-wired fixed phone_049.jpg,217913,e74fb18c36ef12bb2457f06a97feb514d4a3ef3616654221d099a503982bf68d
real_life,hard-wired fixed phone,Adaptiope/real_life/hard-wired fixed phone/hard-wired fixed phone_079.jpg,hard-wired fixed phone_079.jpg,372813,b501113d886ab1cfaca80ec3b92c8d97d1a8e8fda0c9e58c6676416048d36dd6
real_life,hard-wired fixed phone,Adaptiope/real_life/hard-wired fixed phone/hard-wired fixed phone_042.jpg,hard-wired fixed phone_042.jpg,116335,202f5442f987c7d211e688a8730da6bce646a2b3784f6d09380a4b0da7325e71
real_life,hard-wired fixed phone,Adaptiope/real_life/hard-wired fixed phone/hard-wired fixed phone_035.jpg,hard-wired fixed phone_035.jpg,356447,8a14d58c889ad97ea59145ca3e73ce60ddf7b342bb5eb44524e5d1795bb39909
real_life,hard-wired fixed phone,Adaptiope/real_life/hard-wired fixed phone/hard-wired fixed phone_025.jpg,hard-wired fixed phone_025.jpg,288816,4ec73dfa520d083c1fefaf9693366289a2174a07c276bf1a72be4c77c8e4afe7
real_life,hard-wired fixed phone,Adaptiope/real_life/hard-wired fixed phone/hard-wired fixed phone_051.jpg,hard-wired fixed phone_051.jpg,366966,3053f880b0bc3043acfdc54b33d0e1a53075cfdc02f0c3e6a1e778eb85234b11
real_life,hard-wired fixed phone,Adaptiope/real_life/hard-wired fixed phone/hard-wired fixed phone_087.jpg,hard-wired fixed phone_087.jpg,197638,6714ae8ccb46cb63c2cd0d0abca61e1cfe12380d12cf3330a533928bb36ac63b
real_life,hard-wired fixed phone,Adaptiope/real_life/hard-wired fixed phone/hard-wired fixed phone_018.jpg,hard-wired fixed phone_018.jpg,192901,65e72fd01acca6a878de9c963afad0556f2b30eac436abd26ab8d4f70092f44b
real_life,hard-wired fixed phone,Adaptiope/real_life/hard-wired fixed phone/hard-wired fixed phone_071.jpg,hard-wired fixed phone_071.jpg,268314,a8c65dc106138fd82b9e63ee062d05b6dbe9bc4bda5937804667fbf9c67bd8cd
real_life,hard-wired fixed phone,Adaptiope/real_life/hard-wired fixed phone/hard-wired fixed phone_006.jpg,hard-wired fixed phone_006.jpg,158895,7ac52acf219bcb717f0c77d06c6024301e17dbd62bfc4aa99e4df7c9feafead1
real_life,hard-wired fixed phone,Adaptiope/real_life/hard-wired fixed phone/hard-wired fixed phone_077.jpg,hard-wired fixed phone_077.jpg,269240,6afad95858beeb8d56ff035f16661d51faa6f673906a7ac381ce1001f5333314
real_life,hard-wired fixed phone,Adaptiope/real_life/hard-wired fixed phone/hard-wired fixed phone_085.jpg,hard-wired fixed phone_085.jpg,226269,28e6e4cd6fca460d0727acf10d2eec9914d44e3211b660d262a63a30803c9d03
real_life,hard-wired fixed phone,Adaptiope/real_life/hard-wired fixed phone/hard-wired fixed phone_004.jpg,hard-wired fixed phone_004.jpg,252195,c14beea7d1f3f3cf908a930a3eaf80ae4c1110c9d366709dd929b7092ba094e4
real_life,hard-wired fixed phone,Adaptiope/real_life/hard-wired fixed phone/hard-wired fixed phone_064.jpg,hard-wired fixed phone_064.jpg,232270,25c637c18102bd7be6dccd0bd011550ceb5c6518171dad5987a60b50423422fe
real_life,hard-wired fixed phone,Adaptiope/real_life/hard-wired fixed phone/hard-wired fixed phone_043.jpg,hard-wired fixed phone_043.jpg,235301,9fb80b819558baa5e3bff0c7a1e9cd51fd6a2f098c79dcdd4df5b75d29e0e2c2
real_life,hard-wired fixed phone,Adaptiope/real_life/hard-wired fixed phone/hard-wired fixed phone_088.jpg,hard-wired fixed phone_088.jpg,265311,e417ae9c61896d9a3bb54b4ad48ead1b38590c9b9c393cdead265e60662304ba
real_life,hard-wired fixed phone,Adaptiope/real_life/hard-wired fixed phone/hard-wired fixed phone_057.jpg,hard-wired fixed phone_057.jpg,271668,271d03fc6f375c5765168e2be28a0d8afd6f750e4d20e957dc2245a043078b1e
real_life,hard-wired fixed phone,Adaptiope/real_life/hard-wired fixed phone/hard-wired fixed phone_020.jpg,hard-wired fixed phone_020.jpg,277753,80d732600ae77c2196dce0285a0f1278610a3f0b55149f82e4a9b24a8bc75fc5
real_life,computer mouse,Adaptiope/real_life/computer mouse/computer mouse_062.jpg,computer mouse_062.jpg,79766,cf96e95509c48553a68dd474185b8f0b9f6c63c31e8dc76d3acbdb288731cdbf
real_life,computer mouse,Adaptiope/real_life/computer mouse/computer mouse_074.jpg,computer mouse_074.jpg,103032,4b3b56d4915a2af186a1ecf48da0cc7cf47f48af2d1c20940f2921b3f91d373e
real_life,computer mouse,Adaptiope/real_life/computer mouse/computer mouse_094.jpg,computer mouse_094.jpg,77380,073183e80e40c64e3ae22f4385b68ec500fcd67ba0c7a01bdd8534a27b43c30c
real_life,computer mouse,Adaptiope/real_life/computer mouse/computer mouse_084.jpg,computer mouse_084.jpg,157841,3ba64ab610f9b495a946c556143d32d2b6854e459dc781a3363eb9df6bc60447
real_life,computer mouse,Adaptiope/real_life/computer mouse/computer mouse_020.jpg,computer mouse_020.jpg,87139,e6a1bdb82ec05c58aeecb063e3e2885f047899fa833bfb5ebad88d43af34587d
real_life,computer mouse,Adaptiope/real_life/computer mouse/computer mouse_019.jpg,computer mouse_019.jpg,220663,98ddf2b54c87b4f7ce1dc1eefd9f65d7cbd4ae53828c1b360be99a891d4dad89
real_life,computer mouse,Adaptiope/real_life/computer mouse/computer mouse_004.jpg,computer mouse_004.jpg,87799,0bf8a342bcc86e969156ebcc3dfe13d891ec7653f3ea73cc308ec543111e3fe1
real_life,computer mouse,Adaptiope/real_life/computer mouse/computer mouse_057.jpg,computer mouse_057.jpg,471367,de20020726f12c316109e8c1c5d8cfc06c5046c9834d76a93a24809001efd588
real_life,computer mouse,Adaptiope/real_life/computer mouse/computer mouse_072.jpg,computer mouse_072.jpg,163663,f17225b5fff8d87ad627f95082a849c40cf644a1f4935a630962e66e6ee178db
real_life,computer mouse,Adaptiope/real_life/computer mouse/computer mouse_085.jpg,computer mouse_085.jpg,166600,46ddec6fc344e211fcc4a677934da157e17ad6c9930bc3e75aaa8468d7444428
real_life,computer mouse,Adaptiope/real_life/computer mouse/computer mouse_021.jpg,computer mouse_021.jpg,416012,cfe1589995f6fc5eb3b6e700b04e3f2f2c6935a65bbebcc3b14fac0285df6a00
real_life,computer mouse,Adaptiope/real_life/computer mouse/computer mouse_041.jpg,computer mouse_041.jpg,375176,014dfda2cf7d6b63c836c7e6d5459156b8932d0026da3e31ff5a6836a9951034
real_life,computer mouse,Adaptiope/real_life/computer mouse/computer mouse_007.jpg,computer mouse_007.jpg,258219,e0cdd404469dc7df12a346545b6690e7c4283a8a419464ca6c8fc9c9e0bd21e7
real_life,computer mouse,Adaptiope/real_life/computer mouse/computer mouse_047.jpg,computer mouse_047.jpg,133606,dc438d9817f3e0e6d5c4e345e19b926b41924057e59eb3c053ecc75785694a49
real_life,computer mouse,Adaptiope/real_life/computer mouse/computer mouse_032.jpg,computer mouse_032.jpg,96885,441505ac5ef342f53aa59e0e525d49544aa46837e885a6b31e9f723718dfb3ce
real_life,computer mouse,Adaptiope/real_life/computer mouse/computer mouse_069.jpg,computer mouse_069.jpg,149349,566a94c0230ff4e36be3b9367e271b361ec6592380f0f666f2fe21cf91da0932
real_life,computer mouse,Adaptiope/real_life/computer mouse/computer mouse_028.jpg,computer mouse_028.jpg,180396,ebb28772d949ed69ebb43d713323c021164c049d11bc9351937a43e2b1caebc0
real_life,computer mouse,Adaptiope/real_life/computer mouse/computer mouse_060.jpg,computer mouse_060.jpg,61106,4934802d6957381aa3858f51c0797cfdf5c6aa11a6556567ed60abdace8fb7d2
real_life,computer mouse,Adaptiope/real_life/computer mouse/computer mouse_063.jpg,computer mouse_063.jpg,21735,4c87acb538b5341f7de277a6a68c00ce9b497cf99720d733ffdbbbd309eb3b4d
real_life,computer mouse,Adaptiope/real_life/computer mouse/computer mouse_066.jpg,computer mouse_066.jpg,206171,364bf9bd488911d96312b80871244187295e3a5ea75d635f22eeb79ec54dd8f0
real_life,computer mouse,Adaptiope/real_life/computer mouse/computer mouse_067.jpg,computer mouse_067.jpg,77345,70eb7ab643b542c11fe8bedf3c9ea49c9a291341e4bb8779911d2c14e7d03ea6
real_life,computer mouse,Adaptiope/real_life/computer mouse/computer mouse_064.jpg,computer mouse_064.jpg,77973,ec962536066486820537548b6e48283192e7fcd6d77f8165c259a15b1b006c62
real_life,computer mouse,Adaptiope/real_life/computer mouse/computer mouse_089.jpg,computer mouse_089.jpg,102786,af9b9f5d87598b9771fb65cadf5220188d45f852f32a48a8b44b4cc975658e3e
real_life,computer mouse,Adaptiope/real_life/computer mouse/computer mouse_023.jpg,computer mouse_023.jpg,193770,c5df2b31e992c9ffb29abc8ec5ba95fd3f2e5daa8f2232c1e3b20b90711c385c
real_life,computer mouse,Adaptiope/real_life/computer mouse/computer mouse_043.jpg,computer mouse_043.jpg,115981,d18679a3ee0e3e57148a1b5258fee67efa4515d8606cf0d59c79fe9fd7edc45a
real_life,computer mouse,Adaptiope/real_life/computer mouse/computer mouse_055.jpg,computer mouse_055.jpg,94003,b00d62b9718a787e87fe7d71d9c6ced761e39f9dc7afbad4dccd03077e02364a
real_life,computer mouse,Adaptiope/real_life/computer mouse/computer mouse_035.jpg,computer mouse_035.jpg,22073,637055f9ed3064feaed25b2b0d1982c8a38ebbeaa35e2cc03e2c70e0f9668de2
real_life,computer mouse,Adaptiope/real_life/computer mouse/computer mouse_079.jpg,computer mouse_079.jpg,107057,b45096b1dc58f97a8110cffe09dee950ce3d96ba87cfac5602cdeffed48a423a
real_life,computer mouse,Adaptiope/real_life/computer mouse/computer mouse_033.jpg,computer mouse_033.jpg,119134,0e7720df179a36a89ccd7f31ada19fa967cd78ff2aed2dd5905989e997298dfd
real_life,computer mouse,Adaptiope/real_life/computer mouse/computer mouse_025.jpg,computer mouse_025.jpg,69332,9e09183ef0c6242da91b265ad780ae038a7943da18265e14974a38f47145a9da
real_life,computer mouse,Adaptiope/real_life/computer mouse/computer mouse_053.jpg,computer mouse_053.jpg,234932,48c1148b08372befc30198b543edf8191acdd25d532d057e51a05173f354ee44
real_life,computer mouse,Adaptiope/real_life/computer mouse/computer mouse_052.jpg,computer mouse_052.jpg,327807,f6219a952081501c3012459269702a4599e7279234896351fd183de58870c324
real_life,computer mouse,Adaptiope/real_life/computer mouse/computer mouse_058.jpg,computer mouse_058.jpg,212235,76237b9699ec3377d3babdb31673ce3e5b98433d40171f943081e34135c7d9b2
real_life,computer mouse,Adaptiope/real_life/computer mouse/computer mouse_097.jpg,computer mouse_097.jpg,17895,a39b12202c318b8a1981bdbde50601638d0ab84bd9325becb385e57060f44fba
real_life,computer mouse,Adaptiope/real_life/computer mouse/computer mouse_003.jpg,computer mouse_003.jpg,226064,d891c3a9318b4e18450d35ce3f88e57da0c4cf9215a50d1e3d2b932081294a93
real_life,computer mouse,Adaptiope/real_life/computer mouse/computer mouse_077.jpg,computer mouse_077.jpg,94994,c513c1bb419c4732c4a33ebe55e9c5545ecd9febdef6bc69644be8b81774ba8c
real_life,computer mouse,Adaptiope/real_life/computer mouse/computer mouse_011.jpg,computer mouse_011.jpg,240630,3dc3b9c0f629039cf42b5cb31034cf876048a1ae07507cbab07c758c49e75b78
real_life,computer mouse,Adaptiope/real_life/computer mouse/computer mouse_022.jpg,computer mouse_022.jpg,124830,e2fba623a253edc6f8a6798b8be1acd2ca454f6e0b08245330b852bb9e1bef80
real_life,computer mouse,Adaptiope/real_life/computer mouse/computer mouse_012.jpg,computer mouse_012.jpg,96455,5e5831849a247744b35b295025ca7747e3b568746c6e59959fa4ff3e26764e6c
real_life,computer mouse,Adaptiope/real_life/computer mouse/computer mouse_034.jpg,computer mouse_034.jpg,56884,8e71983a824144872eff9b2e472311e305b94b2f65afbb2599fd83edec6762a8
real_life,computer mouse,Adaptiope/real_life/computer mouse/computer mouse_010.jpg,computer mouse_010.jpg,122988,a91aa3325af44a5b9222bebb7c1a6fe79532e3de41678abd764799e5a1887099
real_life,computer mouse,Adaptiope/real_life/computer mouse/computer mouse_083.jpg,computer mouse_083.jpg,154984,4c05494ee5c850d741cae939de27e503a3c4ea8f3307cb7be134fa1530b3b701
real_life,computer mouse,Adaptiope/real_life/computer mouse/computer mouse_014.jpg,computer mouse_014.jpg,169530,0728a74dfcd87122117f3ffd0a09f2024de301e2ef3e408106a8baa08d5c5415
real_life,computer mouse,Adaptiope/real_life/computer mouse/computer mouse_073.jpg,computer mouse_073.jpg,68778,79581de617b7a6ad8ec79a636c86b1e5cf7c61bdbc69e3c7488c96d9d20b56eb
real_life,computer mouse,Adaptiope/real_life/computer mouse/computer mouse_008.jpg,computer mouse_008.jpg,115380,9d218b92384b87ced84224063f411ba23ddfed3e1aa557ee320022fe739097d1
real_life,computer mouse,Adaptiope/real_life/computer mouse/computer mouse_005.jpg,computer mouse_005.jpg,114947,dcae22dc57ae2494420b651f31ebb906d86d1472b8fecca556006fc6d80e569f
real_life,computer mouse,Adaptiope/real_life/computer mouse/computer mouse_049.jpg,computer mouse_049.jpg,144162,329be57dcfaf42de7c22a4a26dbe2bfd1b8f28f2723cc8e4979d330d4d773644
real_life,computer mouse,Adaptiope/real_life/computer mouse/computer mouse_048.jpg,computer mouse_048.jpg,336312,8304b0503ed05b51e475ce6b99006b5b135296340883259f1d78a8c776ec1c61
real_life,computer mouse,Adaptiope/real_life/computer mouse/computer mouse_091.jpg,computer mouse_091.jpg,151290,aa692c5c9c6e1cf911d09068efb943921492c34c84b49a3808b84b6ad3248a6e
real_life,computer mouse,Adaptiope/real_life/computer mouse/computer mouse_065.jpg,computer mouse_065.jpg,79721,bacae1d379cc232827f8a1cf9ffccb9375070eed6ea76e616f075d5abac159c9
real_life,computer mouse,Adaptiope/real_life/computer mouse/computer mouse_093.jpg,computer mouse_093.jpg,146135,40c96b5cab1d6b6f292af47a160ac09d6acda0cd156999acf55d566bb0dc936e
real_life,computer mouse,Adaptiope/real_life/computer mouse/computer mouse_029.jpg,computer mouse_029.jpg,355992,a24a79bc5eb7f2ae3b3d2cee07bb0084190756fd6ce547c80803b637afb7e0a3
real_life,computer mouse,Adaptiope/real_life/computer mouse/computer mouse_096.jpg,computer mouse_096.jpg,272197,59baa6d35b60d9013e08a966324d04d6de8db9f546daf991e40a6e61fb759481
real_life,computer mouse,Adaptiope/real_life/computer mouse/computer mouse_013.jpg,computer mouse_013.jpg,97178,576b5c65d36a362c6a433ea3c5e18bcc651f4c8d6f949fa650727987fe0cad18
real_life,computer mouse,Adaptiope/real_life/computer mouse/computer mouse_076.jpg,computer mouse_076.jpg,168730,23e0099fb45cf12878335a6b069f991b03dc59064b9bc9e93a41140847036bb2
real_life,computer mouse,Adaptiope/real_life/computer mouse/computer mouse_046.jpg,computer mouse_046.jpg,170076,ce4409aa403e3f173030a35b6f7bb90f7d9cf4c83c195928c588d77f5ab65e43
real_life,computer mouse,Adaptiope/real_life/computer mouse/computer mouse_099.jpg,computer mouse_099.jpg,51585,502cacf1f2872d21413f83a07075e29b23726ccba7102cf38c1fe4cae7f77bae
real_life,computer mouse,Adaptiope/real_life/computer mouse/computer mouse_068.jpg,computer mouse_068.jpg,52649,4ff877a63a5f46cf67c9f4e54dc13db486301b055131d17682b43b5f0b6c0224
real_life,computer mouse,Adaptiope/real_life/computer mouse/computer mouse_088.jpg,computer mouse_088.jpg,231792,3c7e2dcdce43c77759bd350cf6941bb83350e36c23c5f14923af0cdc4575d8b7
real_life,computer mouse,Adaptiope/real_life/computer mouse/computer mouse_051.jpg,computer mouse_051.jpg,217697,629de5630f87566f7367f3e835012402a019273b61bc900854fa0bddc5a3eb16
real_life,computer mouse,Adaptiope/real_life/computer mouse/computer mouse_024.jpg,computer mouse_024.jpg,201010,9781f0de437c38ad545b2a44d51022fb6e163b5e8d50df9abf7e5d2bff3e6473
real_life,computer mouse,Adaptiope/real_life/computer mouse/computer mouse_045.jpg,computer mouse_045.jpg,104123,9a06f127f62f62f87f6c22c613ee7374395169e11c4b2bdc49ad388b172d83e2
real_life,computer mouse,Adaptiope/real_life/computer mouse/computer mouse_059.jpg,computer mouse_059.jpg,120023,11f41a6abc745ca342332ba785dfe568d0ab0a05ae9e30d8197a5e5eb4d88f02
real_life,computer mouse,Adaptiope/real_life/computer mouse/computer mouse_002.jpg,computer mouse_002.jpg,62035,7774559088b7a3b98dd4c4f3b90e37bd43aec11b8fb39788d4d732f6f1fb543e
real_life,computer mouse,Adaptiope/real_life/computer mouse/computer mouse_080.jpg,computer mouse_080.jpg,205749,60a8fec01f482718ad423360f7fd159069f4445dbb8b9705a23a22b10b615f8c
real_life,computer mouse,Adaptiope/real_life/computer mouse/computer mouse_039.jpg,computer mouse_039.jpg,93176,5a949c47f4f782e5e01b6c17a2832d5ede6728352b6e70a80ae6ce44fd2a4cb0
real_life,computer mouse,Adaptiope/real_life/computer mouse/computer mouse_017.jpg,computer mouse_017.jpg,262201,85b5cb74115e650a5652d0c248eec36b943e481e2b8bbbff73534d73511228e7
real_life,computer mouse,Adaptiope/real_life/computer mouse/computer mouse_000.jpg,computer mouse_000.jpg,153096,0cee724a4498d6b084f898f4af4870f1677f13b33368ff76f124a1c26f92b506
real_life,computer mouse,Adaptiope/real_life/computer mouse/computer mouse_087.jpg,computer mouse_087.jpg,149554,e39aef94641772e7f07166457966813cea224817a43cf84286a31b092af1a3be
real_life,computer mouse,Adaptiope/real_life/computer mouse/computer mouse_050.jpg,computer mouse_050.jpg,193653,668f19b2170422a03af69e93cfe66d6e90c061a3fa73832e71c56f2135f7128a
real_life,computer mouse,Adaptiope/real_life/computer mouse/computer mouse_040.jpg,computer mouse_040.jpg,378976,dc0fdbbdcfef74d0495e2045795032fd29a79a206b4112406cf79841d7f5655a
real_life,computer mouse,Adaptiope/real_life/computer mouse/computer mouse_016.jpg,computer mouse_016.jpg,194884,6966da19d8700653aa4d8d3e0297b776c03755856cc876e2d16c97ff7b34a0ab
real_life,computer mouse,Adaptiope/real_life/computer mouse/computer mouse_027.jpg,computer mouse_027.jpg,350260,a1f311e46f10f2f6defe887427017ca6d712bf9cb555813ec452bd7abb07055f
real_life,computer mouse,Adaptiope/real_life/computer mouse/computer mouse_026.jpg,computer mouse_026.jpg,203630,e9f74f58d9fe153dad693745cd038f5d9ed4a703131752895fc4174f714fbed8
real_life,computer mouse,Adaptiope/real_life/computer mouse/computer mouse_095.jpg,computer mouse_095.jpg,226285,5b284175bdee57499510a15b9a0d35b42d07bdecf2fa59bc07e5148ebf8d538f
real_life,computer mouse,Adaptiope/real_life/computer mouse/computer mouse_078.jpg,computer mouse_078.jpg,186455,2485905736da30f79013f4bd4f4cf3bca003092f132885807fe5ed365f4f7ee3
real_life,computer mouse,Adaptiope/real_life/computer mouse/computer mouse_086.jpg,computer mouse_086.jpg,64704,4710cdd1070fbb6bce7bc552932d865504fb49c059ef1b778d8ef79c2f9dd516
real_life,computer mouse,Adaptiope/real_life/computer mouse/computer mouse_018.jpg,computer mouse_018.jpg,146925,90caff8d3e66b256c06aa4faa5934172639682de57fafc9b6c02deeef6235905
real_life,computer mouse,Adaptiope/real_life/computer mouse/computer mouse_006.jpg,computer mouse_006.jpg,385265,3b7031fd6fd57c3327399c4a51b98cb339bd284c8262958296547df83b30a2a9
real_life,computer mouse,Adaptiope/real_life/computer mouse/computer mouse_082.jpg,computer mouse_082.jpg,77582,4bfbd7537818b3c41da3c85867e32a0b63b1a04160e401cf886a2d76c76d6a09
real_life,computer mouse,Adaptiope/real_life/computer mouse/computer mouse_038.jpg,computer mouse_038.jpg,258304,ac60d3d870aa10e6a00f83275f368a9d8b36e489cbf0a468af794a21aa888346
real_life,computer mouse,Adaptiope/real_life/computer mouse/computer mouse_001.jpg,computer mouse_001.jpg,137951,7a8bb2d50972a786306e1b6babfca704be57d9eaec36ab7b22fd7d90051c325b
real_life,computer mouse,Adaptiope/real_life/computer mouse/computer mouse_036.jpg,computer mouse_036.jpg,226575,0e28b8941483addaef1afddd03aa8e6c59ae413a1633856fc85a3b9e84faa652
real_life,computer mouse,Adaptiope/real_life/computer mouse/computer mouse_092.jpg,computer mouse_092.jpg,84223,76fc19bf7b650528b1a29384c4fbadf6b953e2ce56365584cd9d36d9af9bfd96
real_life,computer mouse,Adaptiope/real_life/computer mouse/computer mouse_090.jpg,computer mouse_090.jpg,68257,2aaf093014bd2504a5ccc9b54a72da5b4a79c036aad7080f6c873f1e349ba9f5
real_life,computer mouse,Adaptiope/real_life/computer mouse/computer mouse_015.jpg,computer mouse_015.jpg,97518,efc74d350a4efe966d974fc4ed70a51f73cd4813a968a7cfdb2b446a87b08b48
real_life,computer mouse,Adaptiope/real_life/computer mouse/computer mouse_075.jpg,computer mouse_075.jpg,126517,358c7be572a54563c89f8efcff24e5a442e7fc64507ddd225aae940422421150
real_life,computer mouse,Adaptiope/real_life/computer mouse/computer mouse_071.jpg,computer mouse_071.jpg,65046,f8e076c30b2da1b967b350a68aa5533bad7e210b2fa772823187ea2a5f48f19a
real_life,computer mouse,Adaptiope/real_life/computer mouse/computer mouse_056.jpg,computer mouse_056.jpg,172778,f359741b9e8049d280d8f49f3d43eb193fd8c03fc7c4aefc43103d53e6758e80
real_life,computer mouse,Adaptiope/real_life/computer mouse/computer mouse_037.jpg,computer mouse_037.jpg,561193,994fb2bb1acbc1dbfaa46583402abb8a88756d709a130357f0ef825d1d19b1c6
real_life,computer mouse,Adaptiope/real_life/computer mouse/computer mouse_030.jpg,computer mouse_030.jpg,136268,57dc1f2091267aaf979d614a4fc0a7562bc3e17a27a167675ba288fbc9777371
real_life,computer mouse,Adaptiope/real_life/computer mouse/computer mouse_061.jpg,computer mouse_061.jpg,162032,7526851c969b12182ba1567c3bf45e88422a0c4febc0856eab864afef2a14cee
real_life,computer mouse,Adaptiope/real_life/computer mouse/computer mouse_054.jpg,computer mouse_054.jpg,85591,617d50897bb604232dcd388a5fb598b7d05b984e9e75ed8089ed7d3022415990
real_life,computer mouse,Adaptiope/real_life/computer mouse/computer mouse_098.jpg,computer mouse_098.jpg,93164,19edf471ab033c0df117a6a8e886d3f849c486de6a1f6a8fdc46711f54957f7b
real_life,computer mouse,Adaptiope/real_life/computer mouse/computer mouse_009.jpg,computer mouse_009.jpg,105474,1e850ad418808e10c78c9b7510e53f05fedc9eb6a141522e7d5b9f6a227ec837
real_life,computer mouse,Adaptiope/real_life/computer mouse/computer mouse_031.jpg,computer mouse_031.jpg,110643,ee0feabeaaaf8cb043df4cd4716f6bc5a63429065a8fb8aaae9a7b5c9fabbc81
real_life,computer mouse,Adaptiope/real_life/computer mouse/computer mouse_081.jpg,computer mouse_081.jpg,253865,26ef95ee3271be8b7bf8a0e8c9436bf9aaa473c4ff7f26bc3cd55e1b1fa88be3
real_life,computer mouse,Adaptiope/real_life/computer mouse/computer mouse_044.jpg,computer mouse_044.jpg,146004,bc558536b45aae6e3f0ecbc3ed3bd740b67fcf171d2cdda2cd24f1bd1555bbad
real_life,computer mouse,Adaptiope/real_life/computer mouse/computer mouse_070.jpg,computer mouse_070.jpg,291953,9bda68ac3d8ae5f43fbf282c98313b40c974be06d4805bc1b0fc1e8d86b5d17a
real_life,computer mouse,Adaptiope/real_life/computer mouse/computer mouse_042.jpg,computer mouse_042.jpg,90901,49731ea088e92a361e848e9693aad33c1c5364b778cd85dcf64a4bba22e19465
real_life,vr goggles,Adaptiope/real_life/vr goggles/vr goggles_027.jpg,vr goggles_027.jpg,143885,a8806058dc6b20886cecb6449723fcf9d6ea6dd425559838db904d154be998ca
real_life,vr goggles,Adaptiope/real_life/vr goggles/vr goggles_074.jpg,vr goggles_074.jpg,181404,27299a29b6e882c91edf21f9e38bf2471e21c688d73c38eae5a0b37fcefbe669
real_life,vr goggles,Adaptiope/real_life/vr goggles/vr goggles_056.jpg,vr goggles_056.jpg,188749,3ae105820a6b4e1ad46fbe95784d304c4b9651f29ebde704572d007a0c8da4f2
real_life,vr goggles,Adaptiope/real_life/vr goggles/vr goggles_022.jpg,vr goggles_022.jpg,146139,e611172f6f1f2661eef7646fa513df69daad840a38b4e7449865394fda40ac7a
real_life,vr goggles,Adaptiope/real_life/vr goggles/vr goggles_058.jpg,vr goggles_058.jpg,259829,17ce952fed299694b9bef7c738d06d505c8ab1871dfacfb4533df7594cab4daa
real_life,vr goggles,Adaptiope/real_life/vr goggles/vr goggles_035.jpg,vr goggles_035.jpg,95985,5658a02a96d8d09b322f07d8124aa2d46ccf3ec00ec66bbb5b380ebaed9b03d5
real_life,vr goggles,Adaptiope/real_life/vr goggles/vr goggles_031.jpg,vr goggles_031.jpg,188347,c2441bb94682df07fef9132768f59076564d3a6980885c0b461acd7df2292c34
real_life,vr goggles,Adaptiope/real_life/vr goggles/vr goggles_080.jpg,vr goggles_080.jpg,196550,55d61d8c59b6d1f269447b2b69f5f181646bc128521a0489e6b54b050b7cc364
real_life,vr goggles,Adaptiope/real_life/vr goggles/vr goggles_036.jpg,vr goggles_036.jpg,208439,411fce68b2b755a2f3cf40ba7265e8e833ba3ad8245e19ddf910f8d942dd0d1f
real_life,vr goggles,Adaptiope/real_life/vr goggles/vr goggles_006.jpg,vr goggles_006.jpg,172475,7933382673c8f9c7ebd68136054294677f2f032a9f888aba1a455bbe85177f0c
real_life,vr goggles,Adaptiope/real_life/vr goggles/vr goggles_075.jpg,vr goggles_075.jpg,131109,2ae4d3c2012ed106dd982e35e42953e5fbd7c03184c9b92820ce53f3fa070370
real_life,vr goggles,Adaptiope/real_life/vr goggles/vr goggles_048.jpg,vr goggles_048.jpg,163224,69a08df34a17eb0b3e14f08a56d5c78c18a638b433ef6b18867657efee975002
real_life,vr goggles,Adaptiope/real_life/vr goggles/vr goggles_060.jpg,vr goggles_060.jpg,213105,67009d18075190c3062fdae6bc5656cbc1da6adca5b28b11317c7360aebbbbc7
real_life,vr goggles,Adaptiope/real_life/vr goggles/vr goggles_067.jpg,vr goggles_067.jpg,73997,b36b520d904db975aa4ac7667c79911373168a5d3de9921b64cfb2cb4278434a
real_life,vr goggles,Adaptiope/real_life/vr goggles/vr goggles_070.jpg,vr goggles_070.jpg,252243,98bb7ea342cc3f251fb81825021605a6db6b2c88f70de48d2b70b5cec7550610
real_life,vr goggles,Adaptiope/real_life/vr goggles/vr goggles_018.jpg,vr goggles_018.jpg,215962,310f00e9b3a375f95b224c5ba90109e83350733edc44a076223a3fdd9762a129
real_life,vr goggles,Adaptiope/real_life/vr goggles/vr goggles_037.jpg,vr goggles_037.jpg,187202,39216f614f654a8a30aba3cdb427ae17bab766f9cc73fd97b5e2bfd65f5afd32
real_life,vr goggles,Adaptiope/real_life/vr goggles/vr goggles_084.jpg,vr goggles_084.jpg,111769,4188afc178c39928ad54dacb4657705053a160eef774490fc54c07d1bdfde902
real_life,vr goggles,Adaptiope/real_life/vr goggles/vr goggles_033.jpg,vr goggles_033.jpg,307010,afb189608da17f9000da99ca4606b0085298f0cccaec3c0db6de9d7a10247d1e
real_life,vr goggles,Adaptiope/real_life/vr goggles/vr goggles_002.jpg,vr goggles_002.jpg,125682,9452a72c5325b0cbe0a6ac9b99009af6395c271b2dc2c8d9d03780f2a241ccec
real_life,vr goggles,Adaptiope/real_life/vr goggles/vr goggles_016.jpg,vr goggles_016.jpg,270977,49918b367d53e4809b56dea28ecb14dc84ed9fa65aff979e72de1024a6834f2e
real_life,vr goggles,Adaptiope/real_life/vr goggles/vr goggles_032.jpg,vr goggles_032.jpg,247968,5b00e6afeac7ad6bbffe08b0505ee6e422b6520ddc171680a7f6119824c40861
real_life,vr goggles,Adaptiope/real_life/vr goggles/vr goggles_083.jpg,vr goggles_083.jpg,75722,9404c577b0d0e300b5ff7b40885acbff616ab04e98cba9fe48d7e34b83121bc4
real_life,vr goggles,Adaptiope/real_life/vr goggles/vr goggles_053.jpg,vr goggles_053.jpg,143890,624a506832c4b42acaf87ca51bef02b6402d51b692d2423ce8049e41d34e27d0
real_life,vr goggles,Adaptiope/real_life/vr goggles/vr goggles_012.jpg,vr goggles_012.jpg,158639,531feec869898c648489819476cdf4d39ae2652e4544f8975042271300760832
real_life,vr goggles,Adaptiope/real_life/vr goggles/vr goggles_001.jpg,vr goggles_001.jpg,121977,56c6a4123fcfd66f43be98d84f104e027275e4a3dec3c7558602b82abae13cd2
real_life,vr goggles,Adaptiope/real_life/vr goggles/vr goggles_091.jpg,vr goggles_091.jpg,142669,3d24da5790f14b2665d37beba98aa53e53c6893d88ef2136645617fb39e641f8
real_life,vr goggles,Adaptiope/real_life/vr goggles/vr goggles_007.jpg,vr goggles_007.jpg,114049,e163d39b4d7dff4f84b3720c074cbae5ad61353a541b6a7af8b00110de666875
real_life,vr goggles,Adaptiope/real_life/vr goggles/vr goggles_017.jpg,vr goggles_017.jpg,88468,a3f7f0003de90d98a9369bd1249827cc6f355e646ffb31ff362a5d9d46542bb6
real_life,vr goggles,Adaptiope/real_life/vr goggles/vr goggles_026.jpg,vr goggles_026.jpg,156393,7c1d94573bd1525bbc7353a9b4fdb7eec848cb080fc942498dc84cf4e65e43e2
real_life,vr goggles,Adaptiope/real_life/vr goggles/vr goggles_041.jpg,vr goggles_041.jpg,159838,9f1ee207af5c1259940548f7abd9f669f8085c1daa03c26dad78215c4f0ecfc1
real_life,vr goggles,Adaptiope/real_life/vr goggles/vr goggles_069.jpg,vr goggles_069.jpg,81792,28fab593cf8c91d694cefb964eabb156c1eff9300ccf06d3e29e8ded63508167
real_life,vr goggles,Adaptiope/real_life/vr goggles/vr goggles_047.jpg,vr goggles_047.jpg,158555,e597b934236e954adf9bbcf863b192c50438bb96992c894205e10b01a7a78dfd
real_life,vr goggles,Adaptiope/real_life/vr goggles/vr goggles_079.jpg,vr goggles_079.jpg,196198,7ea49a3e21e247baac7290f7eaac1966127b0ea153b5ac4a9a44122517895a7e
real_life,vr goggles,Adaptiope/real_life/vr goggles/vr goggles_078.jpg,vr goggles_078.jpg,134418,58881509716041774d827bee4ba8da544c40a0fc271ea233dd577be594c21012
real_life,vr goggles,Adaptiope/real_life/vr goggles/vr goggles_085.jpg,vr goggles_085.jpg,179561,3297d85018f4eda70247670e7b1e1b7081aa00ececad22183bc0be345f58f505
real_life,vr goggles,Adaptiope/real_life/vr goggles/vr goggles_064.jpg,vr goggles_064.jpg,188470,d4280346c809bcb5a5265faf06b8a81919aa8977295f9407a93ab45f72512e8d
real_life,vr goggles,Adaptiope/real_life/vr goggles/vr goggles_014.jpg,vr goggles_014.jpg,204392,53146deb826d0400978dcb5762bdce6c5b1c2c120da3d0db985243b7028a38f9
real_life,vr goggles,Adaptiope/real_life/vr goggles/vr goggles_003.jpg,vr goggles_003.jpg,162738,19c196c9b31d938b070927245e1aa6111d4ae971ea354f7f8a5714ba850677d1
real_life,vr goggles,Adaptiope/real_life/vr goggles/vr goggles_068.jpg,vr goggles_068.jpg,108413,4ddb51f75e9bab4a44d600980c7defc576f8f7fa772552a0027ad5caf1afd702
real_life,vr goggles,Adaptiope/real_life/vr goggles/vr goggles_044.jpg,vr goggles_044.jpg,61475,14b7028811449752ef76153cf8ca761921bee0c590427ad36c195bf17a464cc6
real_life,vr goggles,Adaptiope/real_life/vr goggles/vr goggles_065.jpg,vr goggles_065.jpg,141590,8ddc3d8c73ec77005837e7dde1514a1c56f71583a615496da80242198a43f61d
real_life,vr goggles,Adaptiope/real_life/vr goggles/vr goggles_004.jpg,vr goggles_004.jpg,146182,5aae47c3ff774f405ad28fb5fe9dd5ffd766dc76dac3432523ee80b21425d860
real_life,vr goggles,Adaptiope/real_life/vr goggles/vr goggles_015.jpg,vr goggles_015.jpg,434989,c18fa6e227234266b03d2047a6a58002bf38565fa3b60ca636d4f43cbdde9e6d
real_life,vr goggles,Adaptiope/real_life/vr goggles/vr goggles_072.jpg,vr goggles_072.jpg,215370,5dc92816dbc12a256d83ed2a89214f7913351cfb5819ef5dc66e91a9039560a3
real_life,vr goggles,Adaptiope/real_life/vr goggles/vr goggles_042.jpg,vr goggles_042.jpg,165022,1b589bcf42816e2f829e556216939e934b8c032e922a24803d378695625aff35
real_life,vr goggles,Adaptiope/real_life/vr goggles/vr goggles_008.jpg,vr goggles_008.jpg,247490,0cdae8005bbf7886e1555c875b85b515be47916fe25505ec4c686533baf1bcd6
real_life,vr goggles,Adaptiope/real_life/vr goggles/vr goggles_077.jpg,vr goggles_077.jpg,54948,6065832b76aef09f5facf21bfde5d22361e7036c3d1687b181637a7debd00078
real_life,vr goggles,Adaptiope/real_life/vr goggles/vr goggles_087.jpg,vr goggles_087.jpg,257131,3f242926119acd5acf7026f8835eb255c11d25dae0042d577dea1a5a5e040b24
real_life,vr goggles,Adaptiope/real_life/vr goggles/vr goggles_023.jpg,vr goggles_023.jpg,299457,044b9cb4b08440dea4334dc1cd86692157646cbb0a18f23bd6c395d0e0268901
real_life,vr goggles,Adaptiope/real_life/vr goggles/vr goggles_040.jpg,vr goggles_040.jpg,118686,f1a12ee5fcbf99e3641bf1f778aeae878b78ac4301f03b03bc1a4f73c092d69e
real_life,vr goggles,Adaptiope/real_life/vr goggles/vr goggles_000.jpg,vr goggles_000.jpg,223587,e5cd14a0a1af3855c07c44dc056ff051f8365ed3ec5f5b4c41bf428f148bb3c3
real_life,vr goggles,Adaptiope/real_life/vr goggles/vr goggles_066.jpg,vr goggles_066.jpg,171978,19f8218b19d4c894636553bf9059e8183f8d2597bb8aeee23f3fe454c93d327a
real_life,vr goggles,Adaptiope/real_life/vr goggles/vr goggles_011.jpg,vr goggles_011.jpg,225363,28a6e6935c17bad6ef7445e1884676a513b253ada04351d3eb526a8b2c8a77a9
real_life,vr goggles,Adaptiope/real_life/vr goggles/vr goggles_081.jpg,vr goggles_081.jpg,440903,6e2b749adffeae2f1a8fdee012c221888b16c7e7d2113905ae47b6726b5e722c
real_life,vr goggles,Adaptiope/real_life/vr goggles/vr goggles_038.jpg,vr goggles_038.jpg,124662,3f5a50455a649390c4813de97d8ebb2a16a4964e60ca43e1538349fe4d1daa91
real_life,vr goggles,Adaptiope/real_life/vr goggles/vr goggles_089.jpg,vr goggles_089.jpg,216633,1833b1b8fa79b06f271b722feb04f8cace13ca009f53da01be450eac1b4bab06
real_life,vr goggles,Adaptiope/real_life/vr goggles/vr goggles_073.jpg,vr goggles_073.jpg,326735,c0f1eba2ccf9531fb8104edc7d0693e35cae8952f53c6ca2570fa135f2602f98
real_life,vr goggles,Adaptiope/real_life/vr goggles/vr goggles_076.jpg,vr goggles_076.jpg,232332,3747ab5c7890ca7d5e41f36256b8ae7430e3980176fa11511d79f331be5d7386
real_life,vr goggles,Adaptiope/real_life/vr goggles/vr goggles_010.jpg,vr goggles_010.jpg,124098,3b765951baf078b25494b55db0815a8553156c324c3b3feab7e13d9a964ba9e4
real_life,vr goggles,Adaptiope/real_life/vr goggles/vr goggles_039.jpg,vr goggles_039.jpg,139192,f070b85de5e2d9ea0252976abce6621c44727fde6462c53058070c747549c6bc
real_life,vr goggles,Adaptiope/real_life/vr goggles/vr goggles_071.jpg,vr goggles_071.jpg,146871,7f78127d697a1ad24dc205165648bf4da5be429fbd76612317900e61057eace8
real_life,vr goggles,Adaptiope/real_life/vr goggles/vr goggles_025.jpg,vr goggles_025.jpg,212218,e5078305fd568cf4cf3935e755af7bc00216c5d8ed2d372a1caa4f037859d149
real_life,vr goggles,Adaptiope/real_life/vr goggles/vr goggles_098.jpg,vr goggles_098.jpg,261809,b9344c5fe6ef57d45f2b86b5f6d4284bf75830f1780207449596526fd2a8bb52
real_life,vr goggles,Adaptiope/real_life/vr goggles/vr goggles_050.jpg,vr goggles_050.jpg,116401,69f5cd89c4a10727126ea094ad52b1e3ead43383cc928ad873df43d265b8b320
real_life,vr goggles,Adaptiope/real_life/vr goggles/vr goggles_046.jpg,vr goggles_046.jpg,233928,ae38de2c1e040e1d1131d17d50340bf026f9cfd12de1788d1b4b4896dfbd31ea
real_life,vr goggles,Adaptiope/real_life/vr goggles/vr goggles_019.jpg,vr goggles_019.jpg,131501,0a1913515678038ea8dface07f79f3dc818e91799e423701a9d3fe94a8f07671
real_life,vr goggles,Adaptiope/real_life/vr goggles/vr goggles_024.jpg,vr goggles_024.jpg,55803,5dae384550118c54bd9768fdd889ab429bb9a3e6d91ee3c5ad3c94ef54a814b7
real_life,vr goggles,Adaptiope/real_life/vr goggles/vr goggles_090.jpg,vr goggles_090.jpg,229430,1160c18841cf61da5aa1b456826b7d3a4a324df2c2221f666ff47ce8a5081b60
real_life,vr goggles,Adaptiope/real_life/vr goggles/vr goggles_055.jpg,vr goggles_055.jpg,65935,905f5b115b9d83636fa76d28122ffe636fe2027430b70e8f9f310a447b1cdc3f
real_life,vr goggles,Adaptiope/real_life/vr goggles/vr goggles_049.jpg,vr goggles_049.jpg,399932,11e1e563e0647163544e4126edd74d95ffb10f2576ddc2e689b8efcc1defa97b
real_life,vr goggles,Adaptiope/real_life/vr goggles/vr goggles_061.jpg,vr goggles_061.jpg,157660,772031864f0c1d2d2422b36cc250e78bdc9a91deb0e6b939e0adc6a689e4290f
real_life,vr goggles,Adaptiope/real_life/vr goggles/vr goggles_009.jpg,vr goggles_009.jpg,28873,d62e8bde440769634f6abeed93f1ade4d8e6396e37c6a076e9c3cb5991fa0bb0
real_life,vr goggles,Adaptiope/real_life/vr goggles/vr goggles_096.jpg,vr goggles_096.jpg,194891,be2ee5bfb348e48f8eb6bc6fe784233b0b5ec62df2786263708e9034a390c5cb
real_life,vr goggles,Adaptiope/real_life/vr goggles/vr goggles_097.jpg,vr goggles_097.jpg,76317,c96d1d37f87a2729726e3321438dd98f689af1039e4a96c48157b194487d1913
real_life,vr goggles,Adaptiope/real_life/vr goggles/vr goggles_092.jpg,vr goggles_092.jpg,214921,5ac9146fd570e3210f89832cd3688c89ff34f09129a605bfe63157b3d5ddc882
real_life,vr goggles,Adaptiope/real_life/vr goggles/vr goggles_045.jpg,vr goggles_045.jpg,150449,56c699bea1361def2b66368f757cecbe1765df95687f1a8cad4c11a46b268617
real_life,vr goggles,Adaptiope/real_life/vr goggles/vr goggles_062.jpg,vr goggles_062.jpg,86926,61a3571e59b11236a9fe9c5628e73542d4ba7ccc0cfbef2a17adbbab76895a68
real_life,vr goggles,Adaptiope/real_life/vr goggles/vr goggles_063.jpg,vr goggles_063.jpg,110580,c215d2e59edff695b22f2dc0678f2900d42787f0512c5dc41896f77f4a2f4ef2
real_life,vr goggles,Adaptiope/real_life/vr goggles/vr goggles_086.jpg,vr goggles_086.jpg,150020,8130c99c277fc393beb2b543d6f0ad9e21c1504ea010628056ffe5b31b295b5c
real_life,vr goggles,Adaptiope/real_life/vr goggles/vr goggles_052.jpg,vr goggles_052.jpg,57474,a6f666b35d413a7e10f35653fc3e2eb0c1ff8a963a6ddc70a991005fa991eb23
real_life,vr goggles,Adaptiope/real_life/vr goggles/vr goggles_034.jpg,vr goggles_034.jpg,134371,79db5490d791f34d37cae609db9efca31bb99792b7f46748299747c5bbb7296b
real_life,vr goggles,Adaptiope/real_life/vr goggles/vr goggles_005.jpg,vr goggles_005.jpg,301508,c239dd5463d725f3825ac5928ebe10a95f819f3e83953731cdb81b33cc8fc4c7
real_life,vr goggles,Adaptiope/real_life/vr goggles/vr goggles_094.jpg,vr goggles_094.jpg,125241,6271aba7a02469384339113f5c7b7775b6b8f44e7a50bfc50c21cd35a9fba511
real_life,vr goggles,Adaptiope/real_life/vr goggles/vr goggles_020.jpg,vr goggles_020.jpg,128059,abd107733aa4ae54b8c4878cd20a05f7c794229da1473fca1c0ed416fbe3bf9b
real_life,vr goggles,Adaptiope/real_life/vr goggles/vr goggles_051.jpg,vr goggles_051.jpg,112257,05e25094654efa802172b36c85c5909765586492c3691b277cb6b8fae90cf3d7
real_life,vr goggles,Adaptiope/real_life/vr goggles/vr goggles_013.jpg,vr goggles_013.jpg,131434,87b73630b577156682c3d9f97f873608fcff3f15839d63a44b5400e167cec5bc
real_life,vr goggles,Adaptiope/real_life/vr goggles/vr goggles_030.jpg,vr goggles_030.jpg,258251,1cf667d9cf0a037ce2bbbc049ff4b31883ff1f233d3231e3f6633b47f0b8b4cc
real_life,vr goggles,Adaptiope/real_life/vr goggles/vr goggles_099.jpg,vr goggles_099.jpg,180709,9d0edbaac93661b55d2941edaec27c1053dcf9fdfda8511e09afe7c1213b84dd
real_life,vr goggles,Adaptiope/real_life/vr goggles/vr goggles_082.jpg,vr goggles_082.jpg,143757,bc07d16dabba689ac5959a580bbb9fe21b7e4079fbaa92dd93d5e922f38f6271
real_life,vr goggles,Adaptiope/real_life/vr goggles/vr goggles_054.jpg,vr goggles_054.jpg,124628,81c66411c668f82e66bbede8af88565953cff98bb850b9c18d4561b0cdabb8e3
real_life,vr goggles,Adaptiope/real_life/vr goggles/vr goggles_029.jpg,vr goggles_029.jpg,14286,9e4de2127d89e43c5903cb95d4694a10e8f92428dbc54033a36ed2bf97edffa3
real_life,vr goggles,Adaptiope/real_life/vr goggles/vr goggles_028.jpg,vr goggles_028.jpg,136655,6967f7211da38ddf205a9f201541e8e76d8e0866bb7cfec86a9c0910a3b64bea
real_life,vr goggles,Adaptiope/real_life/vr goggles/vr goggles_059.jpg,vr goggles_059.jpg,241191,b3f6f54c5acf3dd02464e4951186569b08b64dc93699c4221b5aaee88c1d0daa
real_life,vr goggles,Adaptiope/real_life/vr goggles/vr goggles_088.jpg,vr goggles_088.jpg,80767,e28ab5f4f39413e2da666c678bc5d654c729ebaa716c9d01e785d9f5214758c4
real_life,vr goggles,Adaptiope/real_life/vr goggles/vr goggles_093.jpg,vr goggles_093.jpg,134621,6e803dadcd96e1bc3ebb6fb4b5d420c48e69a6090964fb9ace57738637284451
real_life,vr goggles,Adaptiope/real_life/vr goggles/vr goggles_057.jpg,vr goggles_057.jpg,94415,29b40d78264fa5ff72165932d9c1df0138f635b0ad36958983e35fb31fa9a971
real_life,vr goggles,Adaptiope/real_life/vr goggles/vr goggles_021.jpg,vr goggles_021.jpg,229312,f4a8e0227308670334f6ab399210caaff9fa4290a8a4f2e4350ebc6eb28c4e95
real_life,vr goggles,Adaptiope/real_life/vr goggles/vr goggles_043.jpg,vr goggles_043.jpg,227145,278f576f159eb0df4037e07ddb296551a6c042b73f3b6dbfafb5b32e125ef236
real_life,vr goggles,Adaptiope/real_life/vr goggles/vr goggles_095.jpg,vr goggles_095.jpg,60018,d1de09a2b164009a8d39f47b314f649aff24a5abb1160de19200151f60d67789
real_life,speakers,Adaptiope/real_life/speakers/speakers_076.jpg,speakers_076.jpg,152823,a480c3525db5f97c329f92d064cb675b7cc19c81442dd2d974a2371127c24d38
real_life,speakers,Adaptiope/real_life/speakers/speakers_058.jpg,speakers_058.jpg,281555,cded3aa686075c11887a474b392d10074b27d90ba1968f7d2be9767bfa2404e8
real_life,speakers,Adaptiope/real_life/speakers/speakers_009.jpg,speakers_009.jpg,93183,6a8e5a5202eb59ce3fb35e3a51e02e1a13a0066df919698820ed55e7eb10427c
real_life,speakers,Adaptiope/real_life/speakers/speakers_015.jpg,speakers_015.jpg,93905,df0c57ca3838841f2d82c891a2acdf4b4ae863bd04594263d68f536e54a852fe
real_life,speakers,Adaptiope/real_life/speakers/speakers_003.jpg,speakers_003.jpg,126304,5640df3f4b7d4b6e9412869dc9e336be1eac352bd557a12fd5998b277682c850
real_life,speakers,Adaptiope/real_life/speakers/speakers_087.jpg,speakers_087.jpg,119680,e5161f083b5ac446b88e1ceef29f3400e03711212ded6fc4cf668e29a715c04c
real_life,speakers,Adaptiope/real_life/speakers/speakers_012.jpg,speakers_012.jpg,140479,20121022a5a3adc6f569094c7cd098d364adb9090bef2c96191218709d8bfb84
real_life,speakers,Adaptiope/real_life/speakers/speakers_083.jpg,speakers_083.jpg,148866,d66026d82a2df7bc24dfd424e5ca76c0707b1d59cebb5750b226131b976555fe
real_life,speakers,Adaptiope/real_life/speakers/speakers_025.jpg,speakers_025.jpg,177734,d7874a4b28ff5e04bd32cf974b6a2b4a3e75bf3739770598f078e5dffbe2c4b7
real_life,speakers,Adaptiope/real_life/speakers/speakers_069.jpg,speakers_069.jpg,55880,4e9ebdfac074a2a09de9f5494ccc1aed80a702cf568300a58f0cf3828c52654e
real_life,speakers,Adaptiope/real_life/speakers/speakers_075.jpg,speakers_075.jpg,95132,59d6340b170827a8a2ad8c32c6e721a4cfad104b62174ecdca26c5bf45f98271
real_life,speakers,Adaptiope/real_life/speakers/speakers_028.jpg,speakers_028.jpg,155495,5c5abe60ae5ae3f8c205a21c2570e42bb5b463626bca3df3c9683ec1710fa763
real_life,speakers,Adaptiope/real_life/speakers/speakers_029.jpg,speakers_029.jpg,174403,72e7397ce680d2b6f1819ad596c41522189e72ea5ccaf5e9fb96942af66a3212
real_life,speakers,Adaptiope/real_life/speakers/speakers_008.jpg,speakers_008.jpg,106784,e1e066c50c57f8401a796207b89cdf848e6ffe5c75e59aa00a1978d7fe6ded34
real_life,speakers,Adaptiope/real_life/speakers/speakers_095.jpg,speakers_095.jpg,185686,7e2f098e3711261c43e1ab8e19468a7486f95a4a552aff3376505758f1563bc3
real_life,speakers,Adaptiope/real_life/speakers/speakers_036.jpg,speakers_036.jpg,30032,2e499d954682ec93d19b78923bd66f884db012070c7a7c56042b87fd45e27f5e
real_life,speakers,Adaptiope/real_life/speakers/speakers_016.jpg,speakers_016.jpg,163599,a23d55083fccd00d78805dc90ee1dce7ff51f9d65a81838d1581c518ef5f8825
real_life,speakers,Adaptiope/real_life/speakers/speakers_011.jpg,speakers_011.jpg,200660,09f64bf1dbeced6380dabcc936a085ede5a4733c73e8e00280a3e3ecdc4abcbc
real_life,speakers,Adaptiope/real_life/speakers/speakers_021.jpg,speakers_021.jpg,81972,f0c688a8bcdd3eb665a311d45ecdf16c80fb3f937d6493d32877bb0f52117a8b
real_life,speakers,Adaptiope/real_life/speakers/speakers_034.jpg,speakers_034.jpg,114592,ea6e67030463db705ad45c69157915303579e23124aceb8a16715203978da8b5
real_life,speakers,Adaptiope/real_life/speakers/speakers_005.jpg,speakers_005.jpg,346114,e4803faf1211843fd9aefd069335ff203032655591eac6b15081010b0c06ab32
real_life,speakers,Adaptiope/real_life/speakers/speakers_057.jpg,speakers_057.jpg,245500,7b1fe830724cd05f0f036001f9940a8be8f557928ffbe8cbf3d96aca7b6ad03a
real_life,speakers,Adaptiope/real_life/speakers/speakers_014.jpg,speakers_014.jpg,158676,75cbdc3d7dfe67f2fba336fc74a7cf2ba3f2159ffbaf11c45fa961c8e1cbac06
real_life,speakers,Adaptiope/real_life/speakers/speakers_061.jpg,speakers_061.jpg,380415,149d3884fa52a04aa12d346eada7aef317a015825d46acead4b91e9708456d9b
real_life,speakers,Adaptiope/real_life/speakers/speakers_089.jpg,speakers_089.jpg,359849,0121efc1eba37a92c93e909a900ca982b49b56456ce2e58d457619c8c3277cbf
real_life,speakers,Adaptiope/real_life/speakers/speakers_017.jpg,speakers_017.jpg,117598,b4f519c5c7c33328dc9b2a6c3d229dbb5f336f7248334d88b95a85fed583b85e
real_life,speakers,Adaptiope/real_life/speakers/speakers_007.jpg,speakers_007.jpg,151657,443c681ccd43cdd8a63beba4eb7df0beb3ee47063a3aa055f11e2156e0056ad2
real_life,speakers,Adaptiope/real_life/speakers/speakers_056.jpg,speakers_056.jpg,330172,82faefda4c752ef171408910d67b5fe89551251f2e443113b83bbdb045108e5b
real_life,speakers,Adaptiope/real_life/speakers/speakers_049.jpg,speakers_049.jpg,212252,d6392dc7b6d17b1389ee9241dfc75e255036654231da497025e1cafb158ebba3
real_life,speakers,Adaptiope/real_life/speakers/speakers_037.jpg,speakers_037.jpg,69419,1d67eee09c11bb246f0b9639b8a32daef35c78b72cd6cd93e0b35d7e9df7c7c1
real_life,speakers,Adaptiope/real_life/speakers/speakers_074.jpg,speakers_074.jpg,78258,41468b00f240751f3b81deafcdc23d9c114d2671b8aae7873d47e9d36eb3974e
real_life,speakers,Adaptiope/real_life/speakers/speakers_063.jpg,speakers_063.jpg,122495,7c8079f2d5dff4c4840c122e81dcbd345a1f568872cd297df2fc0ddd0f0351f2
real_life,speakers,Adaptiope/real_life/speakers/speakers_066.jpg,speakers_066.jpg,31114,05853a876b5a3cbd13d0db25f71520cf3e3f31148ba461666e55d670f35fb9d3
real_life,speakers,Adaptiope/real_life/speakers/speakers_024.jpg,speakers_024.jpg,134337,45f2cb250655489658aa8d0f74195c1a41de212cda8f123d73f8fc5e5a0d6557
real_life,speakers,Adaptiope/real_life/speakers/speakers_054.jpg,speakers_054.jpg,241820,0a56f7ac9a5530cfa183af890a736265e755259f0d95cae5e2312af47e0754f0
real_life,speakers,Adaptiope/real_life/speakers/speakers_051.jpg,speakers_051.jpg,49254,1d633902301aebc6e24a542cd06c605f618fe13c35e3c0feccca5d82e6ce1955
real_life,speakers,Adaptiope/real_life/speakers/speakers_081.jpg,speakers_081.jpg,144082,68b3f0ad776b46824721662898abf73ffd43f5752106e27a4c3e6878b4e95f1c
real_life,speakers,Adaptiope/real_life/speakers/speakers_099.jpg,speakers_099.jpg,119041,86cc07017df574d352d67fddeed9897527e195a2497b054cc4b1f5de5571567b
real_life,speakers,Adaptiope/real_life/speakers/speakers_085.jpg,speakers_085.jpg,38263,9bacf8ebed7ef4ade0c153a8d98300c519f965299465fd329543c0a1628c2102
real_life,speakers,Adaptiope/real_life/speakers/speakers_038.jpg,speakers_038.jpg,235359,4ca5e81772ea854628e90fa7d9ecfb50a1cc4669397d317680fa0d95dfe677ec
real_life,speakers,Adaptiope/real_life/speakers/speakers_071.jpg,speakers_071.jpg,51953,f854377b684069a0b6f604d33564a5aec61e923f81938789e9fcafc3ab143697
real_life,speakers,Adaptiope/real_life/speakers/speakers_067.jpg,speakers_067.jpg,148955,380e9da60711cc1f6d07ebf068ca001c83a67ce4b6d5ac69c920f68be0c02fde
real_life,speakers,Adaptiope/real_life/speakers/speakers_032.jpg,speakers_032.jpg,72254,d24a872d36a66ebc66a11200345132e6b836340e66a948c0d23d5a4c63b9763c
real_life,speakers,Adaptiope/real_life/speakers/speakers_044.jpg,speakers_044.jpg,243958,f872499c375745d3d8318a36d93e02b70fba625798514c97643c8e47dfda0ce4
real_life,speakers,Adaptiope/real_life/speakers/speakers_077.jpg,speakers_077.jpg,58897,6619ca4fed336ab70f52047bf530d2f4902e70d6dc5ff24217ac494d1bf99c50
real_life,speakers,Adaptiope/real_life/speakers/speakers_060.jpg,speakers_060.jpg,203905,a97ad1c8128e1880410a82c4abd912694cd42ef8d4800cdd180eb25af840dafc
real_life,speakers,Adaptiope/real_life/speakers/speakers_086.jpg,speakers_086.jpg,403636,347265271882be4d895cea0ed968b65205cdf87eaed171feebf6b0d2be8df990
real_life,speakers,Adaptiope/real_life/speakers/speakers_062.jpg,speakers_062.jpg,136249,7cdb0d875ee6852c8a6f8aadb39752337523d5cafc8e08551bf6bf50d9282aef
real_life,speakers,Adaptiope/real_life/speakers/speakers_078.jpg,speakers_078.jpg,166791,f114b654c1842aa2051e58b130459faa03089788901a2a30bd20e005978ebb01
real_life,speakers,Adaptiope/real_life/speakers/speakers_092.jpg,speakers_092.jpg,288012,2b67caa3bf2862c74cb8ea82b1899b53b6843a1601b0bf34978d802ba1bbdbfd
real_life,speakers,Adaptiope/real_life/speakers/speakers_018.jpg,speakers_018.jpg,152089,eec51b548d6650302f1388d44d7480c65e54aa2d654f03eb7625aba1475eacd5
real_life,speakers,Adaptiope/real_life/speakers/speakers_013.jpg,speakers_013.jpg,162989,f03a938c95126deb9e0382cba0186075e558a209cf807a26355216bb93019d0b
real_life,speakers,Adaptiope/real_life/speakers/speakers_079.jpg,speakers_079.jpg,127146,3aa8e371d426ff8976791cedb6df26bd4c73dffb6c4e8f682e622936fa59ad9d
real_life,speakers,Adaptiope/real_life/speakers/speakers_084.jpg,speakers_084.jpg,20757,c2b9b94f0b910527abfa5e85136cdb27a9d00902327fe2faa07e6e1941806332
real_life,speakers,Adaptiope/real_life/speakers/speakers_070.jpg,speakers_070.jpg,293550,d59618a3b42b8612afb3554915e082461e201b264abfb8f84de0106cb67756ec
real_life,speakers,Adaptiope/real_life/speakers/speakers_010.jpg,speakers_010.jpg,94370,ccd879e4b3b6161ff9b2f33dc3dbf59818d3f1f9e19bb5c061241f5c364c9058
real_life,speakers,Adaptiope/real_life/speakers/speakers_031.jpg,speakers_031.jpg,197561,ceebdcc21d5de1ceb1ac510448dd914b280b8044aa4e8f5c584a1c05486b027b
real_life,speakers,Adaptiope/real_life/speakers/speakers_068.jpg,speakers_068.jpg,163398,c653a41c0ddafbcbda0208239c0ae768b40af217ee2dad37c7f0aaab08c2e57c
real_life,speakers,Adaptiope/real_life/speakers/speakers_023.jpg,speakers_023.jpg,153480,2d6f46bbc38812866169eacc266a20fd5d0d8a14bf6be0cf7da2bbc5f49f5428
real_life,speakers,Adaptiope/real_life/speakers/speakers_019.jpg,speakers_019.jpg,182800,957bd2854bf551be58fcd9dacd18b6780b6303a2007ef69ce069138025837f35
real_life,speakers,Adaptiope/real_life/speakers/speakers_001.jpg,speakers_001.jpg,310871,29559fd806d1599e74268ceb46d92881b35e827f271e0ba680569637fb32245c
real_life,speakers,Adaptiope/real_life/speakers/speakers_082.jpg,speakers_082.jpg,180198,af3209446b57a018b9e066db21c371b8a41ddb85c8d2ca39501e57bf13eff6ef
real_life,speakers,Adaptiope/real_life/speakers/speakers_072.jpg,speakers_072.jpg,415189,818799339575a3131f5081089bbf0d8ddbab9ba82de9fdb46b217a42bdc3c249
real_life,speakers,Adaptiope/real_life/speakers/speakers_096.jpg,speakers_096.jpg,214436,cf2458112fbe2447cf0decc5feaf8f27c43d80a523be77ecbb6185f5a83e6970
real_life,speakers,Adaptiope/real_life/speakers/speakers_045.jpg,speakers_045.jpg,173153,5182c8c8e62e551bb473b9a5ea062a2e6cf94c0bc85a31523130bdf37e6d704c
real_life,speakers,Adaptiope/real_life/speakers/speakers_055.jpg,speakers_055.jpg,272618,1f74ef434ea31c372f9596fad5660bb42768220404fdcbf23493f06237cad2a1
real_life,speakers,Adaptiope/real_life/speakers/speakers_093.jpg,speakers_093.jpg,23519,009a547e8ab6f1b2c35f234fcf703c6ac4a0bb150e225cd9bb95c89e7e4443ef
real_life,speakers,Adaptiope/real_life/speakers/speakers_065.jpg,speakers_065.jpg,387551,6725fb5d7027744fb57963ff1fbad919a9e5c0098fa90d49b5489ce11b9d65f0
real_life,speakers,Adaptiope/real_life/speakers/speakers_006.jpg,speakers_006.jpg,127406,c846e6c8fc33b202c230dfd2a4af3ec6babda49635e78d1aa8d2b159650e0d2a
real_life,speakers,Adaptiope/real_life/speakers/speakers_088.jpg,speakers_088.jpg,133879,d6ff260d291f5bceb4ef8827b48a5b5cfd7e7e02570e7d95bca66a07faf4bc61
real_life,speakers,Adaptiope/real_life/speakers/speakers_090.jpg,speakers_090.jpg,192043,a73fbf2124cea769070687f73e393155cda111e889fd331cc170c1c72cb80ef4
real_life,speakers,Adaptiope/real_life/speakers/speakers_080.jpg,speakers_080.jpg,333810,53bf23772a581441d288e70643a5c4ba40f26e1084b3e5b893db5d0d72b24a94
real_life,speakers,Adaptiope/real_life/speakers/speakers_002.jpg,speakers_002.jpg,190885,5807d4a8e65528fbfff31b769f5402873652fa021b462796b6054c2de1618e4e
real_life,speakers,Adaptiope/real_life/speakers/speakers_094.jpg,speakers_094.jpg,122999,0a4dbb14db8f503390212f41ab3967fbac47aec9d6a8148521c8f730c4769b30
real_life,speakers,Adaptiope/real_life/speakers/speakers_048.jpg,speakers_048.jpg,33567,be379e4b6f7bb013d4bbaddec9428391154c3822f6569eb21bde1830de30eec4
real_life,speakers,Adaptiope/real_life/speakers/speakers_046.jpg,speakers_046.jpg,146430,a1ca088152833e6a3eefa1b47a49e4450c1fdfd103293ea40130232559e09036
real_life,speakers,Adaptiope/real_life/speakers/speakers_030.jpg,speakers_030.jpg,237686,683e689ba633bb3584a145b2c022753ef4f0ff9dd0372b4686c7c4899f09aa8d
real_life,speakers,Adaptiope/real_life/speakers/speakers_033.jpg,speakers_033.jpg,109669,2c89f1dbdf1cd17142d7b483a1764adee6ed49e98b318739f782d59033a64c14
real_life,speakers,Adaptiope/real_life/speakers/speakers_073.jpg,speakers_073.jpg,110968,028a537183ae7ad064f3d99e3c665e4ab7761cd86ce9f41d9b130538acc873a4
real_life,speakers,Adaptiope/real_life/speakers/speakers_041.jpg,speakers_041.jpg,227956,36562aab9a80b3c6978e08ceb35cbbb844ca8b4e955eeb946d784d998a9c1afa
real_life,speakers,Adaptiope/real_life/speakers/speakers_026.jpg,speakers_026.jpg,158171,150396904015cf30590e5ba42d3a2a35c65ed263916e5fe9588a86a207af2792
real_life,speakers,Adaptiope/real_life/speakers/speakers_042.jpg,speakers_042.jpg,242769,2170d2ee97a29f303f58c3b66c7720e23c19514e7bc69630ab8e843f85b527d5
real_life,speakers,Adaptiope/real_life/speakers/speakers_097.jpg,speakers_097.jpg,328608,b0b1777ff1dea60181a564be817288d1dbb0fcbc708e3dcd088816ff3dd2fa5b
real_life,speakers,Adaptiope/real_life/speakers/speakers_040.jpg,speakers_040.jpg,397351,5bf1372ea4254ca562ef3d2dd34c767b511e1bc342d5772b6b79a9cef5a5e60b
real_life,speakers,Adaptiope/real_life/speakers/speakers_043.jpg,speakers_043.jpg,249550,f8627ddbf6d5bbd8cda28115ca5d2c1ca285167b9c0e22bc91cc95e3a8312a3f
real_life,speakers,Adaptiope/real_life/speakers/speakers_064.jpg,speakers_064.jpg,143274,9c654904db5839afea45ddef294e004de04f8da7e0aa2bce8afb32a8e4095d9c
real_life,speakers,Adaptiope/real_life/speakers/speakers_039.jpg,speakers_039.jpg,118959,1c671462e868d596fefd19387c3d6871dca529a6ac09665fa8bae5146a4fd31b
real_life,speakers,Adaptiope/real_life/speakers/speakers_027.jpg,speakers_027.jpg,171274,04538e451853e7bc7222085aeb581cb628766178524e674bd67b5519669fbd54
real_life,speakers,Adaptiope/real_life/speakers/speakers_050.jpg,speakers_050.jpg,58404,ebef92a83b5191bc5e8b4c5579c92348eeeb16eb088cf1389132c40d86ba9fa0
real_life,speakers,Adaptiope/real_life/speakers/speakers_052.jpg,speakers_052.jpg,357698,03099b95a54ca34f4dfe814d8f5f9e1f59383eea2ca03412e6d0988ac00d072b
real_life,speakers,Adaptiope/real_life/speakers/speakers_035.jpg,speakers_035.jpg,211929,a5784f9441a8baf7373417a9d8701e0357c75e094fe259ea477fb8e6b76e1ce9
real_life,speakers,Adaptiope/real_life/speakers/speakers_098.jpg,speakers_098.jpg,131262,e9a4cc1d58247478015815bac942b1f0c4fb4c24e3bbd915e1b6af9d399408b0
real_life,speakers,Adaptiope/real_life/speakers/speakers_053.jpg,speakers_053.jpg,183304,3d9216be8f9587f9a4c2968d0259681fe08cf7d01d8fda3917dead1aeb38768e
real_life,speakers,Adaptiope/real_life/speakers/speakers_047.jpg,speakers_047.jpg,236937,ac9d6b2353523f42eefb52436ea25069be1be92085c988df06bd4062a4c95787
real_life,speakers,Adaptiope/real_life/speakers/speakers_004.jpg,speakers_004.jpg,160328,53428a3e0d65dde45316235d7f9a84b5e58ae373da4677a3d6d8f2eba4e31c1d
real_life,speakers,Adaptiope/real_life/speakers/speakers_000.jpg,speakers_000.jpg,161360,4e9a9cbf80460146a3c6fd5721abe9f2299dd0f9f5493251be8cd2c057a7b68d
real_life,speakers,Adaptiope/real_life/speakers/speakers_091.jpg,speakers_091.jpg,151255,cb0120c1df08a6aafa14eb690742790b2a9c10649cdeabc4a0bf90fba8abe177
real_life,speakers,Adaptiope/real_life/speakers/speakers_059.jpg,speakers_059.jpg,144521,8be804fdbe446ec73d988d452e62daac16ffcdcec610187bf30b337c6bc8a4ac
real_life,speakers,Adaptiope/real_life/speakers/speakers_020.jpg,speakers_020.jpg,99623,5f4f7b3cb07ec5558368c338e3364bb41bcddf757d5b440ab80d0820a19f1f68
real_life,speakers,Adaptiope/real_life/speakers/speakers_022.jpg,speakers_022.jpg,231111,68b3ce34dfa362f67b9d2aa86d27be7077fcb1152275b6e33ebe803272b93e1f
